{
    "case": {
        "1": {
            "question": " Describe the patient personal information.  ",
            "answer": " A 26-year-old female was admitted for MHL.\n",
            "cleaned_answer": [
                "A 26-year-old female was admitted for MHL."
            ],
            "cleaned_answer_idx": [
                0
            ]
        },
        "2": {
            "question": " Describe the patient experience.  ",
            "answer": " At the age of 16 months, a mass measuring 9 cm \u00d7 8 cm with multiple septations in the right lobe of the liver was noted during the assessment of abdominal distension using ultrasonography (US) and magnetic resonance imaging (MRI) (Fig. 1A, 1B). Based on these findings, the patient was diagnosed with MHL. However, the scheduled hepatic mass resection was cancelled due to an upper respiratory infection. Since this mass did not cause any symptoms, the patient underwent regular sonographic follow-up every 2 years until the age of 10 years. Subsequently, the patient was lost to follow-up. At the age of 26 years, the patient returned to our clinic with abdominal pain lasting for 6 weeks. Computed tomography (CT) revealed an increase in mass size to 12.9 cm \u00d7 8.3 cm and a newly developed peripheral enhancing lesion in its posterior portion measuring 6 cm (Fig. 1C). Follow-up MRI and 18F-fluorodeoxyglucose positron emission tomography (PET) could not exclude malignant transformation (Fig. 1D, 1E). In addition, enlarged lymph nodes (LN) in the hepatoduodenal ligament and portocaval space were also identified. Mass excision with segment 5 and 6 hepatic segmentectomy (non-anatomical) and en bloc hilar LN dissection was performed. The mass was approached via an upper midline incision, and a mass measuring 16 cm was excised with a part of segments 5 and 6 of the liver parenchyma. Intraoperative frozen biopsy of the hilar LN showed no evidence of a tumor. Histopathological examination of the mass measuring 12.0 cm \u00d7 11.0 cm \u00d7 8.0 cm confirmed the diagnosis of iCCA in the background of MHL, with a T2N0M0 pathological stage (stage II). Although lymphatic and venous invasions were noted, the resection margin was free from tumor cells. Immunohistochemical analysis revealed cytokeratin (CK) 19 and p40 positivity and loss of p53 expression; thus, the final diagnosis was iCCA with squamous differentiation (Fig. 2). The patient recovered well postoperatively; however, a biloma was observed at the resection site, which required percutaneous drainage for 29 days. Furthermore, adjuvant chemotherapy (5-fluorouracil, 810 mg, six cycles) was initiated on postoperative day 60. After surgery and adjuvant chemotherapy, the serum levels of CEA and CA 19-9 decreased to 1.6 U/mL and 7 ng/mL, respectively (Fig. 3).\n",
            "cleaned_answer": [
                "At the age of 16 months, a mass measuring 9 cm \u00d7 8 cm with multiple septations in the right lobe of the liver was noted during the assessment of abdominal distension using ultrasonography (US) and magnetic resonance imaging (MRI) (Fig.",
                "1A, 1B).",
                "Based on these findings, the patient was diagnosed with MHL.",
                "However, the scheduled hepatic mass resection was cancelled due to an upper respiratory infection.",
                "Since this mass did not cause any symptoms, the patient underwent regular sonographic follow-up every 2 years until the age of 10 years.",
                "Subsequently, the patient was lost to follow-up.",
                "At the age of 26 years, the patient returned to our clinic with abdominal pain lasting for 6 weeks.",
                "Computed tomography (CT) revealed an increase in mass size to 12.9 cm \u00d7 8.3 cm and a newly developed peripheral enhancing lesion in its posterior portion measuring 6 cm (Fig.",
                "1C).",
                "Follow-up MRI and 18F-fluorodeoxyglucose positron emission tomography (PET) could not exclude malignant transformation (Fig.",
                "1D, 1E).",
                "In addition, enlarged lymph nodes (LN) in the hepatoduodenal ligament and portocaval space were also identified.",
                "Mass excision with segment 5 and 6 hepatic segmentectomy (non-anatomical) and en bloc hilar LN dissection was performed.",
                "The mass was approached via an upper midline incision, and a mass measuring 16 cm was excised with a part of segments 5 and 6 of the liver parenchyma.",
                "Intraoperative frozen biopsy of the hilar LN showed no evidence of a tumor.",
                "Histopathological examination of the mass measuring 12.0 cm \u00d7 11.0 cm \u00d7 8.0 cm confirmed the diagnosis of iCCA in the background of MHL, with a T2N0M0 pathological stage (stage II).",
                "Although lymphatic and venous invasions were noted, the resection margin was free from tumor cells.",
                "Immunohistochemical analysis revealed cytokeratin (CK) 19 and p40 positivity and loss of p53 expression; thus, the final diagnosis was iCCA with squamous differentiation (Fig.",
                "2).",
                "The patient recovered well postoperatively; however, a biloma was observed at the resection site, which required percutaneous drainage for 29 days.",
                "Furthermore, adjuvant chemotherapy (5-fluorouracil, 810 mg, six cycles) was initiated on postoperative day 60.",
                "After surgery and adjuvant chemotherapy, the serum levels of CEA and CA 19-9 decreased to 1.6 U/mL and 7 ng/mL, respectively (Fig.",
                "3)."
            ],
            "cleaned_answer_idx": [
                1,
                2,
                3,
                6,
                7,
                8,
                9,
                10,
                11,
                12,
                13,
                14,
                18,
                19,
                20,
                21,
                22,
                23,
                0,
                25,
                26,
                27,
                5
            ]
        },
        "3": {
            "question": " Did you notice any symptoms, such as a fever, cough, or respiratory issues?  ",
            "answer": " However, the scheduled hepatic mass resection was cancelled due to an upper respiratory infection.\n",
            "cleaned_answer": [
                "However, the scheduled hepatic mass resection was cancelled due to an upper respiratory infection."
            ],
            "cleaned_answer_idx": [
                6
            ]
        },
        "4": {
            "question": " What's the diagnosis?  ",
            "answer": " Based on these findings, the patient was diagnosed with MHL. Histopathological examination of the mass measuring 12.0 cm \u00d7 11.0 cm \u00d7 8.0 cm confirmed the diagnosis of iCCA in the background of MHL, with a T2N0M0 pathological stage (stage II). Thus, the final diagnosis was iCCA with squamous differentiation (Fig. 2).\n",
            "cleaned_answer": [
                "Based on these findings, the patient was diagnosed with MHL.",
                "Histopathological examination of the mass measuring 12.0 cm \u00d7 11.0 cm \u00d7 8.0 cm confirmed the diagnosis of iCCA in the background of MHL, with a T2N0M0 pathological stage (stage II).",
                "Immunohistochemical analysis revealed cytokeratin (CK) 19 and p40 positivity and loss of p53 expression; thus, the final diagnosis was iCCA with squamous differentiation (Fig.",
                "2)."
            ],
            "cleaned_answer_idx": [
                3,
                21,
                28,
                0
            ]
        },
        "5": {
            "question": " What's the direct evidence that points to this diagnosis?  ",
            "answer": " Histopathological examination of the mass measuring 12.0 cm \u00d7 11.0 cm \u00d7 8.0 cm confirmed the diagnosis of iCCA in the background of MHL, with a T2N0M0 pathological stage (stage II). Immunohistochemical analysis revealed cytokeratin (CK) 19 and p40 positivity and loss of p53 expression; thus, the final diagnosis was iCCA with squamous differentiation (Fig. 2).\n",
            "cleaned_answer": [
                "Histopathological examination of the mass measuring 12.0 cm \u00d7 11.0 cm \u00d7 8.0 cm confirmed the diagnosis of iCCA in the background of MHL, with a T2N0M0 pathological stage (stage II).",
                "Immunohistochemical analysis revealed cytokeratin (CK) 19 and p40 positivity and loss of p53 expression; thus, the final diagnosis was iCCA with squamous differentiation (Fig.",
                "2)."
            ],
            "cleaned_answer_idx": [
                21,
                23,
                0
            ]
        },
        "6": {
            "question": " What\u2019s the imaging (only provided the figure explanation here) suggest?  ",
            "answer": " $No$\n",
            "cleaned_answer": [
                "$No$"
            ],
            "cleaned_answer_idx": [
                "$$"
            ]
        },
        "7": {
            "question": " What\u2019s the examination suggest?  ",
            "answer": " Intraoperative frozen biopsy of the hilar LN showed no evidence of a tumor.\n",
            "cleaned_answer": [
                "Intraoperative frozen biopsy of the hilar LN showed no evidence of a tumor."
            ],
            "cleaned_answer_idx": [
                20
            ]
        },
        "8": {
            "question": " Is there any suggestion?  ",
            "answer": " $No$\"",
            "cleaned_answer": [
                "$No$\""
            ],
            "cleaned_answer_idx": [
                "$$"
            ]
        },
        "oneround_dict": {
            "input": "A 26-year-old female was admitted for MHL. 2). At the age of 16 months, a mass measuring 9 cm \u00d7 8 cm with multiple septations in the right lobe of the liver was noted during the assessment of abdominal distension using ultrasonography (US) and magnetic resonance imaging (MRI) (Fig. 1A, 1B). <?>",
            "groundtruth": "MHL, iCCA, squamous differentiation",
            "evidence": [
                "Based on these findings, the patient was diagnosed with MHL.",
                "Histopathological examination of the mass measuring 12.0 cm \u00d7 11.0 cm \u00d7 8.0 cm confirmed the diagnosis of iCCA in the background of MHL, with a T2N0M0 pathological stage (stage II).",
                "Immunohistochemical analysis revealed cytokeratin (CK) 19 and p40 positivity and loss of p53 expression; thus, the final diagnosis was iCCA with squamous differentiation (Fig.",
                "2)."
            ]
        },
        "multiround_dict": {
            "question1": "I am A 26-year-old female was admitted for MHL. 2). At the age of 16 months, a mass measuring 9 cm \u00d7 8 cm with multiple septations in the right lobe of the liver was noted during the assessment of abdominal distension using ultrasonography (US) and magnetic resonance imaging (MRI) (Fig. 1A, 1B). <?>. Could you consider all possible diseases based on my information?",
            "question2": "I also have done some examination,2).. Could you narrow down to a specific disease based on the examination? Only give me the disease name, and if there are different names for the same disease, list them separated by commas.",
            "groundtruth": "MHL, iCCA, squamous differentiation",
            "evidence": [
                "Based on these findings, the patient was diagnosed with MHL.",
                "Histopathological examination of the mass measuring 12.0 cm \u00d7 11.0 cm \u00d7 8.0 cm confirmed the diagnosis of iCCA in the background of MHL, with a T2N0M0 pathological stage (stage II).",
                "Immunohistochemical analysis revealed cytokeratin (CK) 19 and p40 positivity and loss of p53 expression; thus, the final diagnosis was iCCA with squamous differentiation (Fig.",
                "2)."
            ]
        }
    },
    "case report": {
        "1": {
            "question": " Describe the patient personal information.  ",
            "answer": " A 90-year-old male with a past medical history of paroxysmal atrial fibrillation, heart failure with preserved ejection fraction (HFpEF), premature ventricular contractions (PVCs), permanent pacemaker (PPM) placement for non-transmission syndrome of fascicular parasystole, sick sinus syndrome, chronic bradycardia.\n",
            "cleaned_answer": [
                "A 90-year-old male with a past medical history of paroxysmal atrial fibrillation, heart failure with preserved ejection fraction (HFpEF), premature ventricular contractions (PVCs), permanent pacemaker (PPM) placement for non-transmission syndrome of fascicular parasystole, sick sinus syndrome, chronic bradycardia."
            ],
            "cleaned_answer_idx": [
                0
            ]
        },
        "2": {
            "question": " Describe the patient experience.  ",
            "answer": " He presented 3 weeks earlier to our hospital with substernal chest pain and shortness of breath and was admitted with non-transmission PVC syndrome. He subsequently had a PPM implanted placed by the cardiologist. After discharge, he became progressively lethargic and his activities of daily living markedly decreased, prompting a visit to his primary care physician (PCP). During the encounter, his calcium level was noted to be elevated at 15 mg/dL. His PCP advised him to return to our hospital for further management. In the emergency room, he looked fatigued, pale, and dry. In the past 5 months, he reported constipation, decreased appetite, polyuria, and an unintentional 40-pound weight loss. He denied abdominal pain, bone pain, unusual mood changes, diarrhea, nausea, vomiting, use of any calcium supplements, new medications, and a history of cancer.\n",
            "cleaned_answer": [
                "He presented 3 weeks earlier to our hospital with substernal chest pain and shortness of breath and was admitted with non-transmission PVC syndrome.",
                "He subsequently had a PPM implanted placed by the cardiologist.",
                "After discharge, he became progressively lethargic and his activities of daily living markedly decreased, prompting a visit to his primary care physician (PCP).",
                "During the encounter, his calcium level was noted to be elevated at 15 mg/dL.",
                "His PCP advised him to return to our hospital for further management.",
                "In the emergency room, he looked fatigued, pale, and dry.",
                "In the past 5 months, he reported constipation, decreased appetite, polyuria, and an unintentional 40-pound weight loss.",
                "He denied abdominal pain, bone pain, unusual mood changes, diarrhea, nausea, vomiting, use of any calcium supplements, new medications, and a history of cancer."
            ],
            "cleaned_answer_idx": [
                1,
                2,
                3,
                4,
                5,
                6,
                7,
                8
            ]
        },
        "3": {
            "question": " Did you notice any symptoms, such as a fever, cough, or respiratory issues?  ",
            "answer": " He denied abdominal pain, bone pain, unusual mood changes, diarrhea, nausea, vomiting, use of any calcium supplements, new medications, and a history of cancer.\n",
            "cleaned_answer": [
                "He denied abdominal pain, bone pain, unusual mood changes, diarrhea, nausea, vomiting, use of any calcium supplements, new medications, and a history of cancer."
            ],
            "cleaned_answer_idx": [
                8
            ]
        },
        "4": {
            "question": " What's the diagnosis?  ",
            "answer": " These findings confirmed the diagnosis of THRLBCL.\n",
            "cleaned_answer": [
                "These findings confirmed the diagnosis of THRLBCL."
            ],
            "cleaned_answer_idx": [
                33
            ]
        },
        "5": {
            "question": " What's the direct evidence that points to this diagnosis?  ",
            "answer": " However, the bone marrow biopsy (Fig. 1) revealed large interstitial and paratrabecular lymphoid aggregates composed predominantly of small lymphocytes and scattered large, atypical lymphocytes with irregular multilobed nuclei. The large, atypical cells by immunohistochemistry (IHC) were positive for paired box 5 (PAX5, strong), octamer transcription factor-2 (OCT-2), CD79a, CD20, while negative for CD3, CD20, CD30, CD68, and Epstein-Barr virus-encoded small RNA (EBER). The small lymphocytes in the lymphoid aggregates were predominantly CD3-positive T-cells admixed with CD68-positive histiocytes and occasional small B-cells (CD20+/PAX5+/OCT-2+).\n",
            "cleaned_answer": [
                "However, the bone marrow biopsy (Fig.",
                "1) revealed large interstitial and paratrabecular lymphoid aggregates composed predominantly of small lymphocytes and scattered large, atypical lymphocytes with irregular multilobed nuclei.",
                "The large, atypical cells by immunohistochemistry (IHC) were positive for paired box 5 (PAX5, strong), octamer transcription factor-2 (OCT-2), CD79a, CD20, while negative for CD3, CD20, CD30, CD68, and Epstein-Barr virus-encoded small RNA (EBER).",
                "The small lymphocytes in the lymphoid aggregates were predominantly CD3-positive T-cells admixed with CD68-positive histiocytes and occasional small B-cells (CD20+/PAX5+/OCT-2+)."
            ],
            "cleaned_answer_idx": [
                27,
                28,
                29,
                30
            ]
        },
        "6": {
            "question": " What\u2019s the imaging (only provided the figure explanation here) suggest?  ",
            "answer": " $No$\n",
            "cleaned_answer": [
                "$No$"
            ],
            "cleaned_answer_idx": [
                "$$"
            ]
        },
        "7": {
            "question": " What\u2019s the examination suggest?  ",
            "answer": " $No$\n",
            "cleaned_answer": [
                "$No$"
            ],
            "cleaned_answer_idx": [
                "$$"
            ]
        },
        "8": {
            "question": " Is there any suggestion?  ",
            "answer": " $No$\u201d",
            "cleaned_answer": [
                "$No$\u201d"
            ],
            "cleaned_answer_idx": [
                "$$"
            ]
        },
        "oneround_dict": {
            "input": "A 90-year-old male with a past medical history of paroxysmal atrial fibrillation, heart failure with preserved ejection fraction (HFpEF), premature ventricular contractions (PVCs), permanent pacemaker (PPM) placement for non-transmission syndrome of fascicular parasystole, sick sinus syndrome, chronic bradycardia. He presented 3 weeks earlier to our hospital with substernal chest pain and shortness of breath and was admitted with non-transmission PVC syndrome. He subsequently had a PPM implanted placed by the cardiologist. After discharge, he became progressively lethargic and his activities of daily living markedly decreased, prompting a visit to his primary care physician (PCP). During the encounter, his calcium level was noted to be elevated at 15 mg/dL. His PCP advised him to return to our hospital for further management. In the emergency room, he looked fatigued, pale, and dry. In the past 5 months, he reported constipation, decreased appetite, polyuria, and an unintentional 40-pound weight loss. He denied abdominal pain, bone pain, unusual mood changes, diarrhea, nausea, vomiting, use of any calcium supplements, new medications, and a history of cancer. However, the bone marrow biopsy (Fig. 1) revealed large interstitial and paratrabecular lymphoid aggregates composed predominantly of small lymphocytes and scattered large, atypical lymphocytes with irregular multilobed nuclei. The large, atypical cells by immunohistochemistry (IHC) were positive for paired box 5 (PAX5, strong), octamer transcription factor-2 (OCT-2), CD79a, CD20, while negative for CD3, CD20, CD30, CD68, and Epstein-Barr virus-encoded small RNA (EBER). The small lymphocytes in the lymphoid aggregates were predominantly CD3-positive T-cells admixed with CD68-positive histiocytes and occasional small B-cells (CD20+/PAX5+/OCT-2+).",
            "groundtruth": "THRLBCL",
            "evidence": [
                "These findings confirmed the diagnosis of THRLBCL."
            ]
        },
        "multiround_dict": {
            "question1": "I am A 90-year-old male with a past medical history of paroxysmal atrial fibrillation, heart failure with preserved ejection fraction (HFpEF), premature ventricular contractions (PVCs), permanent pacemaker (PPM) placement for non-transmission syndrome of fascicular parasystole, sick sinus syndrome, chronic bradycardia. He presented 3 weeks earlier to our hospital with substernal chest pain and shortness of breath and was admitted with non-transmission PVC syndrome. He subsequently had a PPM implanted placed by the cardiologist. After discharge, he became progressively lethargic and his activities of daily living markedly decreased, prompting a visit to his primary care physician (PCP). During the encounter, his calcium level was noted to be elevated at 15 mg/dL. His PCP advised him to return to our hospital for further management. In the emergency room, he looked fatigued, pale, and dry. In the past 5 months, he reported constipation, decreased appetite, polyuria, and an unintentional 40-pound weight loss. He denied abdominal pain, bone pain, unusual mood changes, diarrhea, nausea, vomiting, use of any calcium supplements, new medications, and a history of cancer.. Could you consider all possible diseases based on my information?",
            "question2": "I also have done some examination,However, the bone marrow biopsy (Fig. 1) revealed large interstitial and paratrabecular lymphoid aggregates composed predominantly of small lymphocytes and scattered large, atypical lymphocytes with irregular multilobed nuclei. The large, atypical cells by immunohistochemistry (IHC) were positive for paired box 5 (PAX5, strong), octamer transcription factor-2 (OCT-2), CD79a, CD20, while negative for CD3, CD20, CD30, CD68, and Epstein-Barr virus-encoded small RNA (EBER). The small lymphocytes in the lymphoid aggregates were predominantly CD3-positive T-cells admixed with CD68-positive histiocytes and occasional small B-cells (CD20+/PAX5+/OCT-2+).. Could you narrow down to a specific disease based on the examination? Only give me the disease name, and if there are different names for the same disease, list them separated by commas.",
            "groundtruth": "THRLBCL",
            "evidence": [
                "These findings confirmed the diagnosis of THRLBCL."
            ]
        }
    },
    "2. case presentation": {
        "1": {
            "question": " Describe the patient personal information.  ",
            "answer": " A 20-year-old primigravida was referred to the Gynecology and Obstetrics Service of the University Hospital of the Federal University of Maranh\u00e3o (UFMA).  \n",
            "cleaned_answer": [
                "A 20-year-old primigravida was referred to the Gynecology and Obstetrics Service of the University Hospital of the Federal University of Maranh\u00e3o (UFMA)."
            ],
            "cleaned_answer_idx": [
                0
            ]
        },
        "2": {
            "question": " Describe the patient experience.  ",
            "answer": " A 2DUS examination performed in our institution revealed pregnancy of 23 weeks and 4 days, with a female fetus presenting a bulky solid mass with cystic components and calcifications, measuring 7.7 \u00d7 9.1 \u00d7 12.2\u2009cm, starting from the sacral region, with internal flow seen on color Doppler (Figure 1). 3DUS was performed using the Voluson 730 Pro apparatus (General Electric Medical System, Zipf, Austria), with a volumetric convex transducer (RAB 4\u20138L) in rendering mode. This clearly showed the spatial relationships between the mass and the fetal pelvis and made it possible for the parents to understand the pathological condition better (Figure 2). A new ultrasound examination confirmed that fetal death occurred at 25 weeks and 4 days of pregnancy, due to hydrops. The postnatal macroscopic findings confirmed the diagnosis of sacrococcygeal teratoma (Figure 3).  \n",
            "cleaned_answer": [
                "A 2DUS examination performed in our institution revealed pregnancy of 23 weeks and 4 days, with a female fetus presenting a bulky solid mass with cystic components and calcifications, measuring 7.7 \u00d7 9.1 \u00d7 12.2\u2009cm, starting from the sacral region, with internal flow seen on color Doppler (Figure 1).",
                "3DUS was performed using the Voluson 730 Pro apparatus (General Electric Medical System, Zipf, Austria), with a volumetric convex transducer (RAB 4\u20138L) in rendering mode.",
                "This clearly showed the spatial relationships between the mass and the fetal pelvis and made it possible for the parents to understand the pathological condition better (Figure 2).",
                "A new ultrasound examination confirmed that fetal death occurred at 25 weeks and 4 days of pregnancy, due to hydrops.",
                "The postnatal macroscopic findings confirmed the diagnosis of sacrococcygeal teratoma (Figure 3)."
            ],
            "cleaned_answer_idx": [
                1,
                2,
                3,
                4,
                5
            ]
        },
        "3": {
            "question": " Did you notice any symptoms, such as a fever, cough, or respiratory issues?  ",
            "answer": " $No$  \n",
            "cleaned_answer": [
                "$No$"
            ],
            "cleaned_answer_idx": [
                "$$"
            ]
        },
        "4": {
            "question": " What's the diagnosis?  ",
            "answer": " The postnatal macroscopic findings confirmed the diagnosis of sacrococcygeal teratoma (Figure 3).  \n",
            "cleaned_answer": [
                "The postnatal macroscopic findings confirmed the diagnosis of sacrococcygeal teratoma (Figure 3)."
            ],
            "cleaned_answer_idx": [
                5
            ]
        },
        "5": {
            "question": " What's the direct evidence that points to this diagnosis?  ",
            "answer": " A 2DUS examination performed in our institution revealed pregnancy of 23 weeks and 4 days, with a female fetus presenting a bulky solid mass with cystic components and calcifications, measuring 7.7 \u00d7 9.1 \u00d7 12.2\u2009cm, starting from the sacral region, with internal flow seen on color Doppler (Figure 1). The postnatal macroscopic findings confirmed the diagnosis of sacrococcygeal teratoma (Figure 3).  \n",
            "cleaned_answer": [
                "A 2DUS examination performed in our institution revealed pregnancy of 23 weeks and 4 days, with a female fetus presenting a bulky solid mass with cystic components and calcifications, measuring 7.7 \u00d7 9.1 \u00d7 12.2\u2009cm, starting from the sacral region, with internal flow seen on color Doppler (Figure 1).",
                "The postnatal macroscopic findings confirmed the diagnosis of sacrococcygeal teratoma (Figure 3)."
            ],
            "cleaned_answer_idx": [
                1,
                5
            ]
        },
        "6": {
            "question": " What\u2019s the imaging (only provided the figure explanation here) suggest?  ",
            "answer": " This clearly showed the spatial relationships between the mass and the fetal pelvis and made it possible for the parents to understand the pathological condition better (Figure 2).  \n",
            "cleaned_answer": [
                "This clearly showed the spatial relationships between the mass and the fetal pelvis and made it possible for the parents to understand the pathological condition better (Figure 2)."
            ],
            "cleaned_answer_idx": [
                3
            ]
        },
        "7": {
            "question": " What\u2019s the examination suggest?  ",
            "answer": " A 2DUS examination performed in our institution revealed pregnancy of 23 weeks and 4 days, with a female fetus presenting a bulky solid mass with cystic components and calcifications, measuring 7.7 \u00d7 9.1 \u00d7 12.2\u2009cm, starting from the sacral region, with internal flow seen on color Doppler (Figure 1). \n",
            "cleaned_answer": [
                "A 2DUS examination performed in our institution revealed pregnancy of 23 weeks and 4 days, with a female fetus presenting a bulky solid mass with cystic components and calcifications, measuring 7.7 \u00d7 9.1 \u00d7 12.2\u2009cm, starting from the sacral region, with internal flow seen on color Doppler (Figure 1)."
            ],
            "cleaned_answer_idx": [
                1
            ]
        },
        "8": {
            "question": " Is there any suggestion?  ",
            "answer": " $No$\u201d",
            "cleaned_answer": [
                "$No$\u201d"
            ],
            "cleaned_answer_idx": [
                "$$"
            ]
        },
        "oneround_dict": {
            "input": "A 20-year-old primigravida was referred to the Gynecology and Obstetrics Service of the University Hospital of the Federal University of Maranh\u00e3o (UFMA). A 2DUS examination performed in our institution revealed pregnancy of 23 weeks and 4 days, with a female fetus presenting a bulky solid mass with cystic components and calcifications, measuring 7.7 \u00d7 9.1 \u00d7 12.2\u2009cm, starting from the sacral region, with internal flow seen on color Doppler (Figure 1). 3DUS was performed using the Voluson 730 Pro apparatus (General Electric Medical System, Zipf, Austria), with a volumetric convex transducer (RAB 4\u20138L) in rendering mode. This clearly showed the spatial relationships between the mass and the fetal pelvis and made it possible for the parents to understand the pathological condition better (Figure 2). A new ultrasound examination confirmed that fetal death occurred at 25 weeks and 4 days of pregnancy, due to hydrops. <?>",
            "groundtruth": "Sacrococcygeal teratoma",
            "evidence": [
                "The postnatal macroscopic findings confirmed the diagnosis of sacrococcygeal teratoma (Figure 3)."
            ]
        },
        "multiround_dict": {
            "question1": "I am A 20-year-old primigravida was referred to the Gynecology and Obstetrics Service of the University Hospital of the Federal University of Maranh\u00e3o (UFMA). A 2DUS examination performed in our institution revealed pregnancy of 23 weeks and 4 days, with a female fetus presenting a bulky solid mass with cystic components and calcifications, measuring 7.7 \u00d7 9.1 \u00d7 12.2\u2009cm, starting from the sacral region, with internal flow seen on color Doppler (Figure 1). 3DUS was performed using the Voluson 730 Pro apparatus (General Electric Medical System, Zipf, Austria), with a volumetric convex transducer (RAB 4\u20138L) in rendering mode. This clearly showed the spatial relationships between the mass and the fetal pelvis and made it possible for the parents to understand the pathological condition better (Figure 2). A new ultrasound examination confirmed that fetal death occurred at 25 weeks and 4 days of pregnancy, due to hydrops. <?>. Could you consider all possible diseases based on my information?",
            "question2": "I also have done some examination,A 2DUS examination performed in our institution revealed pregnancy of 23 weeks and 4 days, with a female fetus presenting a bulky solid mass with cystic components and calcifications, measuring 7.7 \u00d7 9.1 \u00d7 12.2\u2009cm, starting from the sacral region, with internal flow seen on color Doppler (Figure 1). This clearly showed the spatial relationships between the mass and the fetal pelvis and made it possible for the parents to understand the pathological condition better (Figure 2). <?>. Could you narrow down to a specific disease based on the examination? Only give me the disease name, and if there are different names for the same disease, list them separated by commas.",
            "groundtruth": "Sacrococcygeal teratoma",
            "evidence": [
                "The postnatal macroscopic findings confirmed the diagnosis of sacrococcygeal teratoma (Figure 3)."
            ]
        }
    }
}