{
    "case": {
        "1": {
            "question": " Describe the patient personal information.  ",
            "answer": " A 26-year-old female was admitted for MHL.\n",
            "cleaned_answer": [
                "A 26-year-old female was admitted for MHL."
            ],
            "cleaned_answer_idx": [
                0
            ]
        },
        "2": {
            "question": " Describe the patient experience.  ",
            "answer": " At the age of 16 months, a mass measuring 9 cm \u00d7 8 cm with multiple septations in the right lobe of the liver was noted during the assessment of abdominal distension using ultrasonography (US) and magnetic resonance imaging (MRI) (Fig. 1A, 1B). Based on these findings, the patient was diagnosed with MHL. However, the scheduled hepatic mass resection was cancelled due to an upper respiratory infection. Since this mass did not cause any symptoms, the patient underwent regular sonographic follow-up every 2 years until the age of 10 years. Subsequently, the patient was lost to follow-up. At the age of 26 years, the patient returned to our clinic with abdominal pain lasting for 6 weeks. Computed tomography (CT) revealed an increase in mass size to 12.9 cm \u00d7 8.3 cm and a newly developed peripheral enhancing lesion in its posterior portion measuring 6 cm (Fig. 1C). Follow-up MRI and 18F-fluorodeoxyglucose positron emission tomography (PET) could not exclude malignant transformation (Fig. 1D, 1E). In addition, enlarged lymph nodes (LN) in the hepatoduodenal ligament and portocaval space were also identified. Mass excision with segment 5 and 6 hepatic segmentectomy (non-anatomical) and en bloc hilar LN dissection was performed. The mass was approached via an upper midline incision, and a mass measuring 16 cm was excised with a part of segments 5 and 6 of the liver parenchyma. Intraoperative frozen biopsy of the hilar LN showed no evidence of a tumor. Histopathological examination of the mass measuring 12.0 cm \u00d7 11.0 cm \u00d7 8.0 cm confirmed the diagnosis of iCCA in the background of MHL, with a T2N0M0 pathological stage (stage II). Although lymphatic and venous invasions were noted, the resection margin was free from tumor cells. Immunohistochemical analysis revealed cytokeratin (CK) 19 and p40 positivity and loss of p53 expression; thus, the final diagnosis was iCCA with squamous differentiation (Fig. 2). The patient recovered well postoperatively; however, a biloma was observed at the resection site, which required percutaneous drainage for 29 days. Furthermore, adjuvant chemotherapy (5-fluorouracil, 810 mg, six cycles) was initiated on postoperative day 60. After surgery and adjuvant chemotherapy, the serum levels of CEA and CA 19-9 decreased to 1.6 U/mL and 7 ng/mL, respectively (Fig. 3).\n",
            "cleaned_answer": [
                "At the age of 16 months, a mass measuring 9 cm \u00d7 8 cm with multiple septations in the right lobe of the liver was noted during the assessment of abdominal distension using ultrasonography (US) and magnetic resonance imaging (MRI) (Fig.",
                "1A, 1B).",
                "Based on these findings, the patient was diagnosed with MHL.",
                "However, the scheduled hepatic mass resection was cancelled due to an upper respiratory infection.",
                "Since this mass did not cause any symptoms, the patient underwent regular sonographic follow-up every 2 years until the age of 10 years.",
                "Subsequently, the patient was lost to follow-up.",
                "At the age of 26 years, the patient returned to our clinic with abdominal pain lasting for 6 weeks.",
                "Computed tomography (CT) revealed an increase in mass size to 12.9 cm \u00d7 8.3 cm and a newly developed peripheral enhancing lesion in its posterior portion measuring 6 cm (Fig.",
                "1C).",
                "Follow-up MRI and 18F-fluorodeoxyglucose positron emission tomography (PET) could not exclude malignant transformation (Fig.",
                "1D, 1E).",
                "In addition, enlarged lymph nodes (LN) in the hepatoduodenal ligament and portocaval space were also identified.",
                "Mass excision with segment 5 and 6 hepatic segmentectomy (non-anatomical) and en bloc hilar LN dissection was performed.",
                "The mass was approached via an upper midline incision, and a mass measuring 16 cm was excised with a part of segments 5 and 6 of the liver parenchyma.",
                "Intraoperative frozen biopsy of the hilar LN showed no evidence of a tumor.",
                "Histopathological examination of the mass measuring 12.0 cm \u00d7 11.0 cm \u00d7 8.0 cm confirmed the diagnosis of iCCA in the background of MHL, with a T2N0M0 pathological stage (stage II).",
                "Although lymphatic and venous invasions were noted, the resection margin was free from tumor cells.",
                "Immunohistochemical analysis revealed cytokeratin (CK) 19 and p40 positivity and loss of p53 expression; thus, the final diagnosis was iCCA with squamous differentiation (Fig.",
                "2).",
                "The patient recovered well postoperatively; however, a biloma was observed at the resection site, which required percutaneous drainage for 29 days.",
                "Furthermore, adjuvant chemotherapy (5-fluorouracil, 810 mg, six cycles) was initiated on postoperative day 60.",
                "After surgery and adjuvant chemotherapy, the serum levels of CEA and CA 19-9 decreased to 1.6 U/mL and 7 ng/mL, respectively (Fig.",
                "3)."
            ],
            "cleaned_answer_idx": [
                1,
                2,
                3,
                6,
                7,
                8,
                9,
                10,
                11,
                12,
                13,
                14,
                18,
                19,
                20,
                21,
                22,
                23,
                0,
                25,
                26,
                27,
                5
            ]
        },
        "3": {
            "question": " Did you notice any symptoms, such as a fever, cough, or respiratory issues?  ",
            "answer": " However, the scheduled hepatic mass resection was cancelled due to an upper respiratory infection.\n",
            "cleaned_answer": [
                "However, the scheduled hepatic mass resection was cancelled due to an upper respiratory infection."
            ],
            "cleaned_answer_idx": [
                6
            ]
        },
        "4": {
            "question": " What's the diagnosis?  ",
            "answer": " Based on these findings, the patient was diagnosed with MHL. Histopathological examination of the mass measuring 12.0 cm \u00d7 11.0 cm \u00d7 8.0 cm confirmed the diagnosis of iCCA in the background of MHL, with a T2N0M0 pathological stage (stage II). Thus, the final diagnosis was iCCA with squamous differentiation (Fig. 2).\n",
            "cleaned_answer": [
                "Based on these findings, the patient was diagnosed with MHL.",
                "Histopathological examination of the mass measuring 12.0 cm \u00d7 11.0 cm \u00d7 8.0 cm confirmed the diagnosis of iCCA in the background of MHL, with a T2N0M0 pathological stage (stage II).",
                "Immunohistochemical analysis revealed cytokeratin (CK) 19 and p40 positivity and loss of p53 expression; thus, the final diagnosis was iCCA with squamous differentiation (Fig.",
                "2)."
            ],
            "cleaned_answer_idx": [
                3,
                21,
                28,
                0
            ]
        },
        "5": {
            "question": " What's the direct evidence that points to this diagnosis?  ",
            "answer": " Histopathological examination of the mass measuring 12.0 cm \u00d7 11.0 cm \u00d7 8.0 cm confirmed the diagnosis of iCCA in the background of MHL, with a T2N0M0 pathological stage (stage II). Immunohistochemical analysis revealed cytokeratin (CK) 19 and p40 positivity and loss of p53 expression; thus, the final diagnosis was iCCA with squamous differentiation (Fig. 2).\n",
            "cleaned_answer": [
                "Histopathological examination of the mass measuring 12.0 cm \u00d7 11.0 cm \u00d7 8.0 cm confirmed the diagnosis of iCCA in the background of MHL, with a T2N0M0 pathological stage (stage II).",
                "Immunohistochemical analysis revealed cytokeratin (CK) 19 and p40 positivity and loss of p53 expression; thus, the final diagnosis was iCCA with squamous differentiation (Fig.",
                "2)."
            ],
            "cleaned_answer_idx": [
                21,
                23,
                0
            ]
        },
        "6": {
            "question": " What\u2019s the imaging (only provided the figure explanation here) suggest?  ",
            "answer": " $No$\n",
            "cleaned_answer": [
                "$No$"
            ],
            "cleaned_answer_idx": [
                "$$"
            ]
        },
        "7": {
            "question": " What\u2019s the examination suggest?  ",
            "answer": " Intraoperative frozen biopsy of the hilar LN showed no evidence of a tumor.\n",
            "cleaned_answer": [
                "Intraoperative frozen biopsy of the hilar LN showed no evidence of a tumor."
            ],
            "cleaned_answer_idx": [
                20
            ]
        },
        "8": {
            "question": " Is there any suggestion?  ",
            "answer": " $No$\"",
            "cleaned_answer": [
                "$No$\""
            ],
            "cleaned_answer_idx": [
                "$$"
            ]
        },
        "oneround_dict": {
            "input": "A 26-year-old female was admitted for MHL. 2). At the age of 16 months, a mass measuring 9 cm \u00d7 8 cm with multiple septations in the right lobe of the liver was noted during the assessment of abdominal distension using ultrasonography (US) and magnetic resonance imaging (MRI) (Fig. 1A, 1B). <?>",
            "groundtruth": "MHL, iCCA, squamous differentiation",
            "evidence": [
                "Based on these findings, the patient was diagnosed with MHL.",
                "Histopathological examination of the mass measuring 12.0 cm \u00d7 11.0 cm \u00d7 8.0 cm confirmed the diagnosis of iCCA in the background of MHL, with a T2N0M0 pathological stage (stage II).",
                "Immunohistochemical analysis revealed cytokeratin (CK) 19 and p40 positivity and loss of p53 expression; thus, the final diagnosis was iCCA with squamous differentiation (Fig.",
                "2)."
            ]
        },
        "multiround_dict": {
            "question1": "I am A 26-year-old female was admitted for MHL. 2). At the age of 16 months, a mass measuring 9 cm \u00d7 8 cm with multiple septations in the right lobe of the liver was noted during the assessment of abdominal distension using ultrasonography (US) and magnetic resonance imaging (MRI) (Fig. 1A, 1B). <?>. Could you consider all possible diseases based on my information?",
            "question2": "I also have done some examination,2).. Could you narrow down to a specific disease based on the examination? Only give me the disease name, and if there are different names for the same disease, list them separated by commas.",
            "groundtruth": "MHL, iCCA, squamous differentiation",
            "evidence": [
                "Based on these findings, the patient was diagnosed with MHL.",
                "Histopathological examination of the mass measuring 12.0 cm \u00d7 11.0 cm \u00d7 8.0 cm confirmed the diagnosis of iCCA in the background of MHL, with a T2N0M0 pathological stage (stage II).",
                "Immunohistochemical analysis revealed cytokeratin (CK) 19 and p40 positivity and loss of p53 expression; thus, the final diagnosis was iCCA with squamous differentiation (Fig.",
                "2)."
            ]
        }
    },
    "case report": {
        "1": {
            "question": " Describe the patient personal information.  ",
            "answer": " A 15\u2010year\u2010old nonsmoking youngster visited Hunan Cancer Hospital.  \n",
            "cleaned_answer": [
                "A 15\u2010year\u2010old nonsmoking youngster visited Hunan Cancer Hospital."
            ],
            "cleaned_answer_idx": [
                0
            ]
        },
        "2": {
            "question": " Describe the patient experience.  ",
            "answer": " A 15\u2010year\u2010old nonsmoking youngster visited Hunan Cancer Hospital with a history of cough and shortness of breath for 2\u2009weeks. His symptoms worsened over a few days. There was no fever, no shivering, and no lymphadenopathy.  \n",
            "cleaned_answer": [
                "A 15\u2010year\u2010old nonsmoking youngster visited Hunan Cancer Hospital with a history of cough and shortness of breath for 2\u2009weeks.",
                "His symptoms worsened over a few days.",
                "There was no fever, no shivering, and no lymphadenopathy."
            ],
            "cleaned_answer_idx": [
                0,
                1,
                6
            ]
        },
        "3": {
            "question": " Did you notice any symptoms, such as a fever, cough, or respiratory issues?  ",
            "answer": " A 15\u2010year\u2010old nonsmoking youngster visited Hunan Cancer Hospital with a history of cough and shortness of breath for 2\u2009weeks. His symptoms worsened over a few days. There was no fever, no shivering, and no lymphadenopathy.  \n",
            "cleaned_answer": [
                "A 15\u2010year\u2010old nonsmoking youngster visited Hunan Cancer Hospital with a history of cough and shortness of breath for 2\u2009weeks.",
                "His symptoms worsened over a few days.",
                "There was no fever, no shivering, and no lymphadenopathy."
            ],
            "cleaned_answer_idx": [
                0,
                1,
                6
            ]
        },
        "4": {
            "question": " What's the diagnosis?  ",
            "answer": " Based on the clinical symptoms, gross findings, histological examination, and immunohistochemistry, the patient was diagnosed with pericardial synovial sarcoma.  \n",
            "cleaned_answer": [
                "Based on the clinical symptoms, gross findings, histological examination, and immunohistochemistry, the patient was diagnosed with pericardial synovial sarcoma."
            ],
            "cleaned_answer_idx": [
                19
            ]
        },
        "5": {
            "question": " What's the direct evidence that points to this diagnosis?  ",
            "answer": " Histological examination revealed uniform spindle cells tightly arrayed with round and ovoid cell nucleus (Figure\u00a01d), which was the most typical subtype of synovial sarcoma. Immunohistochemistry staining was negative for cytokeratin, epithelial membrane antigen (EMA), leukocyte common antigen (LCA), CK19, Syn, CD34, myoD1, myoglobin CD68, CK18, SMA, and S\u2010100 but positive for calponin, vimentin, Bcl2, CD99, CD56, and TLE.  \n",
            "cleaned_answer": [
                "Histological examination revealed uniform spindle cells tightly arrayed with round and ovoid cell nucleus (Figure\u00a01d), which was the most typical subtype of synovial sarcoma.",
                "Immunohistochemistry staining was negative for cytokeratin, epithelial membrane antigen (EMA), leukocyte common antigen (LCA), CK19, Syn, CD34, myoD1, myoglobin CD68, CK18, SMA, and S\u2010100 but positive for calponin, vimentin, Bcl2, CD99, CD56, and TLE."
            ],
            "cleaned_answer_idx": [
                15,
                16
            ]
        },
        "6": {
            "question": " What\u2019s the imaging (only provided the figure explanation here) suggest?  ",
            "answer": " Results of emergency computed tomography (CT) revealed a huge solid cystic mass located in the mediastinum with pericardial effusion (Figure\u00a01a,b).  \n",
            "cleaned_answer": [
                "Results of emergency computed tomography (CT) revealed a huge solid cystic mass located in the mediastinum with pericardial effusion (Figure\u00a01a,b)."
            ],
            "cleaned_answer_idx": [
                8
            ]
        },
        "7": {
            "question": " What\u2019s the examination suggest?  ",
            "answer": " Color ultrasonography showed pericardial effusion.  \n",
            "cleaned_answer": [
                "Color ultrasonography showed pericardial effusion."
            ],
            "cleaned_answer_idx": [
                7
            ]
        },
        "8": {
            "question": " Is there any suggestion?  ",
            "answer": " To avoid tamponade, the patient received emergency pericardium fenestration surgery.\u201d  ",
            "cleaned_answer": [
                "To avoid tamponade, the patient received emergency pericardium fenestration surgery.\u201d"
            ],
            "cleaned_answer_idx": [
                9
            ]
        },
        "oneround_dict": {
            "input": "A 15\u2010year\u2010old nonsmoking youngster visited Hunan Cancer Hospital. A 15\u2010year\u2010old nonsmoking youngster visited Hunan Cancer Hospital with a history of cough and shortness of breath for 2\u2009weeks. His symptoms worsened over a few days. There was no fever, no shivering, and no lymphadenopathy. Color ultrasonography showed pericardial effusion. Results of emergency computed tomography (CT) revealed a huge solid cystic mass located in the mediastinum with pericardial effusion (Figure\u00a01a,b). Histological examination revealed uniform spindle cells tightly arrayed with round and ovoid cell nucleus (Figure\u00a01d), which was the most typical subtype of synovial sarcoma. Immunohistochemistry staining was negative for cytokeratin, epithelial membrane antigen (EMA), leukocyte common antigen (LCA), CK19, Syn, CD34, myoD1, myoglobin CD68, CK18, SMA, and S\u2010100 but positive for calponin, vimentin, Bcl2, CD99, CD56, and TLE.",
            "groundtruth": "pericardial synovial sarcoma",
            "evidence": [
                "Based on the clinical symptoms, gross findings, histological examination, and immunohistochemistry, the patient was diagnosed with pericardial synovial sarcoma."
            ]
        },
        "multiround_dict": {
            "question1": "I am A 15\u2010year\u2010old nonsmoking youngster visited Hunan Cancer Hospital. A 15\u2010year\u2010old nonsmoking youngster visited Hunan Cancer Hospital with a history of cough and shortness of breath for 2\u2009weeks. His symptoms worsened over a few days. There was no fever, no shivering, and no lymphadenopathy.. Could you consider all possible diseases based on my information?",
            "question2": "I also have done some examination,Color ultrasonography showed pericardial effusion. Results of emergency computed tomography (CT) revealed a huge solid cystic mass located in the mediastinum with pericardial effusion (Figure\u00a01a,b). Histological examination revealed uniform spindle cells tightly arrayed with round and ovoid cell nucleus (Figure\u00a01d), which was the most typical subtype of synovial sarcoma. Immunohistochemistry staining was negative for cytokeratin, epithelial membrane antigen (EMA), leukocyte common antigen (LCA), CK19, Syn, CD34, myoD1, myoglobin CD68, CK18, SMA, and S\u2010100 but positive for calponin, vimentin, Bcl2, CD99, CD56, and TLE.. Could you narrow down to a specific disease based on the examination? Only give me the disease name, and if there are different names for the same disease, list them separated by commas.",
            "groundtruth": "pericardial synovial sarcoma",
            "evidence": [
                "Based on the clinical symptoms, gross findings, histological examination, and immunohistochemistry, the patient was diagnosed with pericardial synovial sarcoma."
            ]
        }
    }
}