{
    "case": {
        "1": {
            "question": " Describe the patient personal information.  ",
            "answer": " A 42-year-old female patient was admitted to our outpatient clinic.\n",
            "cleaned_answer": [
                "A 42-year-old female patient was admitted to our outpatient clinic."
            ],
            "cleaned_answer_idx": [
                0
            ]
        },
        "2": {
            "question": " Describe the patient experience.  ",
            "answer": " The patient stopped taking prednisolone (2.5 mg/day) after 5 months because absolute eosinophil counts were within normal limits, and follow up echocardiography showed no left ventricular hypertrophy and no residual pericardial effusion. Also the ejection fraction improved from 51% to 77%. At 9-month follow up, the patient was in good condition and no hypereosinophilia was detected.\n",
            "cleaned_answer": [
                "The patient stopped taking prednisolone (2.5 mg/day) after 5 months because absolute eosinophil counts were within normal limits, and follow up echocardiography showed no left ventricular hypertrophy and no residual pericardial effusion.",
                "Also the ejection fraction improved from 51% to 77%.",
                "At 9-month follow up, the patient was in good condition and no hypereosinophilia was detected."
            ],
            "cleaned_answer_idx": [
                19,
                20,
                21
            ]
        },
        "3": {
            "question": " Did you notice any symptoms, such as a fever, cough, or respiratory issues?  ",
            "answer": " A 42-year-old female patient was admitted to our outpatient clinic with symptoms of pleural chest pain, cough, and dyspnea on exertion. $ and body temperature was normal.\n",
            "cleaned_answer": [
                "A 42-year-old female patient was admitted to our outpatient clinic with symptoms of pleural chest pain, cough, and dyspnea on exertion.",
                "$ and body temperature was normal."
            ],
            "cleaned_answer_idx": [
                0,
                2
            ]
        },
        "4": {
            "question": " What's the diagnosis?  ",
            "answer": " A diagnosis of eosinophilic endomyocarditis was thus confirmed.\n",
            "cleaned_answer": [
                "A diagnosis of eosinophilic endomyocarditis was thus confirmed."
            ],
            "cleaned_answer_idx": [
                15
            ]
        },
        "5": {
            "question": " What's the direct evidence that points to this diagnosis?  ",
            "answer": " Biopsy specimens revealed the deposition of degranulated eosinophils in endomyocardium (Fig. 2).\n",
            "cleaned_answer": [
                "Biopsy specimens revealed the deposition of degranulated eosinophils in endomyocardium (Fig.",
                "2)."
            ],
            "cleaned_answer_idx": [
                13,
                0
            ]
        },
        "6": {
            "question": " What\u2019s the imaging (only provided the figure explanation here) suggest?  ",
            "answer": " Chest X-ray revealed a right-sided pleural effusion and cardiomegaly (Fig. 1A). Transthoracic echocardiography showed left ventricular hypertrophy and moderate pericardial effusion without thrombus (Fig. 1C). Furthermore, follow up transthoracic echocardiography showed that pericardial effusion was reduced, and follow up chest X-ray showed decreased pleural effusion (Fig. 1B).\n",
            "cleaned_answer": [
                "Chest X-ray revealed a right-sided pleural effusion and cardiomegaly (Fig.",
                "1A).",
                "Transthoracic echocardiography showed left ventricular hypertrophy and moderate pericardial effusion without thrombus (Fig.",
                "1C).",
                "Furthermore, follow up transthoracic echocardiography showed that pericardial effusion was reduced, and follow up chest X-ray showed decreased pleural effusion (Fig.",
                "1B)."
            ],
            "cleaned_answer_idx": [
                7,
                8,
                9,
                10,
                17,
                18
            ]
        },
        "7": {
            "question": " What\u2019s the examination suggest?  ",
            "answer": " On physical examination, the sound of decreased breathing was observed in the right lower lung. Cardiac auscultation was otherwise normal.\n",
            "cleaned_answer": [
                "On physical examination, the sound of decreased breathing was observed in the right lower lung.",
                "Cardiac auscultation was otherwise normal."
            ],
            "cleaned_answer_idx": [
                3,
                4
            ]
        },
        "8": {
            "question": " Is there any suggestion?  ",
            "answer": " $No$\u201d",
            "cleaned_answer": [
                "$No$\u201d"
            ],
            "cleaned_answer_idx": [
                "$$"
            ]
        },
        "oneround_dict": {
            "input": "A 42-year-old female patient was admitted to our outpatient clinic. A 42-year-old female patient was admitted to our outpatient clinic with symptoms of pleural chest pain, cough, and dyspnea on exertion. 2). $ and body temperature was normal. On physical examination, the sound of decreased breathing was observed in the right lower lung. Cardiac auscultation was otherwise normal. Chest X-ray revealed a right-sided pleural effusion and cardiomegaly (Fig. 1A). Transthoracic echocardiography showed left ventricular hypertrophy and moderate pericardial effusion without thrombus (Fig. 1C). Biopsy specimens revealed the deposition of degranulated eosinophils in endomyocardium (Fig.",
            "groundtruth": "eosinophilic endomyocarditis",
            "evidence": [
                "A diagnosis of eosinophilic endomyocarditis was thus confirmed."
            ]
        },
        "multiround_dict": {
            "question1": "I am A 42-year-old female patient was admitted to our outpatient clinic. A 42-year-old female patient was admitted to our outpatient clinic with symptoms of pleural chest pain, cough, and dyspnea on exertion. $ and body temperature was normal.. Could you consider all possible diseases based on my information?",
            "question2": "I also have done some examination,2). On physical examination, the sound of decreased breathing was observed in the right lower lung. Cardiac auscultation was otherwise normal. Chest X-ray revealed a right-sided pleural effusion and cardiomegaly (Fig. 1A). Transthoracic echocardiography showed left ventricular hypertrophy and moderate pericardial effusion without thrombus (Fig. 1C). Biopsy specimens revealed the deposition of degranulated eosinophils in endomyocardium (Fig.. Could you narrow down to a specific disease based on the examination? Only give me the disease name, and if there are different names for the same disease, list them separated by commas.",
            "groundtruth": "eosinophilic endomyocarditis",
            "evidence": [
                "A diagnosis of eosinophilic endomyocarditis was thus confirmed."
            ]
        }
    },
    "case report": {
        "1": {
            "question": " Describe the patient personal information.  ",
            "answer": " The index patient is a 4-year-old boy. He was born by cesarean section at 39 weeks and 3 days of gestation with Apgar scores of 7 and 9 at one and five minutes after birth, respectively. At birth, weight was 3550 g (at the 66th percentile), length: 47.5\u2009cm (at the 10th percentile), and head circumference: 37\u2009cm (at the 98th percentile).\n",
            "cleaned_answer": [
                "The index patient is a 4-year-old boy.",
                "He was born by cesarean section at 39 weeks and 3 days of gestation with Apgar scores of 7 and 9 at one and five minutes after birth, respectively.",
                "At birth, weight was 3550 g (at the 66th percentile), length: 47.5\u2009cm (at the 10th percentile), and head circumference: 37\u2009cm (at the 98th percentile)."
            ],
            "cleaned_answer_idx": [
                0,
                1,
                4
            ]
        },
        "2": {
            "question": " Describe the patient experience.  ",
            "answer": " The pregnancy was achieved through in vitro fertilization (using both donated oocytes and sperm) and was complicated by gestational diabetes. Prenatal ultrasound showed mild hydronephrosis of the right kidney without signs of vesicoureteral reflux, which normalized in the third trimester.\n",
            "cleaned_answer": [
                "The pregnancy was achieved through in vitro fertilization (using both donated oocytes and sperm) and was complicated by gestational diabetes.",
                "Prenatal ultrasound showed mild hydronephrosis of the right kidney without signs of vesicoureteral reflux, which normalized in the third trimester."
            ],
            "cleaned_answer_idx": [
                2,
                3
            ]
        },
        "3": {
            "question": " Did you notice any symptoms, such as a fever, cough, or respiratory issues?  ",
            "answer": " $No$\n",
            "cleaned_answer": [
                "$No$"
            ],
            "cleaned_answer_idx": [
                5
            ]
        },
        "4": {
            "question": " What's the diagnosis?  ",
            "answer": " $No$  \n",
            "cleaned_answer": [
                "$No$"
            ],
            "cleaned_answer_idx": [
                5
            ]
        },
        "5": {
            "question": " What's the direct evidence that points to this diagnosis?  ",
            "answer": " $No$  \n",
            "cleaned_answer": [
                "$No$"
            ],
            "cleaned_answer_idx": [
                5
            ]
        },
        "6": {
            "question": " What\u2019s the imaging (only provided the figure explanation here) suggest?  ",
            "answer": " $No$  \n",
            "cleaned_answer": [
                "$No$"
            ],
            "cleaned_answer_idx": [
                5
            ]
        },
        "7": {
            "question": " What\u2019s the examination suggest?  ",
            "answer": " No dysmorphic features were observed.\n",
            "cleaned_answer": [
                "No dysmorphic features were observed."
            ],
            "cleaned_answer_idx": [
                5
            ]
        },
        "8": {
            "question": " Is there any suggestion?  ",
            "answer": " $No$\"",
            "cleaned_answer": [
                "$No$\""
            ],
            "cleaned_answer_idx": [
                5
            ]
        },
        "oneround_dict": {
            "input": "The index patient is a 4-year-old boy. He was born by cesarean section at 39 weeks and 3 days of gestation with Apgar scores of 7 and 9 at one and five minutes after birth, respectively. The pregnancy was achieved through in vitro fertilization (using both donated oocytes and sperm) and was complicated by gestational diabetes. Prenatal ultrasound showed mild hydronephrosis of the right kidney without signs of vesicoureteral reflux, which normalized in the third trimester. At birth, weight was 3550 g (at the 66th percentile), length: 47.5\u2009cm (at the 10th percentile), and head circumference: 37\u2009cm (at the 98th percentile). <?> No dysmorphic features were observed.",
            "groundtruth": "I'm sorry, but it seems that your request is missing the sentence from which you want to extract the diagnosis noun(s). Could you please provide the sentence?",
            "evidence": [
                "$No$"
            ]
        },
        "multiround_dict": {
            "question1": "I am The index patient is a 4-year-old boy. He was born by cesarean section at 39 weeks and 3 days of gestation with Apgar scores of 7 and 9 at one and five minutes after birth, respectively. The pregnancy was achieved through in vitro fertilization (using both donated oocytes and sperm) and was complicated by gestational diabetes. Prenatal ultrasound showed mild hydronephrosis of the right kidney without signs of vesicoureteral reflux, which normalized in the third trimester. At birth, weight was 3550 g (at the 66th percentile), length: 47.5\u2009cm (at the 10th percentile), and head circumference: 37\u2009cm (at the 98th percentile). <?>. Could you consider all possible diseases based on my information?",
            "question2": "I also have done some examination,<?> No dysmorphic features were observed.. Could you narrow down to a specific disease based on the examination? Only give me the disease name, and if there are different names for the same disease, list them separated by commas.",
            "groundtruth": "I'm sorry, but it seems that your request is missing the sentence from which you want to extract the diagnosis noun(s). Could you please provide the sentence?",
            "evidence": [
                "$No$"
            ]
        }
    },
    "2. case presentation": {
        "1": {
            "question": " Describe the patient personal information.  ",
            "answer": " A 20-year-old primigravida was referred to the Gynecology and Obstetrics Service of the University Hospital of the Federal University of Maranh\u00e3o (UFMA).  \n",
            "cleaned_answer": [
                "A 20-year-old primigravida was referred to the Gynecology and Obstetrics Service of the University Hospital of the Federal University of Maranh\u00e3o (UFMA)."
            ],
            "cleaned_answer_idx": [
                0
            ]
        },
        "2": {
            "question": " Describe the patient experience.  ",
            "answer": " A 2DUS examination performed in our institution revealed pregnancy of 23 weeks and 4 days, with a female fetus presenting a bulky solid mass with cystic components and calcifications, measuring 7.7 \u00d7 9.1 \u00d7 12.2\u2009cm, starting from the sacral region, with internal flow seen on color Doppler (Figure 1). 3DUS was performed using the Voluson 730 Pro apparatus (General Electric Medical System, Zipf, Austria), with a volumetric convex transducer (RAB 4\u20138L) in rendering mode. This clearly showed the spatial relationships between the mass and the fetal pelvis and made it possible for the parents to understand the pathological condition better (Figure 2). A new ultrasound examination confirmed that fetal death occurred at 25 weeks and 4 days of pregnancy, due to hydrops. The postnatal macroscopic findings confirmed the diagnosis of sacrococcygeal teratoma (Figure 3).  \n",
            "cleaned_answer": [
                "A 2DUS examination performed in our institution revealed pregnancy of 23 weeks and 4 days, with a female fetus presenting a bulky solid mass with cystic components and calcifications, measuring 7.7 \u00d7 9.1 \u00d7 12.2\u2009cm, starting from the sacral region, with internal flow seen on color Doppler (Figure 1).",
                "3DUS was performed using the Voluson 730 Pro apparatus (General Electric Medical System, Zipf, Austria), with a volumetric convex transducer (RAB 4\u20138L) in rendering mode.",
                "This clearly showed the spatial relationships between the mass and the fetal pelvis and made it possible for the parents to understand the pathological condition better (Figure 2).",
                "A new ultrasound examination confirmed that fetal death occurred at 25 weeks and 4 days of pregnancy, due to hydrops.",
                "The postnatal macroscopic findings confirmed the diagnosis of sacrococcygeal teratoma (Figure 3)."
            ],
            "cleaned_answer_idx": [
                1,
                2,
                3,
                4,
                5
            ]
        },
        "3": {
            "question": " Did you notice any symptoms, such as a fever, cough, or respiratory issues?  ",
            "answer": " $No$  \n",
            "cleaned_answer": [
                "$No$"
            ],
            "cleaned_answer_idx": [
                "$$"
            ]
        },
        "4": {
            "question": " What's the diagnosis?  ",
            "answer": " The postnatal macroscopic findings confirmed the diagnosis of sacrococcygeal teratoma (Figure 3).  \n",
            "cleaned_answer": [
                "The postnatal macroscopic findings confirmed the diagnosis of sacrococcygeal teratoma (Figure 3)."
            ],
            "cleaned_answer_idx": [
                5
            ]
        },
        "5": {
            "question": " What's the direct evidence that points to this diagnosis?  ",
            "answer": " A 2DUS examination performed in our institution revealed pregnancy of 23 weeks and 4 days, with a female fetus presenting a bulky solid mass with cystic components and calcifications, measuring 7.7 \u00d7 9.1 \u00d7 12.2\u2009cm, starting from the sacral region, with internal flow seen on color Doppler (Figure 1). The postnatal macroscopic findings confirmed the diagnosis of sacrococcygeal teratoma (Figure 3).  \n",
            "cleaned_answer": [
                "A 2DUS examination performed in our institution revealed pregnancy of 23 weeks and 4 days, with a female fetus presenting a bulky solid mass with cystic components and calcifications, measuring 7.7 \u00d7 9.1 \u00d7 12.2\u2009cm, starting from the sacral region, with internal flow seen on color Doppler (Figure 1).",
                "The postnatal macroscopic findings confirmed the diagnosis of sacrococcygeal teratoma (Figure 3)."
            ],
            "cleaned_answer_idx": [
                1,
                5
            ]
        },
        "6": {
            "question": " What\u2019s the imaging (only provided the figure explanation here) suggest?  ",
            "answer": " This clearly showed the spatial relationships between the mass and the fetal pelvis and made it possible for the parents to understand the pathological condition better (Figure 2).  \n",
            "cleaned_answer": [
                "This clearly showed the spatial relationships between the mass and the fetal pelvis and made it possible for the parents to understand the pathological condition better (Figure 2)."
            ],
            "cleaned_answer_idx": [
                3
            ]
        },
        "7": {
            "question": " What\u2019s the examination suggest?  ",
            "answer": " A 2DUS examination performed in our institution revealed pregnancy of 23 weeks and 4 days, with a female fetus presenting a bulky solid mass with cystic components and calcifications, measuring 7.7 \u00d7 9.1 \u00d7 12.2\u2009cm, starting from the sacral region, with internal flow seen on color Doppler (Figure 1). \n",
            "cleaned_answer": [
                "A 2DUS examination performed in our institution revealed pregnancy of 23 weeks and 4 days, with a female fetus presenting a bulky solid mass with cystic components and calcifications, measuring 7.7 \u00d7 9.1 \u00d7 12.2\u2009cm, starting from the sacral region, with internal flow seen on color Doppler (Figure 1)."
            ],
            "cleaned_answer_idx": [
                1
            ]
        },
        "8": {
            "question": " Is there any suggestion?  ",
            "answer": " $No$\u201d",
            "cleaned_answer": [
                "$No$\u201d"
            ],
            "cleaned_answer_idx": [
                "$$"
            ]
        },
        "oneround_dict": {
            "input": "A 20-year-old primigravida was referred to the Gynecology and Obstetrics Service of the University Hospital of the Federal University of Maranh\u00e3o (UFMA). A 2DUS examination performed in our institution revealed pregnancy of 23 weeks and 4 days, with a female fetus presenting a bulky solid mass with cystic components and calcifications, measuring 7.7 \u00d7 9.1 \u00d7 12.2\u2009cm, starting from the sacral region, with internal flow seen on color Doppler (Figure 1). 3DUS was performed using the Voluson 730 Pro apparatus (General Electric Medical System, Zipf, Austria), with a volumetric convex transducer (RAB 4\u20138L) in rendering mode. This clearly showed the spatial relationships between the mass and the fetal pelvis and made it possible for the parents to understand the pathological condition better (Figure 2). A new ultrasound examination confirmed that fetal death occurred at 25 weeks and 4 days of pregnancy, due to hydrops. <?>",
            "groundtruth": "Sacrococcygeal teratoma",
            "evidence": [
                "The postnatal macroscopic findings confirmed the diagnosis of sacrococcygeal teratoma (Figure 3)."
            ]
        },
        "multiround_dict": {
            "question1": "I am A 20-year-old primigravida was referred to the Gynecology and Obstetrics Service of the University Hospital of the Federal University of Maranh\u00e3o (UFMA). A 2DUS examination performed in our institution revealed pregnancy of 23 weeks and 4 days, with a female fetus presenting a bulky solid mass with cystic components and calcifications, measuring 7.7 \u00d7 9.1 \u00d7 12.2\u2009cm, starting from the sacral region, with internal flow seen on color Doppler (Figure 1). 3DUS was performed using the Voluson 730 Pro apparatus (General Electric Medical System, Zipf, Austria), with a volumetric convex transducer (RAB 4\u20138L) in rendering mode. This clearly showed the spatial relationships between the mass and the fetal pelvis and made it possible for the parents to understand the pathological condition better (Figure 2). A new ultrasound examination confirmed that fetal death occurred at 25 weeks and 4 days of pregnancy, due to hydrops. <?>. Could you consider all possible diseases based on my information?",
            "question2": "I also have done some examination,A 2DUS examination performed in our institution revealed pregnancy of 23 weeks and 4 days, with a female fetus presenting a bulky solid mass with cystic components and calcifications, measuring 7.7 \u00d7 9.1 \u00d7 12.2\u2009cm, starting from the sacral region, with internal flow seen on color Doppler (Figure 1). This clearly showed the spatial relationships between the mass and the fetal pelvis and made it possible for the parents to understand the pathological condition better (Figure 2). <?>. Could you narrow down to a specific disease based on the examination? Only give me the disease name, and if there are different names for the same disease, list them separated by commas.",
            "groundtruth": "Sacrococcygeal teratoma",
            "evidence": [
                "The postnatal macroscopic findings confirmed the diagnosis of sacrococcygeal teratoma (Figure 3)."
            ]
        }
    },
    "case description": {
        "1": {
            "question": " Describe the patient personal information.  ",
            "answer": " A 75\u2010year\u2010old man \n",
            "cleaned_answer": [
                "A 75\u2010year\u2010old man"
            ],
            "cleaned_answer_idx": [
                0
            ]
        },
        "2": {
            "question": " Describe the patient experience.  ",
            "answer": " A 75\u2010year\u2010old man presented with an immediately threatened grade IIb acute ischemia of the left leg due to thrombosis of a femoro\u2010infrapopliteal prosthetic bypass graft. After an urgent computed tomography angiography, an urgent graft thrombectomy was performed using a 5 Fr Fogarty catheter, which had a troublesome distal passage. The leg recovered normal motor and sensory function. Surprisingly, a handheld Doppler device obtained a continuous machinery bruit in the anterior tibial artery/veins, suggesting an arteriovenous fistula, which was depicted in a subsequent digital subtraction angiography and a color duplex examination (Video\u00a0S1). Most likely, the Fogarty catheter had unintentionally perforated the anterior tibial artery passing into one of the adjacent anterior tibial veins. The patient was managed conservatively, and the arteriovenous fistula was found to be spontaneously thrombosed in a three\u2010month follow\u2010up (Video\u00a0S1).\n",
            "cleaned_answer": [
                "A 75\u2010year\u2010old man presented with an immediately threatened grade IIb acute ischemia of the left leg due to thrombosis of a femoro\u2010infrapopliteal prosthetic bypass graft.",
                "After an urgent computed tomography angiography, an urgent graft thrombectomy was performed using a 5 Fr Fogarty catheter, which had a troublesome distal passage.",
                "The leg recovered normal motor and sensory function.",
                "Surprisingly, a handheld Doppler device obtained a continuous machinery bruit in the anterior tibial artery/veins, suggesting an arteriovenous fistula, which was depicted in a subsequent digital subtraction angiography and a color duplex examination (Video\u00a0S1).",
                "Most likely, the Fogarty catheter had unintentionally perforated the anterior tibial artery passing into one of the adjacent anterior tibial veins.",
                "The patient was managed conservatively, and the arteriovenous fistula was found to be spontaneously thrombosed in a three\u2010month follow\u2010up (Video\u00a0S1)."
            ],
            "cleaned_answer_idx": [
                0,
                1,
                2,
                3,
                4,
                5
            ]
        },
        "3": {
            "question": " Did you notice any symptoms, such as a fever, cough, or respiratory issues?  ",
            "answer": " $No$\n",
            "cleaned_answer": [
                "$No$"
            ],
            "cleaned_answer_idx": [
                "$$"
            ]
        },
        "4": {
            "question": " What's the diagnosis?  ",
            "answer": " An arteriovenous fistula, which was depicted in a subsequent digital subtraction angiography and a color duplex examination\n",
            "cleaned_answer": [
                "Surprisingly, a handheld Doppler device obtained a continuous machinery bruit in the anterior tibial artery/veins, suggesting an arteriovenous fistula, which was depicted in a subsequent digital subtraction angiography and a color duplex examination (Video\u00a0S1)."
            ],
            "cleaned_answer_idx": [
                5
            ]
        },
        "5": {
            "question": " What's the direct evidence that points to this diagnosis?  ",
            "answer": " A handheld Doppler device obtained a continuous machinery bruit in the anterior tibial artery/veins\n",
            "cleaned_answer": [
                "Surprisingly, a handheld Doppler device obtained a continuous machinery bruit in the anterior tibial artery/veins, suggesting an arteriovenous fistula, which was depicted in a subsequent digital subtraction angiography and a color duplex examination (Video\u00a0S1)."
            ],
            "cleaned_answer_idx": [
                5
            ]
        },
        "6": {
            "question": " What\u2019s the imaging (only provided the figure explanation here) suggest?  ",
            "answer": " which was depicted in a subsequent digital subtraction angiography\n",
            "cleaned_answer": [
                "which was depicted in a subsequent digital subtraction angiography"
            ],
            "cleaned_answer_idx": [
                3
            ]
        },
        "7": {
            "question": " What\u2019s the examination suggest?  ",
            "answer": " and a color duplex examination\n",
            "cleaned_answer": [
                "and a color duplex examination"
            ],
            "cleaned_answer_idx": [
                3
            ]
        },
        "8": {
            "question": " Is there any suggestion?  ",
            "answer": " Most likely, the Fogarty catheter had unintentionally perforated the anterior tibial artery passing into one of the adjacent anterior tibial veins.\u201d",
            "cleaned_answer": [
                "Most likely, the Fogarty catheter had unintentionally perforated the anterior tibial artery passing into one of the adjacent anterior tibial veins.\u201d"
            ],
            "cleaned_answer_idx": [
                4
            ]
        },
        "oneround_dict": {
            "input": "A 75\u2010year\u2010old man A 75\u2010year\u2010old man presented with an immediately threatened grade IIb acute ischemia of the left leg due to thrombosis of a femoro\u2010infrapopliteal prosthetic bypass graft. After an urgent computed tomography angiography, an urgent graft thrombectomy was performed using a 5 Fr Fogarty catheter, which had a troublesome distal passage. The leg recovered normal motor and sensory function. <?> which was depicted in a subsequent digital subtraction angiography and a color duplex examination Most likely, the Fogarty catheter had unintentionally perforated the anterior tibial artery passing into one of the adjacent anterior tibial veins. The patient was managed conservatively, and the arteriovenous fistula was found to be spontaneously thrombosed in a three\u2010month follow\u2010up (Video\u00a0S1). <?>",
            "groundtruth": "fistula",
            "evidence": [
                "Surprisingly, a handheld Doppler device obtained a continuous machinery bruit in the anterior tibial artery/veins, suggesting an arteriovenous fistula, which was depicted in a subsequent digital subtraction angiography and a color duplex examination (Video\u00a0S1)."
            ]
        },
        "multiround_dict": {
            "question1": "I am A 75\u2010year\u2010old man A 75\u2010year\u2010old man presented with an immediately threatened grade IIb acute ischemia of the left leg due to thrombosis of a femoro\u2010infrapopliteal prosthetic bypass graft. After an urgent computed tomography angiography, an urgent graft thrombectomy was performed using a 5 Fr Fogarty catheter, which had a troublesome distal passage. The leg recovered normal motor and sensory function. <?> Most likely, the Fogarty catheter had unintentionally perforated the anterior tibial artery passing into one of the adjacent anterior tibial veins. The patient was managed conservatively, and the arteriovenous fistula was found to be spontaneously thrombosed in a three\u2010month follow\u2010up (Video\u00a0S1).. Could you consider all possible diseases based on my information?",
            "question2": "I also have done some examination,which was depicted in a subsequent digital subtraction angiography and a color duplex examination <?>. Could you narrow down to a specific disease based on the examination? Only give me the disease name, and if there are different names for the same disease, list them separated by commas.",
            "groundtruth": "fistula",
            "evidence": [
                "Surprisingly, a handheld Doppler device obtained a continuous machinery bruit in the anterior tibial artery/veins, suggesting an arteriovenous fistula, which was depicted in a subsequent digital subtraction angiography and a color duplex examination (Video\u00a0S1)."
            ]
        }
    },
    "case 2": {
        "1": {
            "question": " Describe the patient personal information.  ",
            "answer": " A 68-year-old never-smoking female was referred to our outpatient clinic due to the stage IV lung adenocarcinoma, with involvement of the right supraclavicular lymph nodes and pelvic bones.\n",
            "cleaned_answer": [
                "A 68-year-old never-smoking female was referred to our outpatient clinic due to the stage IV lung adenocarcinoma, with involvement of the right supraclavicular lymph nodes and pelvic bones."
            ],
            "cleaned_answer_idx": [
                0
            ]
        },
        "2": {
            "question": " Describe the patient experience.  ",
            "answer": " Cisplatin and pemetrexed were used as the 1st line treatment (from December 2010 to March 2011). Due to progression of the lesion in the right lung, the patient received four cycles of docetaxel (from July 2012 to September 2012) and, subsequently, the palliative radiation to the chest in February 2013.\n",
            "cleaned_answer": [
                "Cisplatin and pemetrexed were used as the 1st line treatment (from December 2010 to March 2011).",
                "Due to progression of the lesion in the right lung, the patient received four cycles of docetaxel (from July 2012 to September 2012) and, subsequently, the palliative radiation to the chest in February 2013."
            ],
            "cleaned_answer_idx": [
                3,
                4
            ]
        },
        "3": {
            "question": " Did you notice any symptoms, such as a fever, cough, or respiratory issues?  ",
            "answer": " $No$\n",
            "cleaned_answer": [
                "$No$"
            ],
            "cleaned_answer_idx": [
                "$$"
            ]
        },
        "4": {
            "question": " What's the diagnosis?  ",
            "answer": " Stage IV lung adenocarcinoma\n",
            "cleaned_answer": [
                "A\u00a068-year-old never-smoking female was referred to our outpatient clinic due to the stage IV lung adenocarcinoma, with involvement of the right supraclavicular lymph nodes and pelvic bones."
            ],
            "cleaned_answer_idx": [
                4
            ]
        },
        "5": {
            "question": " What's the direct evidence that points to this diagnosis?  ",
            "answer": " Microscopic diagnosis was obtained via bronchoscopic biopsy and further confirmed by histologic examination of the tissue material form core needle biopsy of the supraclavicular node.\n",
            "cleaned_answer": [
                "Microscopic diagnosis was obtained via bronchoscopic biopsy and further confirmed by histologic examination of the tissue material form core needle biopsy of the supraclavicular node."
            ],
            "cleaned_answer_idx": [
                1
            ]
        },
        "6": {
            "question": " What\u2019s the imaging (only provided the figure explanation here) suggest?  ",
            "answer": " $No$\n",
            "cleaned_answer": [
                "$No$"
            ],
            "cleaned_answer_idx": [
                "$$"
            ]
        },
        "7": {
            "question": " What\u2019s the examination suggest?  ",
            "answer": " $No$\n",
            "cleaned_answer": [
                "$No$"
            ],
            "cleaned_answer_idx": [
                "$$"
            ]
        },
        "8": {
            "question": " Is there any suggestion?  ",
            "answer": " $No$\u201d",
            "cleaned_answer": [
                "$No$\u201d"
            ],
            "cleaned_answer_idx": [
                "$$"
            ]
        },
        "oneround_dict": {
            "input": "A 68-year-old never-smoking female was referred to our outpatient clinic due to the stage IV lung adenocarcinoma, with involvement of the right supraclavicular lymph nodes and pelvic bones. Microscopic diagnosis was obtained via bronchoscopic biopsy and further confirmed by histologic examination of the tissue material form core needle biopsy of the supraclavicular node. Cisplatin and pemetrexed were used as the 1st line treatment (from December 2010 to March 2011). Due to progression of the lesion in the right lung, the patient received four cycles of docetaxel (from July 2012 to September 2012) and, subsequently, the palliative radiation to the chest in February 2013.",
            "groundtruth": "adenocarcinoma",
            "evidence": [
                "A\u00a068-year-old never-smoking female was referred to our outpatient clinic due to the stage IV lung adenocarcinoma, with involvement of the right supraclavicular lymph nodes and pelvic bones."
            ]
        },
        "multiround_dict": {
            "question1": "I am A 68-year-old never-smoking female was referred to our outpatient clinic due to the stage IV lung adenocarcinoma, with involvement of the right supraclavicular lymph nodes and pelvic bones. Cisplatin and pemetrexed were used as the 1st line treatment (from December 2010 to March 2011). Due to progression of the lesion in the right lung, the patient received four cycles of docetaxel (from July 2012 to September 2012) and, subsequently, the palliative radiation to the chest in February 2013.. Could you consider all possible diseases based on my information?",
            "question2": "I also have done some examination,Microscopic diagnosis was obtained via bronchoscopic biopsy and further confirmed by histologic examination of the tissue material form core needle biopsy of the supraclavicular node.. Could you narrow down to a specific disease based on the examination? Only give me the disease name, and if there are different names for the same disease, list them separated by commas.",
            "groundtruth": "adenocarcinoma",
            "evidence": [
                "A\u00a068-year-old never-smoking female was referred to our outpatient clinic due to the stage IV lung adenocarcinoma, with involvement of the right supraclavicular lymph nodes and pelvic bones."
            ]
        }
    },
    "case 2: psp with small stepping gait (modified hoehn and yahr scale: 3)": {
        "1": {
            "question": " Describe the patient personal information.  ",
            "answer": " The participant was selected for the continuous intervention based on these assessments.\n",
            "cleaned_answer": [
                "The participant was selected for the continuous intervention based on these assessments."
            ],
            "cleaned_answer_idx": [
                4
            ]
        },
        "2": {
            "question": " Describe the patient experience.  ",
            "answer": " The results showed that step lengths were increased, as indicated by the decreased number of steps while/after wearing the HAL unit. The results showed that the effects persisted when not wearing the HAL unit.\n",
            "cleaned_answer": [
                "The results showed that step lengths were increased, as indicated by the decreased number of steps while/after wearing the HAL unit.",
                "The results showed that the effects persisted when not wearing the HAL unit."
            ],
            "cleaned_answer_idx": [
                3,
                11
            ]
        },
        "3": {
            "question": " Did you notice any symptoms, such as a fever, cough, or respiratory issues?  ",
            "answer": " $No$\n",
            "cleaned_answer": [
                "$No$"
            ],
            "cleaned_answer_idx": [
                "$$"
            ]
        },
        "4": {
            "question": " What's the diagnosis?  ",
            "answer": " Figure 4Experimental results of continuous intervention for Case 2 (progressive supranuclear palsy\u2013pure akinesia with gait freezing).\n",
            "cleaned_answer": [
                "Figure 4Experimental results of continuous intervention for Case 2 (progressive supranuclear palsy\u2013pure akinesia with gait freezing)."
            ],
            "cleaned_answer_idx": [
                11
            ]
        },
        "5": {
            "question": " What's the direct evidence that points to this diagnosis?  ",
            "answer": " $No$\n",
            "cleaned_answer": [
                "$No$"
            ],
            "cleaned_answer_idx": [
                "$$"
            ]
        },
        "6": {
            "question": " What\u2019s the imaging (only provided the figure explanation here) suggest?  ",
            "answer": " $No$\n",
            "cleaned_answer": [
                "$No$"
            ],
            "cleaned_answer_idx": [
                "$$"
            ]
        },
        "7": {
            "question": " What\u2019s the examination suggest?  ",
            "answer": " The results showed that step lengths were increased, as indicated by the decreased number of steps while/after wearing the HAL unit. The results showed that the effects persisted when not wearing the HAL unit.\n",
            "cleaned_answer": [
                "The results showed that step lengths were increased, as indicated by the decreased number of steps while/after wearing the HAL unit.",
                "The results showed that the effects persisted when not wearing the HAL unit."
            ],
            "cleaned_answer_idx": [
                3,
                11
            ]
        },
        "8": {
            "question": " Is there any suggestion?  ",
            "answer": " $No$\u201d",
            "cleaned_answer": [
                "$No$\u201d"
            ],
            "cleaned_answer_idx": [
                "$$"
            ]
        },
        "oneround_dict": {
            "input": "The results showed that step lengths were increased, as indicated by the decreased number of steps while/after wearing the HAL unit. The participant was selected for the continuous intervention based on these assessments. The results showed that the effects persisted when not wearing the HAL unit.",
            "groundtruth": "progressive supranuclear palsy\u2013pure akinesia with gait freezing",
            "evidence": [
                "Figure 4Experimental results of continuous intervention for Case 2 (progressive supranuclear palsy\u2013pure akinesia with gait freezing)."
            ]
        },
        "multiround_dict": {
            "question1": "I am The results showed that step lengths were increased, as indicated by the decreased number of steps while/after wearing the HAL unit. The participant was selected for the continuous intervention based on these assessments. The results showed that the effects persisted when not wearing the HAL unit.. Could you consider all possible diseases based on my information?",
            "question2": "I also have done some examination,The results showed that step lengths were increased, as indicated by the decreased number of steps while/after wearing the HAL unit. The results showed that the effects persisted when not wearing the HAL unit.. Could you narrow down to a specific disease based on the examination? Only give me the disease name, and if there are different names for the same disease, list them separated by commas.",
            "groundtruth": "progressive supranuclear palsy\u2013pure akinesia with gait freezing",
            "evidence": [
                "Figure 4Experimental results of continuous intervention for Case 2 (progressive supranuclear palsy\u2013pure akinesia with gait freezing)."
            ]
        }
    },
    "2. case report": {
        "1": {
            "question": " Describe the patient personal information.  ",
            "answer": " A 64-year-old man.\n",
            "cleaned_answer": [
                "A 64-year-old man."
            ],
            "cleaned_answer_idx": [
                0
            ]
        },
        "2": {
            "question": " Describe the patient experience.  ",
            "answer": " A 64-year-old man was admitted to our clinic with a 2-week history of nausea and vomiting. His past medical history included diabetes mellitus type 2 and hypertension controlled on metformin and irbesartan. He had no history of any renal disease. \n",
            "cleaned_answer": [
                "A 64-year-old man was admitted to our clinic with a 2-week history of nausea and vomiting.",
                "His past medical history included diabetes mellitus type 2 and hypertension controlled on metformin and irbesartan.",
                "He had no history of any renal disease."
            ],
            "cleaned_answer_idx": [
                0,
                1,
                2
            ]
        },
        "3": {
            "question": " Did you notice any symptoms, such as a fever, cough, or respiratory issues?  ",
            "answer": " $No$\n",
            "cleaned_answer": [
                "$No$"
            ],
            "cleaned_answer_idx": [
                "$$"
            ]
        },
        "4": {
            "question": " What's the diagnosis?  ",
            "answer": " The patient completely recovered from renal dysfunction a month after the initiation of therapy. Morphological and immunohistochemical findings supported a diagnosis of ARF due to leukaemic infiltration of the kidneys in CLL.\n",
            "cleaned_answer": [
                "The patient completely recovered from renal dysfunction a month after the initiation of therapy.",
                "Morphological and immunohistochemical findings supported a diagnosis of ARF due to leukaemic infiltration of the kidneys in CLL."
            ],
            "cleaned_answer_idx": [
                23,
                20
            ]
        },
        "5": {
            "question": " What's the direct evidence that points to this diagnosis?  ",
            "answer": " A bone marrow biopsy was consistent with CLL and these monoclonal B lymphocytes were determined by means of immunological markers: CD5, CD20, CD23, and CD79 (Figures 1(a) and 1(b)). A fine needle aspiration of the kidney was performed, and it was suggestive of diffuse leukaemic infiltration of the renal parenchyma (Figure 2(a)). Immunohistochemistry showed these cells were positive for CD20, CD5, and CD79 (Figure 2(b)).\n",
            "cleaned_answer": [
                "A bone marrow biopsy was consistent with CLL and these monoclonal B lymphocytes were determined by means of immunological markers: CD5, CD20, CD23, and CD79 (Figures 1(a) and 1(b)).",
                "A fine needle aspiration of the kidney was performed, and it was suggestive of diffuse leukaemic infiltration of the renal parenchyma (Figure 2(a)).",
                "Immunohistochemistry showed these cells were positive for CD20, CD5, and CD79 (Figure 2(b))."
            ],
            "cleaned_answer_idx": [
                15,
                17,
                18
            ]
        },
        "6": {
            "question": " What\u2019s the imaging (only provided the figure explanation here) suggest?  ",
            "answer": " (Figures 1(a) and 1(b)). (Figure 2(a)). (Figure 2(b)).\n",
            "cleaned_answer": [
                "(Figures 1(a) and 1(b)).",
                "(Figure 2(a)).",
                "(Figure 2(b))."
            ],
            "cleaned_answer_idx": [
                15,
                17,
                18
            ]
        },
        "7": {
            "question": " What\u2019s the examination suggest?  ",
            "answer": " The fundus examination was normal. There were no other abnormal findings. Initial laboratory data showed the following values: leukocyte count was 18.6 \u00d7 109/L (lymphocytes %65), hemoglobin 78\u2009g/L, thrombocytes 265 \u00d7 109/L, blood urea nitrogen 48\u2009mg/dL, serum creatinine 2.2\u2009mg/dL (estimated GFR: 38\u2009mL/min/1.73\u2009m2), sodium 137\u2009mEq/L, potassium 3.2\u2009mEq/L, lactate dehydrogenase 378\u2009U/L, uric acid 4.5\u2009mg/dL, albumin 3.7\u2009g/dL, gamma globulin level 2.5\u2009g/dL, and erythrocyte sedimentation rate 51\u2009mm/h. Serology was negative for antinuclear antibody, antineutrophil cytoplasmic antibody (ANCA), antiglomerular basement membrane antibody, HBsAg, and anti-HCV. Serum complement (C3 and C4) levels were normal and cryoglobulin was negative. Both monoclonal immunoglobulin levels and free light chain analysis for kappa and lambda in serum and urine were normal. Urine analysis showed only mild proteinuria (24\u2009h protein excretion was 100\u2009mg) without dysmorphic cells or casts. Blood smear revealed mild mature lymphocytosis. Sinus rhythm was observed on electrocardiogram. An abdominal ultrasonography (USG) revealed normal kidney size.\n",
            "cleaned_answer": [
                "The fundus examination was normal.",
                "There were no other abnormal findings.",
                "Initial laboratory data showed the following values: leukocyte count was 18.6 \u00d7 109/L (lymphocytes %65), hemoglobin 78\u2009g/L, thrombocytes 265 \u00d7 109/L, blood urea nitrogen 48\u2009mg/dL, serum creatinine 2.2\u2009mg/dL (estimated GFR: 38\u2009mL/min/1.73\u2009m2), sodium 137\u2009mEq/L, potassium 3.2\u2009mEq/L, lactate dehydrogenase 378\u2009U/L, uric acid 4.5\u2009mg/dL, albumin 3.7\u2009g/dL, gamma globulin level 2.5\u2009g/dL, and erythrocyte sedimentation rate 51\u2009mm/h.",
                "Serology was negative for antinuclear antibody, antineutrophil cytoplasmic antibody (ANCA), antiglomerular basement membrane antibody, HBsAg, and anti-HCV.",
                "Serum complement (C3 and C4) levels were normal and cryoglobulin was negative.",
                "Both monoclonal immunoglobulin levels and free light chain analysis for kappa and lambda in serum and urine were normal.",
                "Urine analysis showed only mild proteinuria (24\u2009h protein excretion was 100\u2009mg) without dysmorphic cells or casts.",
                "Blood smear revealed mild mature lymphocytosis.",
                "Sinus rhythm was observed on electrocardiogram.",
                "An abdominal ultrasonography (USG) revealed normal kidney size."
            ],
            "cleaned_answer_idx": [
                5,
                6,
                7,
                8,
                9,
                10,
                11,
                12,
                13,
                14
            ]
        },
        "8": {
            "question": " Is there any suggestion?  ",
            "answer": " The patient was started on a combination of cyclophosphamide (50\u2009mg/day) and methylprednisolone (48\u2009mg/day).\"",
            "cleaned_answer": [
                "The patient was started on a combination of cyclophosphamide (50\u2009mg/day) and methylprednisolone (48\u2009mg/day).\""
            ],
            "cleaned_answer_idx": [
                21
            ]
        },
        "oneround_dict": {
            "input": "A 64-year-old man. A 64-year-old man was admitted to our clinic with a 2-week history of nausea and vomiting. His past medical history included diabetes mellitus type 2 and hypertension controlled on metformin and irbesartan. He had no history of any renal disease. The fundus examination was normal. There were no other abnormal findings. Initial laboratory data showed the following values: leukocyte count was 18.6 \u00d7 109/L (lymphocytes %65), hemoglobin 78\u2009g/L, thrombocytes 265 \u00d7 109/L, blood urea nitrogen 48\u2009mg/dL, serum creatinine 2.2\u2009mg/dL (estimated GFR: 38\u2009mL/min/1.73\u2009m2), sodium 137\u2009mEq/L, potassium 3.2\u2009mEq/L, lactate dehydrogenase 378\u2009U/L, uric acid 4.5\u2009mg/dL, albumin 3.7\u2009g/dL, gamma globulin level 2.5\u2009g/dL, and erythrocyte sedimentation rate 51\u2009mm/h. Serology was negative for antinuclear antibody, antineutrophil cytoplasmic antibody (ANCA), antiglomerular basement membrane antibody, HBsAg, and anti-HCV. Serum complement (C3 and C4) levels were normal and cryoglobulin was negative. Both monoclonal immunoglobulin levels and free light chain analysis for kappa and lambda in serum and urine were normal. Urine analysis showed only mild proteinuria (24\u2009h protein excretion was 100\u2009mg) without dysmorphic cells or casts. Blood smear revealed mild mature lymphocytosis. Sinus rhythm was observed on electrocardiogram. An abdominal ultrasonography (USG) revealed normal kidney size. A bone marrow biopsy was consistent with CLL and these monoclonal B lymphocytes were determined by means of immunological markers: CD5, CD20, CD23, and CD79 (Figures 1(a) and 1(b)). (Figures 1(a) and 1(b)). A fine needle aspiration of the kidney was performed, and it was suggestive of diffuse leukaemic infiltration of the renal parenchyma (Figure 2(a)). (Figure 2(a)). Immunohistochemistry showed these cells were positive for CD20, CD5, and CD79 (Figure 2(b)). (Figure 2(b)).",
            "groundtruth": "ARF, leukaemic infiltration of the kidneys, CLL",
            "evidence": [
                "The patient completely recovered from renal dysfunction a month after the initiation of therapy.",
                "Morphological and immunohistochemical findings supported a diagnosis of ARF due to leukaemic infiltration of the kidneys in CLL."
            ]
        },
        "multiround_dict": {
            "question1": "I am A 64-year-old man. A 64-year-old man was admitted to our clinic with a 2-week history of nausea and vomiting. His past medical history included diabetes mellitus type 2 and hypertension controlled on metformin and irbesartan. He had no history of any renal disease.. Could you consider all possible diseases based on my information?",
            "question2": "I also have done some examination,The fundus examination was normal. There were no other abnormal findings. Initial laboratory data showed the following values: leukocyte count was 18.6 \u00d7 109/L (lymphocytes %65), hemoglobin 78\u2009g/L, thrombocytes 265 \u00d7 109/L, blood urea nitrogen 48\u2009mg/dL, serum creatinine 2.2\u2009mg/dL (estimated GFR: 38\u2009mL/min/1.73\u2009m2), sodium 137\u2009mEq/L, potassium 3.2\u2009mEq/L, lactate dehydrogenase 378\u2009U/L, uric acid 4.5\u2009mg/dL, albumin 3.7\u2009g/dL, gamma globulin level 2.5\u2009g/dL, and erythrocyte sedimentation rate 51\u2009mm/h. Serology was negative for antinuclear antibody, antineutrophil cytoplasmic antibody (ANCA), antiglomerular basement membrane antibody, HBsAg, and anti-HCV. Serum complement (C3 and C4) levels were normal and cryoglobulin was negative. Both monoclonal immunoglobulin levels and free light chain analysis for kappa and lambda in serum and urine were normal. Urine analysis showed only mild proteinuria (24\u2009h protein excretion was 100\u2009mg) without dysmorphic cells or casts. Blood smear revealed mild mature lymphocytosis. Sinus rhythm was observed on electrocardiogram. An abdominal ultrasonography (USG) revealed normal kidney size. A bone marrow biopsy was consistent with CLL and these monoclonal B lymphocytes were determined by means of immunological markers: CD5, CD20, CD23, and CD79 (Figures 1(a) and 1(b)). (Figures 1(a) and 1(b)). A fine needle aspiration of the kidney was performed, and it was suggestive of diffuse leukaemic infiltration of the renal parenchyma (Figure 2(a)). (Figure 2(a)). Immunohistochemistry showed these cells were positive for CD20, CD5, and CD79 (Figure 2(b)). (Figure 2(b)).. Could you narrow down to a specific disease based on the examination? Only give me the disease name, and if there are different names for the same disease, list them separated by commas.",
            "groundtruth": "ARF, leukaemic infiltration of the kidneys, CLL",
            "evidence": [
                "The patient completely recovered from renal dysfunction a month after the initiation of therapy.",
                "Morphological and immunohistochemical findings supported a diagnosis of ARF due to leukaemic infiltration of the kidneys in CLL."
            ]
        }
    },
    "case 1": {
        "1": {
            "question": " ",
            "answer": " A 68-year-old male patient admitted to the emergency department with complaints of shortness of breath and chest pain. The patient had a history of hypertension and cerebrovascular disease.\n",
            "cleaned_answer": [
                "A 68-year-old male patient admitted to the emergency department with complaints of shortness of breath and chest pain.",
                "The patient had a history of hypertension and cerebrovascular disease."
            ],
            "cleaned_answer_idx": [
                0,
                1
            ]
        },
        "2": {
            "question": " ",
            "answer": " The patient was diagnosed with COVID-19 based on the SARS-CoV-2 polymerase chain reaction (PCR) test in another hospital where he presented with similar complaints about a week ago and was followed up at home with the prescription of oral favipiravir 2\u2009\u00d7\u2009600\u00a0mg after a loading dose of 2\u2009\u00d7\u20091600\u00a0mg. Due to the gradual increase in shortness of breath at home, he presented to the emergency department again a week later.\n",
            "cleaned_answer": [
                "The patient was diagnosed with COVID-19 based on the SARS-CoV-2 polymerase chain reaction (PCR) test in another hospital where he presented with similar complaints about a week ago and was followed up at home with the prescription of oral favipiravir 2\u2009\u00d7\u2009600\u00a0mg after a loading dose of 2\u2009\u00d7\u20091600\u00a0mg. Due to the gradual increase in shortness of breath at home, he presented to the emergency department again a week later."
            ],
            "cleaned_answer_idx": [
                2
            ]
        },
        "3": {
            "question": " ",
            "answer": " The patient had a history of hypertension and cerebrovascular disease. The patient was diagnosed with COVID-19 based on the SARS-CoV-2 polymerase chain reaction (PCR) test in another hospital where he presented with similar complaints about a week ago. Due to the gradual increase in shortness of breath at home, he presented to the emergency department again a week later. His general condition was moderate-poor. His body temperature was 36.7\u00a0\u00b0C, oxygen saturation was 75%, heart rate was 116\u00a0bpm, and blood pressure was 145/80\u00a0mmHg. The laboratory values of the patient were as follows: white blood cell count, 22.5\u2009\u00d7\u2009103/mm3; C-reactive protein, 2.8\u00a0mg/L; and D-dimer, 2375\u00a0\u00b5g/L. The patient\u2019s saturation was 98% under 10\u00a0l/min oxygen support with a non-rebreather mask. The ordered unenhanced chest computed tomography (CT) of the patient showed diffuse air densities in the mediastinal region and an appearance consistent with pneumomediastinum. The patient was followed up in the intensive care unit for SPM and COVID-19. The patient had a progression to acute respiratory distress syndrome (ARDS) with the current clinic. Despite aggressive medical therapy, inotropic support, and mechanical ventilation support, the patient died 1\u00a0week after hospitalization.\n",
            "cleaned_answer": [
                "The patient had a history of hypertension and cerebrovascular disease.",
                "The patient was diagnosed with COVID-19 based on the SARS-CoV-2 polymerase chain reaction (PCR) test in another hospital where he presented with similar complaints about a week ago.",
                "Due to the gradual increase in shortness of breath at home, he presented to the emergency department again a week later.",
                "His general condition was moderate-poor.",
                "His body temperature was 36.7\u00a0\u00b0C, oxygen saturation was 75%, heart rate was 116\u00a0bpm, and blood pressure was 145/80\u00a0mmHg.",
                "The laboratory values of the patient were as follows: white blood cell count, 22.5\u2009\u00d7\u2009103/mm3; C-reactive protein, 2.8\u00a0mg/L; and D-dimer, 2375\u00a0\u00b5g/L.",
                "The patient\u2019s saturation was 98% under 10\u00a0l/min oxygen support with a non-rebreather mask.",
                "The ordered unenhanced chest computed tomography (CT) of the patient showed diffuse air densities in the mediastinal region and an appearance consistent with pneumomediastinum.",
                "The patient was followed up in the intensive care unit for SPM and COVID-19.",
                "The patient had a progression to acute respiratory distress syndrome (ARDS) with the current clinic.",
                "Despite aggressive medical therapy, inotropic support, and mechanical ventilation support, the patient died 1\u00a0week after hospitalization."
            ],
            "cleaned_answer_idx": [
                1,
                2,
                2,
                3,
                4,
                5,
                7,
                8,
                10,
                11,
                12
            ]
        },
        "4": {
            "question": " ",
            "answer": " The patient was diagnosed with COVID-19 based on the SARS-CoV-2 polymerase chain reaction (PCR) test in another hospital where he presented with similar complaints about a week ago. In addition, diffuse and patchy intense ground-glass density increases in the subpleural areas of both lungs, partial honeycomb lung appearance, and radiological appearance consistent with COVID-19 were present. The patient was followed up in the intensive care unit for SPM and COVID-19. The patient had a progression to acute respiratory distress syndrome (ARDS) with the current clinic. Despite aggressive medical therapy, inotropic support, and mechanical ventilation support, the patient died 1\u00a0week after hospitalization.\n",
            "cleaned_answer": [
                "The patient was diagnosed with COVID-19 based on the SARS-CoV-2 polymerase chain reaction (PCR) test in another hospital where he presented with similar complaints about a week ago.",
                "In addition, diffuse and patchy intense ground-glass density increases in the subpleural areas of both lungs, partial honeycomb lung appearance, and radiological appearance consistent with COVID-19 were present.",
                "The patient was followed up in the intensive care unit for SPM and COVID-19.",
                "The patient had a progression to acute respiratory distress syndrome (ARDS) with the current clinic.",
                "Despite aggressive medical therapy, inotropic support, and mechanical ventilation support, the patient died 1\u00a0week after hospitalization."
            ],
            "cleaned_answer_idx": [
                2,
                9,
                10,
                11,
                12
            ]
        },
        "5": {
            "question": " ",
            "answer": " The patient was diagnosed with COVID-19 based on the SARS-CoV-2 polymerase chain reaction (PCR) test in another hospital where he presented with similar complaints about a week ago. The ordered unenhanced chest computed tomography (CT) of the patient showed diffuse air densities in the mediastinal region and an appearance consistent with pneumomediastinum. In addition, diffuse and patchy intense ground-glass density increases in the subpleural areas of both lungs, partial honeycomb lung appearance, and radiological appearance consistent with COVID-19 were present.\n",
            "cleaned_answer": [
                "The patient was diagnosed with COVID-19 based on the SARS-CoV-2 polymerase chain reaction (PCR) test in another hospital where he presented with similar complaints about a week ago.",
                "The ordered unenhanced chest computed tomography (CT) of the patient showed diffuse air densities in the mediastinal region and an appearance consistent with pneumomediastinum.",
                "In addition, diffuse and patchy intense ground-glass density increases in the subpleural areas of both lungs, partial honeycomb lung appearance, and radiological appearance consistent with COVID-19 were present."
            ],
            "cleaned_answer_idx": [
                2,
                8,
                9
            ]
        },
        "6": {
            "question": " ",
            "answer": " The ordered unenhanced chest computed tomography (CT) of the patient showed diffuse air densities in the mediastinal region and an appearance consistent with pneumomediastinum. In addition, diffuse and patchy intense ground-glass density increases in the subpleural areas of both lungs, partial honeycomb lung appearance, and radiological appearance consistent with COVID-19 were present (Fig.\u00a01A\u2013B). \n",
            "cleaned_answer": [
                "The ordered unenhanced chest computed tomography (CT) of the patient showed diffuse air densities in the mediastinal region and an appearance consistent with pneumomediastinum.",
                "In addition, diffuse and patchy intense ground-glass density increases in the subpleural areas of both lungs, partial honeycomb lung appearance, and radiological appearance consistent with COVID-19 were present (Fig.",
                "It shows bilateral ground-glass opacities and parenchymal consolidation (A\u2013B)"
            ],
            "cleaned_answer_idx": [
                8,
                9,
                14
            ]
        },
        "7": {
            "question": " ",
            "answer": " His general condition was moderate-poor. His body temperature was 36.7\u00a0\u00b0C, oxygen saturation was 75%, heart rate was 116\u00a0bpm, and blood pressure was 145/80\u00a0mmHg. The laboratory values of the patient were as follows: white blood cell count, 22.5\u2009\u00d7\u2009103/mm3; C-reactive protein, 2.8\u00a0mg/L; and D-dimer, 2375\u00a0\u00b5g/L. \n",
            "cleaned_answer": [
                "His general condition was moderate-poor.",
                "His body temperature was 36.7\u00a0\u00b0C, oxygen saturation was 75%, heart rate was 116\u00a0bpm, and blood pressure was 145/80\u00a0mmHg.",
                "The laboratory values of the patient were as follows: white blood cell count, 22.5\u2009\u00d7\u2009103/mm3; C-reactive protein, 2.8\u00a0mg/L; and D-dimer, 2375\u00a0\u00b5g/L."
            ],
            "cleaned_answer_idx": [
                3,
                4,
                5
            ]
        },
        "8": {
            "question": " ",
            "answer": " $No$\u201d",
            "cleaned_answer": [
                "$No$\u201d"
            ],
            "cleaned_answer_idx": [
                "$$"
            ]
        },
        "oneround_dict": {
            "input": "A 68-year-old male patient admitted to the emergency department with complaints of shortness of breath and chest pain. The patient had a history of hypertension and cerebrovascular disease. The patient was diagnosed with COVID-19 based on the SARS-CoV-2 polymerase chain reaction (PCR) test in another hospital where he presented with similar complaints about a week ago and was followed up at home with the prescription of oral favipiravir 2\u2009\u00d7\u2009600\u00a0mg after a loading dose of 2\u2009\u00d7\u20091600\u00a0mg. Due to the gradual increase in shortness of breath at home, he presented to the emergency department again a week later. <?> Due to the gradual increase in shortness of breath at home, he presented to the emergency department again a week later.",
            "groundtruth": "COVID-19, SPM, acute respiratory distress syndrome (ARDS)",
            "evidence": [
                "The patient was diagnosed with COVID-19 based on the SARS-CoV-2 polymerase chain reaction (PCR) test in another hospital where he presented with similar complaints about a week ago.",
                "In addition, diffuse and patchy intense ground-glass density increases in the subpleural areas of both lungs, partial honeycomb lung appearance, and radiological appearance consistent with COVID-19 were present.",
                "The patient was followed up in the intensive care unit for SPM and COVID-19.",
                "The patient had a progression to acute respiratory distress syndrome (ARDS) with the current clinic.",
                "Despite aggressive medical therapy, inotropic support, and mechanical ventilation support, the patient died 1\u00a0week after hospitalization."
            ]
        },
        "multiround_dict": {
            "question1": "I am A 68-year-old male patient admitted to the emergency department with complaints of shortness of breath and chest pain. The patient had a history of hypertension and cerebrovascular disease. The patient was diagnosed with COVID-19 based on the SARS-CoV-2 polymerase chain reaction (PCR) test in another hospital where he presented with similar complaints about a week ago and was followed up at home with the prescription of oral favipiravir 2\u2009\u00d7\u2009600\u00a0mg after a loading dose of 2\u2009\u00d7\u20091600\u00a0mg. Due to the gradual increase in shortness of breath at home, he presented to the emergency department again a week later. <?> Due to the gradual increase in shortness of breath at home, he presented to the emergency department again a week later.. Could you consider all possible diseases based on my information?",
            "question2": "I also have done some examination,<?>. Could you narrow down to a specific disease based on the examination? Only give me the disease name, and if there are different names for the same disease, list them separated by commas.",
            "groundtruth": "COVID-19, SPM, acute respiratory distress syndrome (ARDS)",
            "evidence": [
                "The patient was diagnosed with COVID-19 based on the SARS-CoV-2 polymerase chain reaction (PCR) test in another hospital where he presented with similar complaints about a week ago.",
                "In addition, diffuse and patchy intense ground-glass density increases in the subpleural areas of both lungs, partial honeycomb lung appearance, and radiological appearance consistent with COVID-19 were present.",
                "The patient was followed up in the intensive care unit for SPM and COVID-19.",
                "The patient had a progression to acute respiratory distress syndrome (ARDS) with the current clinic.",
                "Despite aggressive medical therapy, inotropic support, and mechanical ventilation support, the patient died 1\u00a0week after hospitalization."
            ]
        }
    },
    "case 3": {
        "1": {
            "question": " Describe the patient personal information.",
            "answer": " A woman was admitted shortly before her 83rd birthday.\n",
            "cleaned_answer": [
                "A woman was admitted shortly before her 83rd birthday."
            ],
            "cleaned_answer_idx": [
                0
            ]
        },
        "2": {
            "question": " Describe the patient experience.",
            "answer": " with numbness and weakness in her right arm, impaired sensation below T10 bilaterally, and high-graded paraparesis since 2\u00a0days (EDSS 8.0).\n",
            "cleaned_answer": [
                "with numbness and weakness in her right arm, impaired sensation below T10 bilaterally, and high-graded paraparesis since 2\u00a0days (EDSS 8.0)."
            ],
            "cleaned_answer_idx": [
                0
            ]
        },
        "3": {
            "question": " Did you notice any symptoms, such as a fever, cough, or respiratory issues?",
            "answer": " $No$\n",
            "cleaned_answer": [
                "$No$"
            ],
            "cleaned_answer_idx": [
                "$$"
            ]
        },
        "4": {
            "question": " What's the diagnosis?",
            "answer": " Infectious myelitis was suspected.\n",
            "cleaned_answer": [
                "Infectious myelitis was suspected."
            ],
            "cleaned_answer_idx": [
                2
            ]
        },
        "5": {
            "question": " What's the direct evidence that points to this diagnosis?",
            "answer": " $No$\n",
            "cleaned_answer": [
                "$No$"
            ],
            "cleaned_answer_idx": [
                "$$"
            ]
        },
        "6": {
            "question": " What\u2019s the imaging (only provided the figure explanation here) suggest?",
            "answer": " $No$\n",
            "cleaned_answer": [
                "$No$"
            ],
            "cleaned_answer_idx": [
                "$$"
            ]
        },
        "7": {
            "question": " What\u2019s the examination suggest?",
            "answer": " $No$\n",
            "cleaned_answer": [
                "$No$"
            ],
            "cleaned_answer_idx": [
                "$$"
            ]
        },
        "8": {
            "question": " Is there any suggestion?",
            "answer": " antimicrobial treatment started.\u201d",
            "cleaned_answer": [
                "antimicrobial treatment started.\u201d"
            ],
            "cleaned_answer_idx": [
                2
            ]
        },
        "oneround_dict": {
            "input": "A woman was admitted shortly before her 83rd birthday. with numbness and weakness in her right arm, impaired sensation below T10 bilaterally, and high-graded paraparesis since 2\u00a0days (EDSS 8.0).",
            "groundtruth": "Myelitis",
            "evidence": [
                "Infectious myelitis was suspected."
            ]
        },
        "multiround_dict": {
            "question": "I am A woman was admitted shortly before her 83rd birthday. with numbness and weakness in her right arm, impaired sensation below T10 bilaterally, and high-graded paraparesis since 2\u00a0days (EDSS 8.0).. Could you consider all possible diseases based on my information? And then narrow down to a specific disease based on the examination? Only give me the disease name, and if there are different names for the same disease, list them separated by commas.",
            "groundtruth": "Myelitis",
            "evidence": [
                "Infectious myelitis was suspected."
            ]
        }
    },
    "case series": {
        "1": {
            "question": " Describe the patient personal information.",
            "answer": " A 79-year-old man was admitted to a municipal hospital.\n",
            "cleaned_answer": [
                "A 79-year-old man was admitted to a municipal hospital."
            ],
            "cleaned_answer_idx": [
                0
            ]
        },
        "2": {
            "question": " Describe the patient experience.",
            "answer": " With a bilateral sensory level below T3 and gait ataxia since the last month (EDSS 6.5). Symptoms improved after intravenous glucocorticoids (EDSS 5.0).\n",
            "cleaned_answer": [
                "A 79-year-old man was admitted to a municipal hospital with a bilateral sensory level below T3 and gait ataxia since the last month (EDSS 6.5).",
                "Autoimmune myelitis was suspected, and symptoms improved after intravenous glucocorticoids (EDSS 5.0)."
            ],
            "cleaned_answer_idx": [
                3,
                3
            ]
        },
        "3": {
            "question": " Did you notice any symptoms, such as a fever, cough, or respiratory issues?",
            "answer": " $No$\n",
            "cleaned_answer": [
                "$No$"
            ],
            "cleaned_answer_idx": [
                "$$"
            ]
        },
        "4": {
            "question": " What's the diagnosis?",
            "answer": " Autoimmune myelitis was suspected.\n",
            "cleaned_answer": [
                "Autoimmune myelitis was suspected."
            ],
            "cleaned_answer_idx": [
                3
            ]
        },
        "5": {
            "question": " What's the direct evidence that points to this diagnosis?",
            "answer": " $No$\n",
            "cleaned_answer": [
                "$No$"
            ],
            "cleaned_answer_idx": [
                "$$"
            ]
        },
        "6": {
            "question": " What\u2019s the imaging (only provided the figure explanation here) suggest?",
            "answer": " Magnetic resonance imaging (MRI) revealed spinal cord lesions at vertebra C1-4, at T3/4, and brain microangiopathy.\n",
            "cleaned_answer": [
                "Magnetic resonance imaging (MRI) revealed spinal cord lesions at vertebra C1-4, at T3/4, and brain microangiopathy."
            ],
            "cleaned_answer_idx": [
                1
            ]
        },
        "7": {
            "question": " What\u2019s the examination suggest?",
            "answer": " Cerebrospinal fluid (CSF) analysis showed mildly increased albumin, but normal immunoglobulin G (IgG), negative oligoclonal bands (OCB), and a normal cell count.\n",
            "cleaned_answer": [
                "Cerebrospinal fluid (CSF) analysis showed mildly increased albumin, but normal immunoglobulin G (IgG), negative oligoclonal bands (OCB), and a normal cell count."
            ],
            "cleaned_answer_idx": [
                2
            ]
        },
        "8": {
            "question": " Is there any suggestion?",
            "answer": " $No$\u201d",
            "cleaned_answer": [
                "$No$\u201d"
            ],
            "cleaned_answer_idx": [
                "$$"
            ]
        },
        "oneround_dict": {
            "input": "A 79-year-old man was admitted to a municipal hospital. Magnetic resonance imaging (MRI) revealed spinal cord lesions at vertebra C1-4, at T3/4, and brain microangiopathy. Cerebrospinal fluid (CSF) analysis showed mildly increased albumin, but normal immunoglobulin G (IgG), negative oligoclonal bands (OCB), and a normal cell count. A 79-year-old man was admitted to a municipal hospital with a bilateral sensory level below T3 and gait ataxia since the last month (EDSS 6.5). Autoimmune myelitis was suspected, and symptoms improved after intravenous glucocorticoids (EDSS 5.0).",
            "groundtruth": "Myelitis",
            "evidence": [
                "Autoimmune myelitis was suspected."
            ]
        },
        "multiround_dict": {
            "question1": "I am A 79-year-old man was admitted to a municipal hospital. A 79-year-old man was admitted to a municipal hospital with a bilateral sensory level below T3 and gait ataxia since the last month (EDSS 6.5). Autoimmune myelitis was suspected, and symptoms improved after intravenous glucocorticoids (EDSS 5.0).. Could you consider all possible diseases based on my information?",
            "question2": "I also have done some examination,Magnetic resonance imaging (MRI) revealed spinal cord lesions at vertebra C1-4, at T3/4, and brain microangiopathy. Cerebrospinal fluid (CSF) analysis showed mildly increased albumin, but normal immunoglobulin G (IgG), negative oligoclonal bands (OCB), and a normal cell count.. Could you narrow down to a specific disease based on the examination? Only give me the disease name, and if there are different names for the same disease, list them separated by commas.",
            "groundtruth": "Myelitis",
            "evidence": [
                "Autoimmune myelitis was suspected."
            ]
        }
    },
    "confirmed episignature for our case.": {
        "1": {
            "question": " ",
            "answer": " $No$\n",
            "cleaned_answer": [
                "$No$"
            ],
            "cleaned_answer_idx": [
                "$$"
            ]
        },
        "2": {
            "question": " ",
            "answer": " $No$\n",
            "cleaned_answer": [
                "$No$"
            ],
            "cleaned_answer_idx": [
                "$$"
            ]
        },
        "3": {
            "question": " ",
            "answer": " $No$\n",
            "cleaned_answer": [
                "$No$"
            ],
            "cleaned_answer_idx": [
                "$$"
            ]
        },
        "4": {
            "question": " ",
            "answer": " Our case is showing an high MVP score, suggesting the presence of the CdLS episignature.\n",
            "cleaned_answer": [
                "Our case is showing an high MVP score, suggesting the presence of the CdLS episignature."
            ],
            "cleaned_answer_idx": [
                3
            ]
        },
        "5": {
            "question": " ",
            "answer": " The methylation variant pathogenicity (MVP) score range from 0 to 1. Scores approaching 1 indicate a high likelihood of a methylation pattern characteristic of the target syndrome (CdLS), while scores close to 0 indicating a methylation profile similar to controls. Our case is showing an high MVP score.\n",
            "cleaned_answer": [
                "The methylation variant pathogenicity (MVP) score range from 0 to 1.",
                "Scores approaching 1 indicate a high likelihood of a methylation pattern characteristic of the target syndrome (CdLS), while scores close to 0 indicating a methylation profile similar to controls.",
                "Our case is showing an high MVP score."
            ],
            "cleaned_answer_idx": [
                0,
                2,
                3
            ]
        },
        "6": {
            "question": " ",
            "answer": " A\u00a0Hierarchical clustering and B multidimensional scaling plots demonstrate the clustering of our case (shown in red) with the CdLS cases (marked in blue), which is distinct from controls (individuals without CdLS or VRJS; shown in green).\n",
            "cleaned_answer": [
                "A\u00a0Hierarchical clustering and B multidimensional scaling plots demonstrate the clustering of our case (shown in red) with the CdLS cases (marked in blue), which is distinct from controls (individuals without CdLS or VRJS; shown in green)."
            ],
            "cleaned_answer_idx": [
                0
            ]
        },
        "7": {
            "question": " ",
            "answer": " A\u00a0Hierarchical clustering and B multidimensional scaling plots demonstrate the clustering of our case (shown in red) with the CdLS cases (marked in blue), which is distinct from controls (individuals without CdLS or VRJS; shown in green).\n",
            "cleaned_answer": [
                "A\u00a0Hierarchical clustering and B multidimensional scaling plots demonstrate the clustering of our case (shown in red) with the CdLS cases (marked in blue), which is distinct from controls (individuals without CdLS or VRJS; shown in green)."
            ],
            "cleaned_answer_idx": [
                0
            ]
        },
        "8": {
            "question": " ",
            "answer": " $No$",
            "cleaned_answer": [
                "$No$"
            ],
            "cleaned_answer_idx": [
                "$$"
            ]
        },
        "oneround_dict": {
            "input": "The methylation variant pathogenicity (MVP) score range from 0 to 1. A\u00a0Hierarchical clustering and B multidimensional scaling plots demonstrate the clustering of our case (shown in red) with the CdLS cases (marked in blue), which is distinct from controls (individuals without CdLS or VRJS; shown in green). Scores approaching 1 indicate a high likelihood of a methylation pattern characteristic of the target syndrome (CdLS), while scores close to 0 indicating a methylation profile similar to controls. Our case is showing an high MVP score.",
            "groundtruth": "MVP score, CdLS episignature",
            "evidence": [
                "Our case is showing an high MVP score, suggesting the presence of the CdLS episignature."
            ]
        },
        "multiround_dict": {
            "question": "I have done some examination. The methylation variant pathogenicity (MVP) score range from 0 to 1. A\u00a0Hierarchical clustering and B multidimensional scaling plots demonstrate the clustering of our case (shown in red) with the CdLS cases (marked in blue), which is distinct from controls (individuals without CdLS or VRJS; shown in green). Scores approaching 1 indicate a high likelihood of a methylation pattern characteristic of the target syndrome (CdLS), while scores close to 0 indicating a methylation profile similar to controls. Our case is showing an high MVP score.. Could you consider all possible diseases based on my information? And then narrow down to a specific disease based on the examination? Only give me the disease name, and if there are different names for the same disease, list them separated by commas.",
            "groundtruth": "MVP score, CdLS episignature",
            "evidence": [
                "Our case is showing an high MVP score, suggesting the presence of the CdLS episignature."
            ]
        }
    }
}