{
    "case": {
        "1": {
            "question": " Describe the patient personal information.  ",
            "answer": " A 26-year-old female was admitted for MHL.\n",
            "cleaned_answer": [
                "A 26-year-old female was admitted for MHL."
            ],
            "cleaned_answer_idx": [
                0
            ]
        },
        "2": {
            "question": " Describe the patient experience.  ",
            "answer": " At the age of 16 months, a mass measuring 9 cm \u00d7 8 cm with multiple septations in the right lobe of the liver was noted during the assessment of abdominal distension using ultrasonography (US) and magnetic resonance imaging (MRI) (Fig. 1A, 1B). Based on these findings, the patient was diagnosed with MHL. However, the scheduled hepatic mass resection was cancelled due to an upper respiratory infection. Since this mass did not cause any symptoms, the patient underwent regular sonographic follow-up every 2 years until the age of 10 years. Subsequently, the patient was lost to follow-up. At the age of 26 years, the patient returned to our clinic with abdominal pain lasting for 6 weeks. Computed tomography (CT) revealed an increase in mass size to 12.9 cm \u00d7 8.3 cm and a newly developed peripheral enhancing lesion in its posterior portion measuring 6 cm (Fig. 1C). Follow-up MRI and 18F-fluorodeoxyglucose positron emission tomography (PET) could not exclude malignant transformation (Fig. 1D, 1E). In addition, enlarged lymph nodes (LN) in the hepatoduodenal ligament and portocaval space were also identified. Mass excision with segment 5 and 6 hepatic segmentectomy (non-anatomical) and en bloc hilar LN dissection was performed. The mass was approached via an upper midline incision, and a mass measuring 16 cm was excised with a part of segments 5 and 6 of the liver parenchyma. Intraoperative frozen biopsy of the hilar LN showed no evidence of a tumor. Histopathological examination of the mass measuring 12.0 cm \u00d7 11.0 cm \u00d7 8.0 cm confirmed the diagnosis of iCCA in the background of MHL, with a T2N0M0 pathological stage (stage II). Although lymphatic and venous invasions were noted, the resection margin was free from tumor cells. Immunohistochemical analysis revealed cytokeratin (CK) 19 and p40 positivity and loss of p53 expression; thus, the final diagnosis was iCCA with squamous differentiation (Fig. 2). The patient recovered well postoperatively; however, a biloma was observed at the resection site, which required percutaneous drainage for 29 days. Furthermore, adjuvant chemotherapy (5-fluorouracil, 810 mg, six cycles) was initiated on postoperative day 60. After surgery and adjuvant chemotherapy, the serum levels of CEA and CA 19-9 decreased to 1.6 U/mL and 7 ng/mL, respectively (Fig. 3).\n",
            "cleaned_answer": [
                "At the age of 16 months, a mass measuring 9 cm \u00d7 8 cm with multiple septations in the right lobe of the liver was noted during the assessment of abdominal distension using ultrasonography (US) and magnetic resonance imaging (MRI) (Fig.",
                "1A, 1B).",
                "Based on these findings, the patient was diagnosed with MHL.",
                "However, the scheduled hepatic mass resection was cancelled due to an upper respiratory infection.",
                "Since this mass did not cause any symptoms, the patient underwent regular sonographic follow-up every 2 years until the age of 10 years.",
                "Subsequently, the patient was lost to follow-up.",
                "At the age of 26 years, the patient returned to our clinic with abdominal pain lasting for 6 weeks.",
                "Computed tomography (CT) revealed an increase in mass size to 12.9 cm \u00d7 8.3 cm and a newly developed peripheral enhancing lesion in its posterior portion measuring 6 cm (Fig.",
                "1C).",
                "Follow-up MRI and 18F-fluorodeoxyglucose positron emission tomography (PET) could not exclude malignant transformation (Fig.",
                "1D, 1E).",
                "In addition, enlarged lymph nodes (LN) in the hepatoduodenal ligament and portocaval space were also identified.",
                "Mass excision with segment 5 and 6 hepatic segmentectomy (non-anatomical) and en bloc hilar LN dissection was performed.",
                "The mass was approached via an upper midline incision, and a mass measuring 16 cm was excised with a part of segments 5 and 6 of the liver parenchyma.",
                "Intraoperative frozen biopsy of the hilar LN showed no evidence of a tumor.",
                "Histopathological examination of the mass measuring 12.0 cm \u00d7 11.0 cm \u00d7 8.0 cm confirmed the diagnosis of iCCA in the background of MHL, with a T2N0M0 pathological stage (stage II).",
                "Although lymphatic and venous invasions were noted, the resection margin was free from tumor cells.",
                "Immunohistochemical analysis revealed cytokeratin (CK) 19 and p40 positivity and loss of p53 expression; thus, the final diagnosis was iCCA with squamous differentiation (Fig.",
                "2).",
                "The patient recovered well postoperatively; however, a biloma was observed at the resection site, which required percutaneous drainage for 29 days.",
                "Furthermore, adjuvant chemotherapy (5-fluorouracil, 810 mg, six cycles) was initiated on postoperative day 60.",
                "After surgery and adjuvant chemotherapy, the serum levels of CEA and CA 19-9 decreased to 1.6 U/mL and 7 ng/mL, respectively (Fig.",
                "3)."
            ],
            "cleaned_answer_idx": [
                1,
                2,
                3,
                6,
                7,
                8,
                9,
                10,
                11,
                12,
                13,
                14,
                18,
                19,
                20,
                21,
                22,
                23,
                0,
                25,
                26,
                27,
                5
            ]
        },
        "3": {
            "question": " Did you notice any symptoms, such as a fever, cough, or respiratory issues?  ",
            "answer": " However, the scheduled hepatic mass resection was cancelled due to an upper respiratory infection.\n",
            "cleaned_answer": [
                "However, the scheduled hepatic mass resection was cancelled due to an upper respiratory infection."
            ],
            "cleaned_answer_idx": [
                6
            ]
        },
        "4": {
            "question": " What's the diagnosis?  ",
            "answer": " Based on these findings, the patient was diagnosed with MHL. Histopathological examination of the mass measuring 12.0 cm \u00d7 11.0 cm \u00d7 8.0 cm confirmed the diagnosis of iCCA in the background of MHL, with a T2N0M0 pathological stage (stage II). Thus, the final diagnosis was iCCA with squamous differentiation (Fig. 2).\n",
            "cleaned_answer": [
                "Based on these findings, the patient was diagnosed with MHL.",
                "Histopathological examination of the mass measuring 12.0 cm \u00d7 11.0 cm \u00d7 8.0 cm confirmed the diagnosis of iCCA in the background of MHL, with a T2N0M0 pathological stage (stage II).",
                "Immunohistochemical analysis revealed cytokeratin (CK) 19 and p40 positivity and loss of p53 expression; thus, the final diagnosis was iCCA with squamous differentiation (Fig.",
                "2)."
            ],
            "cleaned_answer_idx": [
                3,
                21,
                28,
                0
            ]
        },
        "5": {
            "question": " What's the direct evidence that points to this diagnosis?  ",
            "answer": " Histopathological examination of the mass measuring 12.0 cm \u00d7 11.0 cm \u00d7 8.0 cm confirmed the diagnosis of iCCA in the background of MHL, with a T2N0M0 pathological stage (stage II). Immunohistochemical analysis revealed cytokeratin (CK) 19 and p40 positivity and loss of p53 expression; thus, the final diagnosis was iCCA with squamous differentiation (Fig. 2).\n",
            "cleaned_answer": [
                "Histopathological examination of the mass measuring 12.0 cm \u00d7 11.0 cm \u00d7 8.0 cm confirmed the diagnosis of iCCA in the background of MHL, with a T2N0M0 pathological stage (stage II).",
                "Immunohistochemical analysis revealed cytokeratin (CK) 19 and p40 positivity and loss of p53 expression; thus, the final diagnosis was iCCA with squamous differentiation (Fig.",
                "2)."
            ],
            "cleaned_answer_idx": [
                21,
                23,
                0
            ]
        },
        "6": {
            "question": " What\u2019s the imaging (only provided the figure explanation here) suggest?  ",
            "answer": " $No$\n",
            "cleaned_answer": [
                "$No$"
            ],
            "cleaned_answer_idx": [
                "$$"
            ]
        },
        "7": {
            "question": " What\u2019s the examination suggest?  ",
            "answer": " Intraoperative frozen biopsy of the hilar LN showed no evidence of a tumor.\n",
            "cleaned_answer": [
                "Intraoperative frozen biopsy of the hilar LN showed no evidence of a tumor."
            ],
            "cleaned_answer_idx": [
                20
            ]
        },
        "8": {
            "question": " Is there any suggestion?  ",
            "answer": " $No$\"",
            "cleaned_answer": [
                "$No$\""
            ],
            "cleaned_answer_idx": [
                "$$"
            ]
        },
        "oneround_dict": {
            "input": "A 26-year-old female was admitted for MHL. 2). At the age of 16 months, a mass measuring 9 cm \u00d7 8 cm with multiple septations in the right lobe of the liver was noted during the assessment of abdominal distension using ultrasonography (US) and magnetic resonance imaging (MRI) (Fig. 1A, 1B). <?>",
            "groundtruth": "MHL, iCCA, squamous differentiation",
            "evidence": [
                "Based on these findings, the patient was diagnosed with MHL.",
                "Histopathological examination of the mass measuring 12.0 cm \u00d7 11.0 cm \u00d7 8.0 cm confirmed the diagnosis of iCCA in the background of MHL, with a T2N0M0 pathological stage (stage II).",
                "Immunohistochemical analysis revealed cytokeratin (CK) 19 and p40 positivity and loss of p53 expression; thus, the final diagnosis was iCCA with squamous differentiation (Fig.",
                "2)."
            ]
        },
        "multiround_dict": {
            "question1": "I am A 26-year-old female was admitted for MHL. 2). At the age of 16 months, a mass measuring 9 cm \u00d7 8 cm with multiple septations in the right lobe of the liver was noted during the assessment of abdominal distension using ultrasonography (US) and magnetic resonance imaging (MRI) (Fig. 1A, 1B). <?>. Could you consider all possible diseases based on my information?",
            "question2": "I also have done some examination,2).. Could you narrow down to a specific disease based on the examination? Only give me the disease name, and if there are different names for the same disease, list them separated by commas.",
            "groundtruth": "MHL, iCCA, squamous differentiation",
            "evidence": [
                "Based on these findings, the patient was diagnosed with MHL.",
                "Histopathological examination of the mass measuring 12.0 cm \u00d7 11.0 cm \u00d7 8.0 cm confirmed the diagnosis of iCCA in the background of MHL, with a T2N0M0 pathological stage (stage II).",
                "Immunohistochemical analysis revealed cytokeratin (CK) 19 and p40 positivity and loss of p53 expression; thus, the final diagnosis was iCCA with squamous differentiation (Fig.",
                "2)."
            ]
        }
    },
    "case report": {
        "1": {
            "question": " Describe the patient personal information.  ",
            "answer": " A 55-year-old man \n",
            "cleaned_answer": [
                "A 55-year-old man"
            ],
            "cleaned_answer_idx": [
                0
            ]
        },
        "2": {
            "question": " Describe the patient experience.  ",
            "answer": " When the mass was first detected 1 year earlier, he felt swelling without pain. At 6 months earlier, the patient experienced pain in the left inguinal area. The pain worsened during activity and was relieved at rest, obviously affecting his daily life. \n",
            "cleaned_answer": [
                "When the mass was first detected 1 year earlier, he felt swelling without pain.",
                "At 6 months earlier, the patient experienced pain in the left inguinal area.",
                "The pain worsened during activity and was relieved at rest, obviously affecting his daily life."
            ],
            "cleaned_answer_idx": [
                1,
                3,
                4
            ]
        },
        "3": {
            "question": " Did you notice any symptoms, such as a fever, cough, or respiratory issues?  ",
            "answer": " $No$\n",
            "cleaned_answer": [
                "$No$"
            ],
            "cleaned_answer_idx": [
                "$$"
            ]
        },
        "4": {
            "question": " What's the diagnosis?  ",
            "answer": " The pathological examination revealed that the left inguinal mass was a malignant tumor of cutaneous accessory origin (pilomatrix carcinoma) with extensive vitreous changes. The suprapupubis branch mass was considered to be a bone metastatic pilomatrix carcinoma \n",
            "cleaned_answer": [
                "The pathological examination revealed that the left inguinal mass was a malignant tumor of cutaneous accessory origin (pilomatrix carcinoma) with extensive vitreous changes.",
                "The suprapupubis branch mass was considered to be a bone metastatic pilomatrix carcinoma"
            ],
            "cleaned_answer_idx": [
                10,
                11
            ]
        },
        "5": {
            "question": " What's the direct evidence that points to this diagnosis?  ",
            "answer": " The pathological examination revealed that the left inguinal mass was a malignant tumor of cutaneous accessory origin (pilomatrix carcinoma) with extensive vitreous changes. The suprapupubis branch mass was considered to be a bone metastatic pilomatrix carcinoma \n",
            "cleaned_answer": [
                "The pathological examination revealed that the left inguinal mass was a malignant tumor of cutaneous accessory origin (pilomatrix carcinoma) with extensive vitreous changes.",
                "The suprapupubis branch mass was considered to be a bone metastatic pilomatrix carcinoma"
            ],
            "cleaned_answer_idx": [
                10,
                11
            ]
        },
        "6": {
            "question": " What\u2019s the imaging (only provided the figure explanation here) suggest?  ",
            "answer": " The MRI results showed the following: ( Figure 2 ) the left suprapuphysical branch and left acetabulum had bone destruction; the iliosal muscle of the left iliac bone anterior edge had an irregular, slightly longer T1 and a slightly longer T2 confounding signal, a visible, patchy, short T2 signal, and an unclear boundary; the pressure lipid sequence was mixed with a high signal, approximately 7.21 cm \u00d7 4.88 cm; and the left iliac fossa and left inguinal area had scattered enlarged lymph nodes, with a larger diameter of approximately 1.6 cm. The chest CT showed multiple calcification foci and a few cables in the posterior segment of the upper lobe of the left lung and small nodules in the posterior segment of the right upper lung and the dorsal segment of the left lung; the larger diameter was approximately 3.4 mm, and there was a clear texture in the remaining lungs, with no signs of stenosis or compression ( Figure 2 ). \n",
            "cleaned_answer": [
                "The MRI results showed the following: ( Figure 2 ) the left suprapuphysical branch and left acetabulum had bone destruction; the iliosal muscle of the left iliac bone anterior edge had an irregular, slightly longer T1 and a slightly longer T2 confounding signal, a visible, patchy, short T2 signal, and an unclear boundary; the pressure lipid sequence was mixed with a high signal, approximately 7.21 cm \u00d7 4.88 cm; and the left iliac fossa and left inguinal area had scattered enlarged lymph nodes, with a larger diameter of approximately 1.6 cm.",
                "The chest CT showed multiple calcification foci and a few cables in the posterior segment of the upper lobe of the left lung and small nodules in the posterior segment of the right upper lung and the dorsal segment of the left lung; the larger diameter was approximately 3.4 mm, and there was a clear texture in the remaining lungs, with no signs of stenosis or compression ( Figure 2 )."
            ],
            "cleaned_answer_idx": [
                7,
                8
            ]
        },
        "7": {
            "question": " What\u2019s the examination suggest?  ",
            "answer": " The pathological examination revealed that the left inguinal mass was a malignant tumor of cutaneous accessory origin (pilomatrix carcinoma) with extensive vitreous changes. The suprapupubis branch mass was considered to be a bone metastatic pilomatrix carcinoma ( Figure 3 ). Immunohistochemical detection revealed a PDL1 combined positive score (CPS) of 8 ( Figure 4 ). High-throughput next-generation sequence (NGS) revealed a CDKN2A L65Rfs53 mutation with a frequency of 33% in biopsy tissue, suggesting that abemaciclib or palbociclib might be effective for treating this tumor, but there is a lack of supporting evidence from clinical trials. Genetic testing revealed microsatellite stabilization (MSS) and a low tumor mutation burden (TMB-L, 1.0 muts/Mb). \n",
            "cleaned_answer": [
                "The pathological examination revealed that the left inguinal mass was a malignant tumor of cutaneous accessory origin (pilomatrix carcinoma) with extensive vitreous changes.",
                "The suprapupubis branch mass was considered to be a bone metastatic pilomatrix carcinoma ( Figure 3 ).",
                "Immunohistochemical detection revealed a PDL1 combined positive score (CPS) of 8 ( Figure 4 ).",
                "High-throughput next-generation sequence (NGS) revealed a CDKN2A L65Rfs53 mutation with a frequency of 33% in biopsy tissue, suggesting that abemaciclib or palbociclib might be effective for treating this tumor, but there is a lack of supporting evidence from clinical trials.",
                "Genetic testing revealed microsatellite stabilization (MSS) and a low tumor mutation burden (TMB-L, 1.0 muts/Mb)."
            ],
            "cleaned_answer_idx": [
                10,
                11,
                12,
                13,
                14
            ]
        },
        "8": {
            "question": " Is there any suggestion?  ",
            "answer": " High-throughput next-generation sequence (NGS) revealed a CDKN2A L65Rfs53 mutation with a frequency of 33% in biopsy tissue, suggesting that abemaciclib or palbociclib might be effective for treating this tumor, but there is a lack of supporting evidence from clinical trials.\u201d",
            "cleaned_answer": [
                "High-throughput next-generation sequence (NGS) revealed a CDKN2A L65Rfs53 mutation with a frequency of 33% in biopsy tissue, suggesting that abemaciclib or palbociclib might be effective for treating this tumor, but there is a lack of supporting evidence from clinical trials.\u201d"
            ],
            "cleaned_answer_idx": [
                13
            ]
        },
        "oneround_dict": {
            "input": "A 55-year-old man When the mass was first detected 1 year earlier, he felt swelling without pain. At 6 months earlier, the patient experienced pain in the left inguinal area. The pain worsened during activity and was relieved at rest, obviously affecting his daily life. The MRI results showed the following: ( Figure 2 ) the left suprapuphysical branch and left acetabulum had bone destruction; the iliosal muscle of the left iliac bone anterior edge had an irregular, slightly longer T1 and a slightly longer T2 confounding signal, a visible, patchy, short T2 signal, and an unclear boundary; the pressure lipid sequence was mixed with a high signal, approximately 7.21 cm \u00d7 4.88 cm; and the left iliac fossa and left inguinal area had scattered enlarged lymph nodes, with a larger diameter of approximately 1.6 cm. The chest CT showed multiple calcification foci and a few cables in the posterior segment of the upper lobe of the left lung and small nodules in the posterior segment of the right upper lung and the dorsal segment of the left lung; the larger diameter was approximately 3.4 mm, and there was a clear texture in the remaining lungs, with no signs of stenosis or compression ( Figure 2 ). <?>",
            "groundtruth": "malignant tumor, pilomatrix carcinoma, bone metastatic pilomatrix carcinoma",
            "evidence": [
                "The pathological examination revealed that the left inguinal mass was a malignant tumor of cutaneous accessory origin (pilomatrix carcinoma) with extensive vitreous changes.",
                "The suprapupubis branch mass was considered to be a bone metastatic pilomatrix carcinoma"
            ]
        },
        "multiround_dict": {
            "question1": "I am A 55-year-old man When the mass was first detected 1 year earlier, he felt swelling without pain. At 6 months earlier, the patient experienced pain in the left inguinal area. The pain worsened during activity and was relieved at rest, obviously affecting his daily life.. Could you consider all possible diseases based on my information?",
            "question2": "I also have done some examination,The MRI results showed the following: ( Figure 2 ) the left suprapuphysical branch and left acetabulum had bone destruction; the iliosal muscle of the left iliac bone anterior edge had an irregular, slightly longer T1 and a slightly longer T2 confounding signal, a visible, patchy, short T2 signal, and an unclear boundary; the pressure lipid sequence was mixed with a high signal, approximately 7.21 cm \u00d7 4.88 cm; and the left iliac fossa and left inguinal area had scattered enlarged lymph nodes, with a larger diameter of approximately 1.6 cm. The chest CT showed multiple calcification foci and a few cables in the posterior segment of the upper lobe of the left lung and small nodules in the posterior segment of the right upper lung and the dorsal segment of the left lung; the larger diameter was approximately 3.4 mm, and there was a clear texture in the remaining lungs, with no signs of stenosis or compression ( Figure 2 ). <?>. Could you narrow down to a specific disease based on the examination? Only give me the disease name, and if there are different names for the same disease, list them separated by commas.",
            "groundtruth": "malignant tumor, pilomatrix carcinoma, bone metastatic pilomatrix carcinoma",
            "evidence": [
                "The pathological examination revealed that the left inguinal mass was a malignant tumor of cutaneous accessory origin (pilomatrix carcinoma) with extensive vitreous changes.",
                "The suprapupubis branch mass was considered to be a bone metastatic pilomatrix carcinoma"
            ]
        }
    },
    "2. case presentation": {
        "1": {
            "question": " Describe the patient personal information.  ",
            "answer": " A 20-year-old primigravida was referred to the Gynecology and Obstetrics Service of the University Hospital of the Federal University of Maranh\u00e3o (UFMA).  \n",
            "cleaned_answer": [
                "A 20-year-old primigravida was referred to the Gynecology and Obstetrics Service of the University Hospital of the Federal University of Maranh\u00e3o (UFMA)."
            ],
            "cleaned_answer_idx": [
                0
            ]
        },
        "2": {
            "question": " Describe the patient experience.  ",
            "answer": " A 2DUS examination performed in our institution revealed pregnancy of 23 weeks and 4 days, with a female fetus presenting a bulky solid mass with cystic components and calcifications, measuring 7.7 \u00d7 9.1 \u00d7 12.2\u2009cm, starting from the sacral region, with internal flow seen on color Doppler (Figure 1). 3DUS was performed using the Voluson 730 Pro apparatus (General Electric Medical System, Zipf, Austria), with a volumetric convex transducer (RAB 4\u20138L) in rendering mode. This clearly showed the spatial relationships between the mass and the fetal pelvis and made it possible for the parents to understand the pathological condition better (Figure 2). A new ultrasound examination confirmed that fetal death occurred at 25 weeks and 4 days of pregnancy, due to hydrops. The postnatal macroscopic findings confirmed the diagnosis of sacrococcygeal teratoma (Figure 3).  \n",
            "cleaned_answer": [
                "A 2DUS examination performed in our institution revealed pregnancy of 23 weeks and 4 days, with a female fetus presenting a bulky solid mass with cystic components and calcifications, measuring 7.7 \u00d7 9.1 \u00d7 12.2\u2009cm, starting from the sacral region, with internal flow seen on color Doppler (Figure 1).",
                "3DUS was performed using the Voluson 730 Pro apparatus (General Electric Medical System, Zipf, Austria), with a volumetric convex transducer (RAB 4\u20138L) in rendering mode.",
                "This clearly showed the spatial relationships between the mass and the fetal pelvis and made it possible for the parents to understand the pathological condition better (Figure 2).",
                "A new ultrasound examination confirmed that fetal death occurred at 25 weeks and 4 days of pregnancy, due to hydrops.",
                "The postnatal macroscopic findings confirmed the diagnosis of sacrococcygeal teratoma (Figure 3)."
            ],
            "cleaned_answer_idx": [
                1,
                2,
                3,
                4,
                5
            ]
        },
        "3": {
            "question": " Did you notice any symptoms, such as a fever, cough, or respiratory issues?  ",
            "answer": " $No$  \n",
            "cleaned_answer": [
                "$No$"
            ],
            "cleaned_answer_idx": [
                "$$"
            ]
        },
        "4": {
            "question": " What's the diagnosis?  ",
            "answer": " The postnatal macroscopic findings confirmed the diagnosis of sacrococcygeal teratoma (Figure 3).  \n",
            "cleaned_answer": [
                "The postnatal macroscopic findings confirmed the diagnosis of sacrococcygeal teratoma (Figure 3)."
            ],
            "cleaned_answer_idx": [
                5
            ]
        },
        "5": {
            "question": " What's the direct evidence that points to this diagnosis?  ",
            "answer": " A 2DUS examination performed in our institution revealed pregnancy of 23 weeks and 4 days, with a female fetus presenting a bulky solid mass with cystic components and calcifications, measuring 7.7 \u00d7 9.1 \u00d7 12.2\u2009cm, starting from the sacral region, with internal flow seen on color Doppler (Figure 1). The postnatal macroscopic findings confirmed the diagnosis of sacrococcygeal teratoma (Figure 3).  \n",
            "cleaned_answer": [
                "A 2DUS examination performed in our institution revealed pregnancy of 23 weeks and 4 days, with a female fetus presenting a bulky solid mass with cystic components and calcifications, measuring 7.7 \u00d7 9.1 \u00d7 12.2\u2009cm, starting from the sacral region, with internal flow seen on color Doppler (Figure 1).",
                "The postnatal macroscopic findings confirmed the diagnosis of sacrococcygeal teratoma (Figure 3)."
            ],
            "cleaned_answer_idx": [
                1,
                5
            ]
        },
        "6": {
            "question": " What\u2019s the imaging (only provided the figure explanation here) suggest?  ",
            "answer": " This clearly showed the spatial relationships between the mass and the fetal pelvis and made it possible for the parents to understand the pathological condition better (Figure 2).  \n",
            "cleaned_answer": [
                "This clearly showed the spatial relationships between the mass and the fetal pelvis and made it possible for the parents to understand the pathological condition better (Figure 2)."
            ],
            "cleaned_answer_idx": [
                3
            ]
        },
        "7": {
            "question": " What\u2019s the examination suggest?  ",
            "answer": " A 2DUS examination performed in our institution revealed pregnancy of 23 weeks and 4 days, with a female fetus presenting a bulky solid mass with cystic components and calcifications, measuring 7.7 \u00d7 9.1 \u00d7 12.2\u2009cm, starting from the sacral region, with internal flow seen on color Doppler (Figure 1). \n",
            "cleaned_answer": [
                "A 2DUS examination performed in our institution revealed pregnancy of 23 weeks and 4 days, with a female fetus presenting a bulky solid mass with cystic components and calcifications, measuring 7.7 \u00d7 9.1 \u00d7 12.2\u2009cm, starting from the sacral region, with internal flow seen on color Doppler (Figure 1)."
            ],
            "cleaned_answer_idx": [
                1
            ]
        },
        "8": {
            "question": " Is there any suggestion?  ",
            "answer": " $No$\u201d",
            "cleaned_answer": [
                "$No$\u201d"
            ],
            "cleaned_answer_idx": [
                "$$"
            ]
        },
        "oneround_dict": {
            "input": "A 20-year-old primigravida was referred to the Gynecology and Obstetrics Service of the University Hospital of the Federal University of Maranh\u00e3o (UFMA). A 2DUS examination performed in our institution revealed pregnancy of 23 weeks and 4 days, with a female fetus presenting a bulky solid mass with cystic components and calcifications, measuring 7.7 \u00d7 9.1 \u00d7 12.2\u2009cm, starting from the sacral region, with internal flow seen on color Doppler (Figure 1). 3DUS was performed using the Voluson 730 Pro apparatus (General Electric Medical System, Zipf, Austria), with a volumetric convex transducer (RAB 4\u20138L) in rendering mode. This clearly showed the spatial relationships between the mass and the fetal pelvis and made it possible for the parents to understand the pathological condition better (Figure 2). A new ultrasound examination confirmed that fetal death occurred at 25 weeks and 4 days of pregnancy, due to hydrops. <?>",
            "groundtruth": "Sacrococcygeal teratoma",
            "evidence": [
                "The postnatal macroscopic findings confirmed the diagnosis of sacrococcygeal teratoma (Figure 3)."
            ]
        },
        "multiround_dict": {
            "question1": "I am A 20-year-old primigravida was referred to the Gynecology and Obstetrics Service of the University Hospital of the Federal University of Maranh\u00e3o (UFMA). A 2DUS examination performed in our institution revealed pregnancy of 23 weeks and 4 days, with a female fetus presenting a bulky solid mass with cystic components and calcifications, measuring 7.7 \u00d7 9.1 \u00d7 12.2\u2009cm, starting from the sacral region, with internal flow seen on color Doppler (Figure 1). 3DUS was performed using the Voluson 730 Pro apparatus (General Electric Medical System, Zipf, Austria), with a volumetric convex transducer (RAB 4\u20138L) in rendering mode. This clearly showed the spatial relationships between the mass and the fetal pelvis and made it possible for the parents to understand the pathological condition better (Figure 2). A new ultrasound examination confirmed that fetal death occurred at 25 weeks and 4 days of pregnancy, due to hydrops. <?>. Could you consider all possible diseases based on my information?",
            "question2": "I also have done some examination,A 2DUS examination performed in our institution revealed pregnancy of 23 weeks and 4 days, with a female fetus presenting a bulky solid mass with cystic components and calcifications, measuring 7.7 \u00d7 9.1 \u00d7 12.2\u2009cm, starting from the sacral region, with internal flow seen on color Doppler (Figure 1). This clearly showed the spatial relationships between the mass and the fetal pelvis and made it possible for the parents to understand the pathological condition better (Figure 2). <?>. Could you narrow down to a specific disease based on the examination? Only give me the disease name, and if there are different names for the same disease, list them separated by commas.",
            "groundtruth": "Sacrococcygeal teratoma",
            "evidence": [
                "The postnatal macroscopic findings confirmed the diagnosis of sacrococcygeal teratoma (Figure 3)."
            ]
        }
    },
    "case description": {
        "1": {
            "question": " Describe the patient personal information.  ",
            "answer": " A 75\u2010year\u2010old man \n",
            "cleaned_answer": [
                "A 75\u2010year\u2010old man"
            ],
            "cleaned_answer_idx": [
                0
            ]
        },
        "2": {
            "question": " Describe the patient experience.  ",
            "answer": " A 75\u2010year\u2010old man presented with an immediately threatened grade IIb acute ischemia of the left leg due to thrombosis of a femoro\u2010infrapopliteal prosthetic bypass graft. After an urgent computed tomography angiography, an urgent graft thrombectomy was performed using a 5 Fr Fogarty catheter, which had a troublesome distal passage. The leg recovered normal motor and sensory function. Surprisingly, a handheld Doppler device obtained a continuous machinery bruit in the anterior tibial artery/veins, suggesting an arteriovenous fistula, which was depicted in a subsequent digital subtraction angiography and a color duplex examination (Video\u00a0S1). Most likely, the Fogarty catheter had unintentionally perforated the anterior tibial artery passing into one of the adjacent anterior tibial veins. The patient was managed conservatively, and the arteriovenous fistula was found to be spontaneously thrombosed in a three\u2010month follow\u2010up (Video\u00a0S1).\n",
            "cleaned_answer": [
                "A 75\u2010year\u2010old man presented with an immediately threatened grade IIb acute ischemia of the left leg due to thrombosis of a femoro\u2010infrapopliteal prosthetic bypass graft.",
                "After an urgent computed tomography angiography, an urgent graft thrombectomy was performed using a 5 Fr Fogarty catheter, which had a troublesome distal passage.",
                "The leg recovered normal motor and sensory function.",
                "Surprisingly, a handheld Doppler device obtained a continuous machinery bruit in the anterior tibial artery/veins, suggesting an arteriovenous fistula, which was depicted in a subsequent digital subtraction angiography and a color duplex examination (Video\u00a0S1).",
                "Most likely, the Fogarty catheter had unintentionally perforated the anterior tibial artery passing into one of the adjacent anterior tibial veins.",
                "The patient was managed conservatively, and the arteriovenous fistula was found to be spontaneously thrombosed in a three\u2010month follow\u2010up (Video\u00a0S1)."
            ],
            "cleaned_answer_idx": [
                0,
                1,
                2,
                3,
                4,
                5
            ]
        },
        "3": {
            "question": " Did you notice any symptoms, such as a fever, cough, or respiratory issues?  ",
            "answer": " $No$\n",
            "cleaned_answer": [
                "$No$"
            ],
            "cleaned_answer_idx": [
                "$$"
            ]
        },
        "4": {
            "question": " What's the diagnosis?  ",
            "answer": " An arteriovenous fistula, which was depicted in a subsequent digital subtraction angiography and a color duplex examination\n",
            "cleaned_answer": [
                "Surprisingly, a handheld Doppler device obtained a continuous machinery bruit in the anterior tibial artery/veins, suggesting an arteriovenous fistula, which was depicted in a subsequent digital subtraction angiography and a color duplex examination (Video\u00a0S1)."
            ],
            "cleaned_answer_idx": [
                5
            ]
        },
        "5": {
            "question": " What's the direct evidence that points to this diagnosis?  ",
            "answer": " A handheld Doppler device obtained a continuous machinery bruit in the anterior tibial artery/veins\n",
            "cleaned_answer": [
                "Surprisingly, a handheld Doppler device obtained a continuous machinery bruit in the anterior tibial artery/veins, suggesting an arteriovenous fistula, which was depicted in a subsequent digital subtraction angiography and a color duplex examination (Video\u00a0S1)."
            ],
            "cleaned_answer_idx": [
                5
            ]
        },
        "6": {
            "question": " What\u2019s the imaging (only provided the figure explanation here) suggest?  ",
            "answer": " which was depicted in a subsequent digital subtraction angiography\n",
            "cleaned_answer": [
                "which was depicted in a subsequent digital subtraction angiography"
            ],
            "cleaned_answer_idx": [
                3
            ]
        },
        "7": {
            "question": " What\u2019s the examination suggest?  ",
            "answer": " and a color duplex examination\n",
            "cleaned_answer": [
                "and a color duplex examination"
            ],
            "cleaned_answer_idx": [
                3
            ]
        },
        "8": {
            "question": " Is there any suggestion?  ",
            "answer": " Most likely, the Fogarty catheter had unintentionally perforated the anterior tibial artery passing into one of the adjacent anterior tibial veins.\u201d",
            "cleaned_answer": [
                "Most likely, the Fogarty catheter had unintentionally perforated the anterior tibial artery passing into one of the adjacent anterior tibial veins.\u201d"
            ],
            "cleaned_answer_idx": [
                4
            ]
        },
        "oneround_dict": {
            "input": "A 75\u2010year\u2010old man A 75\u2010year\u2010old man presented with an immediately threatened grade IIb acute ischemia of the left leg due to thrombosis of a femoro\u2010infrapopliteal prosthetic bypass graft. After an urgent computed tomography angiography, an urgent graft thrombectomy was performed using a 5 Fr Fogarty catheter, which had a troublesome distal passage. The leg recovered normal motor and sensory function. <?> which was depicted in a subsequent digital subtraction angiography and a color duplex examination Most likely, the Fogarty catheter had unintentionally perforated the anterior tibial artery passing into one of the adjacent anterior tibial veins. The patient was managed conservatively, and the arteriovenous fistula was found to be spontaneously thrombosed in a three\u2010month follow\u2010up (Video\u00a0S1). <?>",
            "groundtruth": "fistula",
            "evidence": [
                "Surprisingly, a handheld Doppler device obtained a continuous machinery bruit in the anterior tibial artery/veins, suggesting an arteriovenous fistula, which was depicted in a subsequent digital subtraction angiography and a color duplex examination (Video\u00a0S1)."
            ]
        },
        "multiround_dict": {
            "question1": "I am A 75\u2010year\u2010old man A 75\u2010year\u2010old man presented with an immediately threatened grade IIb acute ischemia of the left leg due to thrombosis of a femoro\u2010infrapopliteal prosthetic bypass graft. After an urgent computed tomography angiography, an urgent graft thrombectomy was performed using a 5 Fr Fogarty catheter, which had a troublesome distal passage. The leg recovered normal motor and sensory function. <?> Most likely, the Fogarty catheter had unintentionally perforated the anterior tibial artery passing into one of the adjacent anterior tibial veins. The patient was managed conservatively, and the arteriovenous fistula was found to be spontaneously thrombosed in a three\u2010month follow\u2010up (Video\u00a0S1).. Could you consider all possible diseases based on my information?",
            "question2": "I also have done some examination,which was depicted in a subsequent digital subtraction angiography and a color duplex examination <?>. Could you narrow down to a specific disease based on the examination? Only give me the disease name, and if there are different names for the same disease, list them separated by commas.",
            "groundtruth": "fistula",
            "evidence": [
                "Surprisingly, a handheld Doppler device obtained a continuous machinery bruit in the anterior tibial artery/veins, suggesting an arteriovenous fistula, which was depicted in a subsequent digital subtraction angiography and a color duplex examination (Video\u00a0S1)."
            ]
        }
    },
    "case 2": {
        "1": {
            "question": " Describe the patient personal information.  ",
            "answer": " An 84-year-old Caucasian woman (mother of Case 1) presented with bilateral, long-standing, poor vision since the age of 47 years. \n",
            "cleaned_answer": [
                "An 84-year-old Caucasian woman (mother of Case 1) presented with bilateral, long-standing, poor vision since the age of 47 years."
            ],
            "cleaned_answer_idx": [
                0
            ]
        },
        "2": {
            "question": " Describe the patient experience.  ",
            "answer": " She had a history of controlled hypertension, atrial fibrillation, and hydrocephalus; however, no other known systemic disease associated with AS. Her visual acuity was 20/400 in the right and 20/200 in the left eye, and she had bilateral, hypertrophic, disciform, macular scars and evidence of AS. OCT revealed significant subretinal fibrosis; however, no significant SRF or intraretinal fluid. FA and ICGA were performed and demonstrated bilateral PCV with polyp lesions and BVN (Fig. 2). Due to her poor vision and established fibrotic macular scars, treatment was conservative.\n",
            "cleaned_answer": [
                "She had a history of controlled hypertension, atrial fibrillation, and hydrocephalus; however, no other known systemic disease associated with AS.",
                "Her visual acuity was 20/400 in the right and 20/200 in the left eye, and she had bilateral, hypertrophic, disciform, macular scars and evidence of AS.",
                "OCT revealed significant subretinal fibrosis; however, no significant SRF or intraretinal fluid.",
                "FA and ICGA were performed and demonstrated bilateral PCV with polyp lesions and BVN (Fig.",
                "2).",
                "Due to her poor vision and established fibrotic macular scars, treatment was conservative."
            ],
            "cleaned_answer_idx": [
                1,
                2,
                3,
                4,
                2,
                6
            ]
        },
        "3": {
            "question": " Did you notice any symptoms, such as a fever, cough, or respiratory issues?  ",
            "answer": " $No$ \n",
            "cleaned_answer": [
                "$No$"
            ],
            "cleaned_answer_idx": [
                "$$"
            ]
        },
        "4": {
            "question": " What's the diagnosis?  ",
            "answer": " OCT revealed significant subretinal fibrosis; however, no significant SRF or intraretinal fluid. FA and ICGA were performed and demonstrated bilateral PCV with polyp lesions and BVN (Fig. 2). \n",
            "cleaned_answer": [
                "OCT revealed significant subretinal fibrosis; however, no significant SRF or intraretinal fluid.",
                "FA and ICGA were performed and demonstrated bilateral PCV with polyp lesions and BVN (Fig.",
                "2)."
            ],
            "cleaned_answer_idx": [
                3,
                4,
                2
            ]
        },
        "5": {
            "question": " What's the direct evidence that points to this diagnosis?  ",
            "answer": " OCT revealed significant subretinal fibrosis; however, no significant SRF or intraretinal fluid. FA and ICGA were performed and demonstrated bilateral PCV with polyp lesions and BVN (Fig. 2). \n",
            "cleaned_answer": [
                "OCT revealed significant subretinal fibrosis; however, no significant SRF or intraretinal fluid.",
                "FA and ICGA were performed and demonstrated bilateral PCV with polyp lesions and BVN (Fig.",
                "2)."
            ],
            "cleaned_answer_idx": [
                3,
                4,
                2
            ]
        },
        "6": {
            "question": " What\u2019s the imaging (only provided the figure explanation here) suggest?  ",
            "answer": " FA and ICGA were performed and demonstrated bilateral PCV with polyp lesions and BVN (Fig. 2). \n",
            "cleaned_answer": [
                "FA and ICGA were performed and demonstrated bilateral PCV with polyp lesions and BVN (Fig.",
                "2)."
            ],
            "cleaned_answer_idx": [
                4,
                2
            ]
        },
        "7": {
            "question": " What\u2019s the examination suggest?  ",
            "answer": " Her visual acuity was 20/400 in the right and 20/200 in the left eye, and she had bilateral, hypertrophic, disciform, macular scars and evidence of AS. OCT revealed significant subretinal fibrosis; however, no significant SRF or intraretinal fluid. \n",
            "cleaned_answer": [
                "Her visual acuity was 20/400 in the right and 20/200 in the left eye, and she had bilateral, hypertrophic, disciform, macular scars and evidence of AS.",
                "OCT revealed significant subretinal fibrosis; however, no significant SRF or intraretinal fluid."
            ],
            "cleaned_answer_idx": [
                2,
                3
            ]
        },
        "8": {
            "question": " Is there any suggestion?  ",
            "answer": " Due to her poor vision and established fibrotic macular scars, treatment was conservative.\u201d",
            "cleaned_answer": [
                "Due to her poor vision and established fibrotic macular scars, treatment was conservative.\u201d"
            ],
            "cleaned_answer_idx": [
                6
            ]
        },
        "oneround_dict": {
            "input": "An 84-year-old Caucasian woman (mother of Case 1) presented with bilateral, long-standing, poor vision since the age of 47 years. She had a history of controlled hypertension, atrial fibrillation, and hydrocephalus; however, no other known systemic disease associated with AS. Her visual acuity was 20/400 in the right and 20/200 in the left eye, and she had bilateral, hypertrophic, disciform, macular scars and evidence of AS. 2). <?>",
            "groundtruth": "subretinal fibrosis, SRF, intraretinal fluid, PCV, polyp lesions, BVN",
            "evidence": [
                "OCT revealed significant subretinal fibrosis; however, no significant SRF or intraretinal fluid.",
                "FA and ICGA were performed and demonstrated bilateral PCV with polyp lesions and BVN (Fig.",
                "2)."
            ]
        },
        "multiround_dict": {
            "question1": "I am An 84-year-old Caucasian woman (mother of Case 1) presented with bilateral, long-standing, poor vision since the age of 47 years. She had a history of controlled hypertension, atrial fibrillation, and hydrocephalus; however, no other known systemic disease associated with AS. Her visual acuity was 20/400 in the right and 20/200 in the left eye, and she had bilateral, hypertrophic, disciform, macular scars and evidence of AS. 2). <?>. Could you consider all possible diseases based on my information?",
            "question2": "I also have done some examination,2). Her visual acuity was 20/400 in the right and 20/200 in the left eye, and she had bilateral, hypertrophic, disciform, macular scars and evidence of AS. <?>. Could you narrow down to a specific disease based on the examination? Only give me the disease name, and if there are different names for the same disease, list them separated by commas.",
            "groundtruth": "subretinal fibrosis, SRF, intraretinal fluid, PCV, polyp lesions, BVN",
            "evidence": [
                "OCT revealed significant subretinal fibrosis; however, no significant SRF or intraretinal fluid.",
                "FA and ICGA were performed and demonstrated bilateral PCV with polyp lesions and BVN (Fig.",
                "2)."
            ]
        }
    },
    "case 2: psp with small stepping gait (modified hoehn and yahr scale: 3)": {
        "1": {
            "question": " Describe the patient personal information.  ",
            "answer": " The participant was selected for the continuous intervention based on these assessments.\n",
            "cleaned_answer": [
                "The participant was selected for the continuous intervention based on these assessments."
            ],
            "cleaned_answer_idx": [
                4
            ]
        },
        "2": {
            "question": " Describe the patient experience.  ",
            "answer": " The results showed that step lengths were increased, as indicated by the decreased number of steps while/after wearing the HAL unit. The results showed that the effects persisted when not wearing the HAL unit.\n",
            "cleaned_answer": [
                "The results showed that step lengths were increased, as indicated by the decreased number of steps while/after wearing the HAL unit.",
                "The results showed that the effects persisted when not wearing the HAL unit."
            ],
            "cleaned_answer_idx": [
                3,
                11
            ]
        },
        "3": {
            "question": " Did you notice any symptoms, such as a fever, cough, or respiratory issues?  ",
            "answer": " $No$\n",
            "cleaned_answer": [
                "$No$"
            ],
            "cleaned_answer_idx": [
                "$$"
            ]
        },
        "4": {
            "question": " What's the diagnosis?  ",
            "answer": " Figure 4Experimental results of continuous intervention for Case 2 (progressive supranuclear palsy\u2013pure akinesia with gait freezing).\n",
            "cleaned_answer": [
                "Figure 4Experimental results of continuous intervention for Case 2 (progressive supranuclear palsy\u2013pure akinesia with gait freezing)."
            ],
            "cleaned_answer_idx": [
                11
            ]
        },
        "5": {
            "question": " What's the direct evidence that points to this diagnosis?  ",
            "answer": " $No$\n",
            "cleaned_answer": [
                "$No$"
            ],
            "cleaned_answer_idx": [
                "$$"
            ]
        },
        "6": {
            "question": " What\u2019s the imaging (only provided the figure explanation here) suggest?  ",
            "answer": " $No$\n",
            "cleaned_answer": [
                "$No$"
            ],
            "cleaned_answer_idx": [
                "$$"
            ]
        },
        "7": {
            "question": " What\u2019s the examination suggest?  ",
            "answer": " The results showed that step lengths were increased, as indicated by the decreased number of steps while/after wearing the HAL unit. The results showed that the effects persisted when not wearing the HAL unit.\n",
            "cleaned_answer": [
                "The results showed that step lengths were increased, as indicated by the decreased number of steps while/after wearing the HAL unit.",
                "The results showed that the effects persisted when not wearing the HAL unit."
            ],
            "cleaned_answer_idx": [
                3,
                11
            ]
        },
        "8": {
            "question": " Is there any suggestion?  ",
            "answer": " $No$\u201d",
            "cleaned_answer": [
                "$No$\u201d"
            ],
            "cleaned_answer_idx": [
                "$$"
            ]
        },
        "oneround_dict": {
            "input": "The results showed that step lengths were increased, as indicated by the decreased number of steps while/after wearing the HAL unit. The participant was selected for the continuous intervention based on these assessments. The results showed that the effects persisted when not wearing the HAL unit.",
            "groundtruth": "progressive supranuclear palsy\u2013pure akinesia with gait freezing",
            "evidence": [
                "Figure 4Experimental results of continuous intervention for Case 2 (progressive supranuclear palsy\u2013pure akinesia with gait freezing)."
            ]
        },
        "multiround_dict": {
            "question1": "I am The results showed that step lengths were increased, as indicated by the decreased number of steps while/after wearing the HAL unit. The participant was selected for the continuous intervention based on these assessments. The results showed that the effects persisted when not wearing the HAL unit.. Could you consider all possible diseases based on my information?",
            "question2": "I also have done some examination,The results showed that step lengths were increased, as indicated by the decreased number of steps while/after wearing the HAL unit. The results showed that the effects persisted when not wearing the HAL unit.. Could you narrow down to a specific disease based on the examination? Only give me the disease name, and if there are different names for the same disease, list them separated by commas.",
            "groundtruth": "progressive supranuclear palsy\u2013pure akinesia with gait freezing",
            "evidence": [
                "Figure 4Experimental results of continuous intervention for Case 2 (progressive supranuclear palsy\u2013pure akinesia with gait freezing)."
            ]
        }
    },
    "2. case report": {
        "1": {
            "question": " Describe the patient personal information.",
            "answer": " An 8-year-old medically fit boy was referred to the dental center at Riyadh Elm University Hospital, Riyadh, Saudi Arabia, for management of immature permanent mandibular first molar.\n",
            "cleaned_answer": [
                "An 8-year-old medically fit boy was referred to the dental center at Riyadh Elm University Hospital, Riyadh, Saudi Arabia, for management of immature permanent mandibular first molar."
            ],
            "cleaned_answer_idx": [
                0
            ]
        },
        "2": {
            "question": " Describe the patient experience.",
            "answer": " A diagnosis of necrotic pulp with asymptomatic apical periodontitis was reached. Among the various treatment options, REP was suggested as the best possible option. Benefits and risks of REP were fully explained to the patient and his mother, and the consent was obtained for the procedure.\n",
            "cleaned_answer": [
                "A diagnosis of necrotic pulp with asymptomatic apical periodontitis was reached.",
                "Among the various treatment options, REP was suggested as the best possible option.",
                "Benefits and risks of REP were fully explained to the patient and his mother, and the consent was obtained for the procedure."
            ],
            "cleaned_answer_idx": [
                5,
                6,
                7
            ]
        },
        "3": {
            "question": " Did you notice any symptoms, such as a fever, cough, or respiratory issues?",
            "answer": " $No$\n",
            "cleaned_answer": [
                "$No$"
            ],
            "cleaned_answer_idx": [
                "$$"
            ]
        },
        "4": {
            "question": " What's the diagnosis?",
            "answer": " A diagnosis of necrotic pulp with asymptomatic apical periodontitis was reached.\n",
            "cleaned_answer": [
                "A diagnosis of necrotic pulp with asymptomatic apical periodontitis was reached."
            ],
            "cleaned_answer_idx": [
                5
            ]
        },
        "5": {
            "question": " What's the direct evidence that points to this diagnosis?",
            "answer": " Clinical examination revealed extensive caries on the occlusal and distal sides without sensitivity to percussion and palpation. Vitality test with Endo-Frost cold spray (Roeko; Coltene Whaledent, Langenau, Germany) resulted in a negative response. Periodontal probings were within the normal limits (<3\u2009mm around the tooth) and no mobility was seen. Radiographic examination revealed that the tooth had immature roots with periapical radiolucency.\n",
            "cleaned_answer": [
                "Clinical examination revealed extensive caries on the occlusal and distal sides without sensitivity to percussion and palpation.",
                "Vitality test with Endo-Frost cold spray (Roeko; Coltene Whaledent, Langenau, Germany) resulted in a negative response.",
                "Periodontal probings were within the normal limits (<3\u2009mm around the tooth) and no mobility was seen.",
                "Radiographic examination revealed that the tooth had immature roots with periapical radiolucency."
            ],
            "cleaned_answer_idx": [
                1,
                2,
                3,
                4
            ]
        },
        "6": {
            "question": " What\u2019s the imaging (only provided the figure explanation here) suggest?",
            "answer": " Radiographic examination revealed that the tooth had immature roots with periapical radiolucency (Figure 1(a)).\n",
            "cleaned_answer": [
                "Radiographic examination revealed that the tooth had immature roots with periapical radiolucency (Figure 1(a))."
            ],
            "cleaned_answer_idx": [
                4
            ]
        },
        "7": {
            "question": " What\u2019s the examination suggest?",
            "answer": " Clinical examination revealed extensive caries on the occlusal and distal sides without sensitivity to percussion and palpation. Vitality test with Endo-Frost cold spray (Roeko; Coltene Whaledent, Langenau, Germany) resulted in a negative response. Periodontal probings were within the normal limits (<3\u2009mm around the tooth) and no mobility was seen.\n",
            "cleaned_answer": [
                "Clinical examination revealed extensive caries on the occlusal and distal sides without sensitivity to percussion and palpation.",
                "Vitality test with Endo-Frost cold spray (Roeko; Coltene Whaledent, Langenau, Germany) resulted in a negative response.",
                "Periodontal probings were within the normal limits (<3\u2009mm around the tooth) and no mobility was seen."
            ],
            "cleaned_answer_idx": [
                1,
                2,
                3
            ]
        },
        "8": {
            "question": " Is there any suggestion?",
            "answer": " Among the various treatment options, REP was suggested as the best possible option.\u201d",
            "cleaned_answer": [
                "Among the various treatment options, REP was suggested as the best possible option.\u201d"
            ],
            "cleaned_answer_idx": [
                6
            ]
        },
        "oneround_dict": {
            "input": "An 8-year-old medically fit boy was referred to the dental center at Riyadh Elm University Hospital, Riyadh, Saudi Arabia, for management of immature permanent mandibular first molar. Clinical examination revealed extensive caries on the occlusal and distal sides without sensitivity to percussion and palpation. Vitality test with Endo-Frost cold spray (Roeko; Coltene Whaledent, Langenau, Germany) resulted in a negative response. Periodontal probings were within the normal limits (<3\u2009mm around the tooth) and no mobility was seen. Radiographic examination revealed that the tooth had immature roots with periapical radiolucency. Radiographic examination revealed that the tooth had immature roots with periapical radiolucency (Figure 1(a)). <?>",
            "groundtruth": "necrotic pulp, apical periodontitis",
            "evidence": [
                "A diagnosis of necrotic pulp with asymptomatic apical periodontitis was reached."
            ]
        },
        "multiround_dict": {
            "question1": "I am An 8-year-old medically fit boy was referred to the dental center at Riyadh Elm University Hospital, Riyadh, Saudi Arabia, for management of immature permanent mandibular first molar. <?>. Could you consider all possible diseases based on my information?",
            "question2": "I also have done some examination,Clinical examination revealed extensive caries on the occlusal and distal sides without sensitivity to percussion and palpation. Vitality test with Endo-Frost cold spray (Roeko; Coltene Whaledent, Langenau, Germany) resulted in a negative response. Periodontal probings were within the normal limits (<3\u2009mm around the tooth) and no mobility was seen. Radiographic examination revealed that the tooth had immature roots with periapical radiolucency. Radiographic examination revealed that the tooth had immature roots with periapical radiolucency (Figure 1(a)).. Could you narrow down to a specific disease based on the examination? Only give me the disease name, and if there are different names for the same disease, list them separated by commas.",
            "groundtruth": "necrotic pulp, apical periodontitis",
            "evidence": [
                "A diagnosis of necrotic pulp with asymptomatic apical periodontitis was reached."
            ]
        }
    }
}