{
    "case": {
        "1": {
            "question": " Describe the patient personal information.  ",
            "answer": " A 42-year-old female patient was admitted to our outpatient clinic.\n",
            "cleaned_answer": [
                "A 42-year-old female patient was admitted to our outpatient clinic."
            ],
            "cleaned_answer_idx": [
                0
            ]
        },
        "2": {
            "question": " Describe the patient experience.  ",
            "answer": " The patient stopped taking prednisolone (2.5 mg/day) after 5 months because absolute eosinophil counts were within normal limits, and follow up echocardiography showed no left ventricular hypertrophy and no residual pericardial effusion. Also the ejection fraction improved from 51% to 77%. At 9-month follow up, the patient was in good condition and no hypereosinophilia was detected.\n",
            "cleaned_answer": [
                "The patient stopped taking prednisolone (2.5 mg/day) after 5 months because absolute eosinophil counts were within normal limits, and follow up echocardiography showed no left ventricular hypertrophy and no residual pericardial effusion.",
                "Also the ejection fraction improved from 51% to 77%.",
                "At 9-month follow up, the patient was in good condition and no hypereosinophilia was detected."
            ],
            "cleaned_answer_idx": [
                19,
                20,
                21
            ]
        },
        "3": {
            "question": " Did you notice any symptoms, such as a fever, cough, or respiratory issues?  ",
            "answer": " A 42-year-old female patient was admitted to our outpatient clinic with symptoms of pleural chest pain, cough, and dyspnea on exertion. $ and body temperature was normal.\n",
            "cleaned_answer": [
                "A 42-year-old female patient was admitted to our outpatient clinic with symptoms of pleural chest pain, cough, and dyspnea on exertion.",
                "$ and body temperature was normal."
            ],
            "cleaned_answer_idx": [
                0,
                2
            ]
        },
        "4": {
            "question": " What's the diagnosis?  ",
            "answer": " A diagnosis of eosinophilic endomyocarditis was thus confirmed.\n",
            "cleaned_answer": [
                "A diagnosis of eosinophilic endomyocarditis was thus confirmed."
            ],
            "cleaned_answer_idx": [
                15
            ]
        },
        "5": {
            "question": " What's the direct evidence that points to this diagnosis?  ",
            "answer": " Biopsy specimens revealed the deposition of degranulated eosinophils in endomyocardium (Fig. 2).\n",
            "cleaned_answer": [
                "Biopsy specimens revealed the deposition of degranulated eosinophils in endomyocardium (Fig.",
                "2)."
            ],
            "cleaned_answer_idx": [
                13,
                0
            ]
        },
        "6": {
            "question": " What\u2019s the imaging (only provided the figure explanation here) suggest?  ",
            "answer": " Chest X-ray revealed a right-sided pleural effusion and cardiomegaly (Fig. 1A). Transthoracic echocardiography showed left ventricular hypertrophy and moderate pericardial effusion without thrombus (Fig. 1C). Furthermore, follow up transthoracic echocardiography showed that pericardial effusion was reduced, and follow up chest X-ray showed decreased pleural effusion (Fig. 1B).\n",
            "cleaned_answer": [
                "Chest X-ray revealed a right-sided pleural effusion and cardiomegaly (Fig.",
                "1A).",
                "Transthoracic echocardiography showed left ventricular hypertrophy and moderate pericardial effusion without thrombus (Fig.",
                "1C).",
                "Furthermore, follow up transthoracic echocardiography showed that pericardial effusion was reduced, and follow up chest X-ray showed decreased pleural effusion (Fig.",
                "1B)."
            ],
            "cleaned_answer_idx": [
                7,
                8,
                9,
                10,
                17,
                18
            ]
        },
        "7": {
            "question": " What\u2019s the examination suggest?  ",
            "answer": " On physical examination, the sound of decreased breathing was observed in the right lower lung. Cardiac auscultation was otherwise normal.\n",
            "cleaned_answer": [
                "On physical examination, the sound of decreased breathing was observed in the right lower lung.",
                "Cardiac auscultation was otherwise normal."
            ],
            "cleaned_answer_idx": [
                3,
                4
            ]
        },
        "8": {
            "question": " Is there any suggestion?  ",
            "answer": " $No$\u201d",
            "cleaned_answer": [
                "$No$\u201d"
            ],
            "cleaned_answer_idx": [
                "$$"
            ]
        },
        "oneround_dict": {
            "input": "A 42-year-old female patient was admitted to our outpatient clinic. A 42-year-old female patient was admitted to our outpatient clinic with symptoms of pleural chest pain, cough, and dyspnea on exertion. 2). $ and body temperature was normal. On physical examination, the sound of decreased breathing was observed in the right lower lung. Cardiac auscultation was otherwise normal. Chest X-ray revealed a right-sided pleural effusion and cardiomegaly (Fig. 1A). Transthoracic echocardiography showed left ventricular hypertrophy and moderate pericardial effusion without thrombus (Fig. 1C). Biopsy specimens revealed the deposition of degranulated eosinophils in endomyocardium (Fig.",
            "groundtruth": "eosinophilic endomyocarditis",
            "evidence": [
                "A diagnosis of eosinophilic endomyocarditis was thus confirmed."
            ]
        },
        "multiround_dict": {
            "question1": "I am A 42-year-old female patient was admitted to our outpatient clinic. A 42-year-old female patient was admitted to our outpatient clinic with symptoms of pleural chest pain, cough, and dyspnea on exertion. $ and body temperature was normal.. Could you consider all possible diseases based on my information?",
            "question2": "I also have done some examination,2). On physical examination, the sound of decreased breathing was observed in the right lower lung. Cardiac auscultation was otherwise normal. Chest X-ray revealed a right-sided pleural effusion and cardiomegaly (Fig. 1A). Transthoracic echocardiography showed left ventricular hypertrophy and moderate pericardial effusion without thrombus (Fig. 1C). Biopsy specimens revealed the deposition of degranulated eosinophils in endomyocardium (Fig.. Could you narrow down to a specific disease based on the examination? Only give me the disease name, and if there are different names for the same disease, list them separated by commas.",
            "groundtruth": "eosinophilic endomyocarditis",
            "evidence": [
                "A diagnosis of eosinophilic endomyocarditis was thus confirmed."
            ]
        }
    },
    "case report": {
        "1": {
            "question": " Describe the patient personal information.  ",
            "answer": " A 55-year-old woman \n",
            "cleaned_answer": [
                "A 55-year-old woman"
            ],
            "cleaned_answer_idx": [
                0
            ]
        },
        "2": {
            "question": " Describe the patient experience.  ",
            "answer": " Presented with severe right hypochondrium pain, with weight loss and alteration of her general condition, lasting for 6 months.\n",
            "cleaned_answer": [
                "A 55-year-old woman presented with severe right hypochondrium pain, with weight loss and alteration of her general condition, lasting for 6 months."
            ],
            "cleaned_answer_idx": [
                11
            ]
        },
        "3": {
            "question": " Did you notice any symptoms, such as a fever, cough, or respiratory issues?  ",
            "answer": " $No$\n",
            "cleaned_answer": [
                "$No$"
            ],
            "cleaned_answer_idx": [
                "$$"
            ]
        },
        "4": {
            "question": " What's the diagnosis?  ",
            "answer": " The biliary symptoms and pedunculated appearance of the tumor on the TDM scan suggested a possible diagnosis of primary carcinoma of the gallbladder.\n",
            "cleaned_answer": [
                "The biliary symptoms and pedunculated appearance of the tumor on the TDM scan suggested a possible diagnosis of primary carcinoma of the gallbladder."
            ],
            "cleaned_answer_idx": [
                9
            ]
        },
        "5": {
            "question": " What's the direct evidence that points to this diagnosis?  ",
            "answer": " Abdominal ultrasonography showed a 2.6 cm diameter intraluminal polypoid hyperechoic mass in the gallbladder. Color Doppler ultrasonography examination demonstrated vessels in the mid-portion of the mass. Computed tomography scan confirmed the presence of a gallbladder tumor that appeared as an enhancing pedunculated tumor within the gallbladder, without thickening of the gallbladder wall. The tumor seemed to be attached to the edge of the liver with no macroscopic extension to the liver parenchyma (Figure 1).\n",
            "cleaned_answer": [
                "Abdominal ultrasonography showed a 2.6 cm diameter intraluminal polypoid hyperechoic mass in the gallbladder.",
                "Color Doppler ultrasonography examination demonstrated vessels in the mid-portion of the mass.",
                "Computed tomography scan confirmed the presence of a gallbladder tumor that appeared as an enhancing pedunculated tumor within the gallbladder, without thickening of the gallbladder wall.",
                "The tumor seemed to be attached to the edge of the liver with no macroscopic extension to the liver parenchyma (Figure 1)."
            ],
            "cleaned_answer_idx": [
                4,
                5,
                6,
                7
            ]
        },
        "6": {
            "question": " What\u2019s the imaging (only provided the figure explanation here) suggest?  ",
            "answer": " Furthermore, TDM scan showed a cortical fleshy nodule of the right kidney, measuring 2.2 cm, with no involvement of the perinephric adipose (Figure 2). The biliary symptoms and pedunculated appearance of the tumor on the TDM scan suggested a possible diagnosis of primary carcinoma of the gallbladder.\n",
            "cleaned_answer": [
                "Furthermore, TDM scan showed a cortical fleshy nodule of the right kidney, measuring 2.2 cm, with no involvement of the perinephric adipose (Figure 2).",
                "The biliary symptoms and pedunculated appearance of the tumor on the TDM scan suggested a possible diagnosis of primary carcinoma of the gallbladder."
            ],
            "cleaned_answer_idx": [
                8,
                9
            ]
        },
        "7": {
            "question": " What\u2019s the examination suggest?  ",
            "answer": " Neither physical examination nor laboratory examination revealed any significant findings.\n",
            "cleaned_answer": [
                "Neither physical examination nor laboratory examination revealed any significant findings."
            ],
            "cleaned_answer_idx": [
                3
            ]
        },
        "8": {
            "question": " Is there any suggestion?  ",
            "answer": " Because of the small size of the renal nodule and the absence of urological signs, a close monitoring of the renal lesion with a control after 6 months was first advocated. The patient underwent an open cholecystectomy with a partial liver resection.\u201d",
            "cleaned_answer": [
                "Because of the small size of the renal nodule and the absence of urological signs, a close monitoring of the renal lesion with a control after 6 months was first advocated.",
                "The patient underwent an open cholecystectomy with a partial liver resection.\u201d"
            ],
            "cleaned_answer_idx": [
                10,
                11
            ]
        },
        "oneround_dict": {
            "input": "A 55-year-old woman Neither physical examination nor laboratory examination revealed any significant findings. Abdominal ultrasonography showed a 2.6 cm diameter intraluminal polypoid hyperechoic mass in the gallbladder. Color Doppler ultrasonography examination demonstrated vessels in the mid-portion of the mass. Computed tomography scan confirmed the presence of a gallbladder tumor that appeared as an enhancing pedunculated tumor within the gallbladder, without thickening of the gallbladder wall. The tumor seemed to be attached to the edge of the liver with no macroscopic extension to the liver parenchyma (Figure 1). Furthermore, TDM scan showed a cortical fleshy nodule of the right kidney, measuring 2.2 cm, with no involvement of the perinephric adipose (Figure 2). <?>",
            "groundtruth": "carcinoma, gallbladder",
            "evidence": [
                "The biliary symptoms and pedunculated appearance of the tumor on the TDM scan suggested a possible diagnosis of primary carcinoma of the gallbladder."
            ]
        },
        "multiround_dict": {
            "question1": "I am A 55-year-old woman. Could you consider all possible diseases based on my information?",
            "question2": "I also have done some examination,Neither physical examination nor laboratory examination revealed any significant findings. Abdominal ultrasonography showed a 2.6 cm diameter intraluminal polypoid hyperechoic mass in the gallbladder. Color Doppler ultrasonography examination demonstrated vessels in the mid-portion of the mass. Computed tomography scan confirmed the presence of a gallbladder tumor that appeared as an enhancing pedunculated tumor within the gallbladder, without thickening of the gallbladder wall. The tumor seemed to be attached to the edge of the liver with no macroscopic extension to the liver parenchyma (Figure 1). Furthermore, TDM scan showed a cortical fleshy nodule of the right kidney, measuring 2.2 cm, with no involvement of the perinephric adipose (Figure 2). <?>. Could you narrow down to a specific disease based on the examination? Only give me the disease name, and if there are different names for the same disease, list them separated by commas.",
            "groundtruth": "carcinoma, gallbladder",
            "evidence": [
                "The biliary symptoms and pedunculated appearance of the tumor on the TDM scan suggested a possible diagnosis of primary carcinoma of the gallbladder."
            ]
        }
    },
    "2. case presentation": {
        "1": {
            "question": " Describe the patient personal information.  ",
            "answer": " A 20-year-old primigravida was referred to the Gynecology and Obstetrics Service of the University Hospital of the Federal University of Maranh\u00e3o (UFMA).  \n",
            "cleaned_answer": [
                "A 20-year-old primigravida was referred to the Gynecology and Obstetrics Service of the University Hospital of the Federal University of Maranh\u00e3o (UFMA)."
            ],
            "cleaned_answer_idx": [
                0
            ]
        },
        "2": {
            "question": " Describe the patient experience.  ",
            "answer": " A 2DUS examination performed in our institution revealed pregnancy of 23 weeks and 4 days, with a female fetus presenting a bulky solid mass with cystic components and calcifications, measuring 7.7 \u00d7 9.1 \u00d7 12.2\u2009cm, starting from the sacral region, with internal flow seen on color Doppler (Figure 1). 3DUS was performed using the Voluson 730 Pro apparatus (General Electric Medical System, Zipf, Austria), with a volumetric convex transducer (RAB 4\u20138L) in rendering mode. This clearly showed the spatial relationships between the mass and the fetal pelvis and made it possible for the parents to understand the pathological condition better (Figure 2). A new ultrasound examination confirmed that fetal death occurred at 25 weeks and 4 days of pregnancy, due to hydrops. The postnatal macroscopic findings confirmed the diagnosis of sacrococcygeal teratoma (Figure 3).  \n",
            "cleaned_answer": [
                "A 2DUS examination performed in our institution revealed pregnancy of 23 weeks and 4 days, with a female fetus presenting a bulky solid mass with cystic components and calcifications, measuring 7.7 \u00d7 9.1 \u00d7 12.2\u2009cm, starting from the sacral region, with internal flow seen on color Doppler (Figure 1).",
                "3DUS was performed using the Voluson 730 Pro apparatus (General Electric Medical System, Zipf, Austria), with a volumetric convex transducer (RAB 4\u20138L) in rendering mode.",
                "This clearly showed the spatial relationships between the mass and the fetal pelvis and made it possible for the parents to understand the pathological condition better (Figure 2).",
                "A new ultrasound examination confirmed that fetal death occurred at 25 weeks and 4 days of pregnancy, due to hydrops.",
                "The postnatal macroscopic findings confirmed the diagnosis of sacrococcygeal teratoma (Figure 3)."
            ],
            "cleaned_answer_idx": [
                1,
                2,
                3,
                4,
                5
            ]
        },
        "3": {
            "question": " Did you notice any symptoms, such as a fever, cough, or respiratory issues?  ",
            "answer": " $No$  \n",
            "cleaned_answer": [
                "$No$"
            ],
            "cleaned_answer_idx": [
                "$$"
            ]
        },
        "4": {
            "question": " What's the diagnosis?  ",
            "answer": " The postnatal macroscopic findings confirmed the diagnosis of sacrococcygeal teratoma (Figure 3).  \n",
            "cleaned_answer": [
                "The postnatal macroscopic findings confirmed the diagnosis of sacrococcygeal teratoma (Figure 3)."
            ],
            "cleaned_answer_idx": [
                5
            ]
        },
        "5": {
            "question": " What's the direct evidence that points to this diagnosis?  ",
            "answer": " A 2DUS examination performed in our institution revealed pregnancy of 23 weeks and 4 days, with a female fetus presenting a bulky solid mass with cystic components and calcifications, measuring 7.7 \u00d7 9.1 \u00d7 12.2\u2009cm, starting from the sacral region, with internal flow seen on color Doppler (Figure 1). The postnatal macroscopic findings confirmed the diagnosis of sacrococcygeal teratoma (Figure 3).  \n",
            "cleaned_answer": [
                "A 2DUS examination performed in our institution revealed pregnancy of 23 weeks and 4 days, with a female fetus presenting a bulky solid mass with cystic components and calcifications, measuring 7.7 \u00d7 9.1 \u00d7 12.2\u2009cm, starting from the sacral region, with internal flow seen on color Doppler (Figure 1).",
                "The postnatal macroscopic findings confirmed the diagnosis of sacrococcygeal teratoma (Figure 3)."
            ],
            "cleaned_answer_idx": [
                1,
                5
            ]
        },
        "6": {
            "question": " What\u2019s the imaging (only provided the figure explanation here) suggest?  ",
            "answer": " This clearly showed the spatial relationships between the mass and the fetal pelvis and made it possible for the parents to understand the pathological condition better (Figure 2).  \n",
            "cleaned_answer": [
                "This clearly showed the spatial relationships between the mass and the fetal pelvis and made it possible for the parents to understand the pathological condition better (Figure 2)."
            ],
            "cleaned_answer_idx": [
                3
            ]
        },
        "7": {
            "question": " What\u2019s the examination suggest?  ",
            "answer": " A 2DUS examination performed in our institution revealed pregnancy of 23 weeks and 4 days, with a female fetus presenting a bulky solid mass with cystic components and calcifications, measuring 7.7 \u00d7 9.1 \u00d7 12.2\u2009cm, starting from the sacral region, with internal flow seen on color Doppler (Figure 1). \n",
            "cleaned_answer": [
                "A 2DUS examination performed in our institution revealed pregnancy of 23 weeks and 4 days, with a female fetus presenting a bulky solid mass with cystic components and calcifications, measuring 7.7 \u00d7 9.1 \u00d7 12.2\u2009cm, starting from the sacral region, with internal flow seen on color Doppler (Figure 1)."
            ],
            "cleaned_answer_idx": [
                1
            ]
        },
        "8": {
            "question": " Is there any suggestion?  ",
            "answer": " $No$\u201d",
            "cleaned_answer": [
                "$No$\u201d"
            ],
            "cleaned_answer_idx": [
                "$$"
            ]
        },
        "oneround_dict": {
            "input": "A 20-year-old primigravida was referred to the Gynecology and Obstetrics Service of the University Hospital of the Federal University of Maranh\u00e3o (UFMA). A 2DUS examination performed in our institution revealed pregnancy of 23 weeks and 4 days, with a female fetus presenting a bulky solid mass with cystic components and calcifications, measuring 7.7 \u00d7 9.1 \u00d7 12.2\u2009cm, starting from the sacral region, with internal flow seen on color Doppler (Figure 1). 3DUS was performed using the Voluson 730 Pro apparatus (General Electric Medical System, Zipf, Austria), with a volumetric convex transducer (RAB 4\u20138L) in rendering mode. This clearly showed the spatial relationships between the mass and the fetal pelvis and made it possible for the parents to understand the pathological condition better (Figure 2). A new ultrasound examination confirmed that fetal death occurred at 25 weeks and 4 days of pregnancy, due to hydrops. <?>",
            "groundtruth": "Sacrococcygeal teratoma",
            "evidence": [
                "The postnatal macroscopic findings confirmed the diagnosis of sacrococcygeal teratoma (Figure 3)."
            ]
        },
        "multiround_dict": {
            "question1": "I am A 20-year-old primigravida was referred to the Gynecology and Obstetrics Service of the University Hospital of the Federal University of Maranh\u00e3o (UFMA). A 2DUS examination performed in our institution revealed pregnancy of 23 weeks and 4 days, with a female fetus presenting a bulky solid mass with cystic components and calcifications, measuring 7.7 \u00d7 9.1 \u00d7 12.2\u2009cm, starting from the sacral region, with internal flow seen on color Doppler (Figure 1). 3DUS was performed using the Voluson 730 Pro apparatus (General Electric Medical System, Zipf, Austria), with a volumetric convex transducer (RAB 4\u20138L) in rendering mode. This clearly showed the spatial relationships between the mass and the fetal pelvis and made it possible for the parents to understand the pathological condition better (Figure 2). A new ultrasound examination confirmed that fetal death occurred at 25 weeks and 4 days of pregnancy, due to hydrops. <?>. Could you consider all possible diseases based on my information?",
            "question2": "I also have done some examination,A 2DUS examination performed in our institution revealed pregnancy of 23 weeks and 4 days, with a female fetus presenting a bulky solid mass with cystic components and calcifications, measuring 7.7 \u00d7 9.1 \u00d7 12.2\u2009cm, starting from the sacral region, with internal flow seen on color Doppler (Figure 1). This clearly showed the spatial relationships between the mass and the fetal pelvis and made it possible for the parents to understand the pathological condition better (Figure 2). <?>. Could you narrow down to a specific disease based on the examination? Only give me the disease name, and if there are different names for the same disease, list them separated by commas.",
            "groundtruth": "Sacrococcygeal teratoma",
            "evidence": [
                "The postnatal macroscopic findings confirmed the diagnosis of sacrococcygeal teratoma (Figure 3)."
            ]
        }
    },
    "case description": {
        "1": {
            "question": " Describe the patient personal information.  ",
            "answer": " A 75\u2010year\u2010old man \n",
            "cleaned_answer": [
                "A 75\u2010year\u2010old man"
            ],
            "cleaned_answer_idx": [
                0
            ]
        },
        "2": {
            "question": " Describe the patient experience.  ",
            "answer": " A 75\u2010year\u2010old man presented with an immediately threatened grade IIb acute ischemia of the left leg due to thrombosis of a femoro\u2010infrapopliteal prosthetic bypass graft. After an urgent computed tomography angiography, an urgent graft thrombectomy was performed using a 5 Fr Fogarty catheter, which had a troublesome distal passage. The leg recovered normal motor and sensory function. Surprisingly, a handheld Doppler device obtained a continuous machinery bruit in the anterior tibial artery/veins, suggesting an arteriovenous fistula, which was depicted in a subsequent digital subtraction angiography and a color duplex examination (Video\u00a0S1). Most likely, the Fogarty catheter had unintentionally perforated the anterior tibial artery passing into one of the adjacent anterior tibial veins. The patient was managed conservatively, and the arteriovenous fistula was found to be spontaneously thrombosed in a three\u2010month follow\u2010up (Video\u00a0S1).\n",
            "cleaned_answer": [
                "A 75\u2010year\u2010old man presented with an immediately threatened grade IIb acute ischemia of the left leg due to thrombosis of a femoro\u2010infrapopliteal prosthetic bypass graft.",
                "After an urgent computed tomography angiography, an urgent graft thrombectomy was performed using a 5 Fr Fogarty catheter, which had a troublesome distal passage.",
                "The leg recovered normal motor and sensory function.",
                "Surprisingly, a handheld Doppler device obtained a continuous machinery bruit in the anterior tibial artery/veins, suggesting an arteriovenous fistula, which was depicted in a subsequent digital subtraction angiography and a color duplex examination (Video\u00a0S1).",
                "Most likely, the Fogarty catheter had unintentionally perforated the anterior tibial artery passing into one of the adjacent anterior tibial veins.",
                "The patient was managed conservatively, and the arteriovenous fistula was found to be spontaneously thrombosed in a three\u2010month follow\u2010up (Video\u00a0S1)."
            ],
            "cleaned_answer_idx": [
                0,
                1,
                2,
                3,
                4,
                5
            ]
        },
        "3": {
            "question": " Did you notice any symptoms, such as a fever, cough, or respiratory issues?  ",
            "answer": " $No$\n",
            "cleaned_answer": [
                "$No$"
            ],
            "cleaned_answer_idx": [
                "$$"
            ]
        },
        "4": {
            "question": " What's the diagnosis?  ",
            "answer": " An arteriovenous fistula, which was depicted in a subsequent digital subtraction angiography and a color duplex examination\n",
            "cleaned_answer": [
                "Surprisingly, a handheld Doppler device obtained a continuous machinery bruit in the anterior tibial artery/veins, suggesting an arteriovenous fistula, which was depicted in a subsequent digital subtraction angiography and a color duplex examination (Video\u00a0S1)."
            ],
            "cleaned_answer_idx": [
                5
            ]
        },
        "5": {
            "question": " What's the direct evidence that points to this diagnosis?  ",
            "answer": " A handheld Doppler device obtained a continuous machinery bruit in the anterior tibial artery/veins\n",
            "cleaned_answer": [
                "Surprisingly, a handheld Doppler device obtained a continuous machinery bruit in the anterior tibial artery/veins, suggesting an arteriovenous fistula, which was depicted in a subsequent digital subtraction angiography and a color duplex examination (Video\u00a0S1)."
            ],
            "cleaned_answer_idx": [
                5
            ]
        },
        "6": {
            "question": " What\u2019s the imaging (only provided the figure explanation here) suggest?  ",
            "answer": " which was depicted in a subsequent digital subtraction angiography\n",
            "cleaned_answer": [
                "which was depicted in a subsequent digital subtraction angiography"
            ],
            "cleaned_answer_idx": [
                3
            ]
        },
        "7": {
            "question": " What\u2019s the examination suggest?  ",
            "answer": " and a color duplex examination\n",
            "cleaned_answer": [
                "and a color duplex examination"
            ],
            "cleaned_answer_idx": [
                3
            ]
        },
        "8": {
            "question": " Is there any suggestion?  ",
            "answer": " Most likely, the Fogarty catheter had unintentionally perforated the anterior tibial artery passing into one of the adjacent anterior tibial veins.\u201d",
            "cleaned_answer": [
                "Most likely, the Fogarty catheter had unintentionally perforated the anterior tibial artery passing into one of the adjacent anterior tibial veins.\u201d"
            ],
            "cleaned_answer_idx": [
                4
            ]
        },
        "oneround_dict": {
            "input": "A 75\u2010year\u2010old man A 75\u2010year\u2010old man presented with an immediately threatened grade IIb acute ischemia of the left leg due to thrombosis of a femoro\u2010infrapopliteal prosthetic bypass graft. After an urgent computed tomography angiography, an urgent graft thrombectomy was performed using a 5 Fr Fogarty catheter, which had a troublesome distal passage. The leg recovered normal motor and sensory function. <?> which was depicted in a subsequent digital subtraction angiography and a color duplex examination Most likely, the Fogarty catheter had unintentionally perforated the anterior tibial artery passing into one of the adjacent anterior tibial veins. The patient was managed conservatively, and the arteriovenous fistula was found to be spontaneously thrombosed in a three\u2010month follow\u2010up (Video\u00a0S1). <?>",
            "groundtruth": "fistula",
            "evidence": [
                "Surprisingly, a handheld Doppler device obtained a continuous machinery bruit in the anterior tibial artery/veins, suggesting an arteriovenous fistula, which was depicted in a subsequent digital subtraction angiography and a color duplex examination (Video\u00a0S1)."
            ]
        },
        "multiround_dict": {
            "question1": "I am A 75\u2010year\u2010old man A 75\u2010year\u2010old man presented with an immediately threatened grade IIb acute ischemia of the left leg due to thrombosis of a femoro\u2010infrapopliteal prosthetic bypass graft. After an urgent computed tomography angiography, an urgent graft thrombectomy was performed using a 5 Fr Fogarty catheter, which had a troublesome distal passage. The leg recovered normal motor and sensory function. <?> Most likely, the Fogarty catheter had unintentionally perforated the anterior tibial artery passing into one of the adjacent anterior tibial veins. The patient was managed conservatively, and the arteriovenous fistula was found to be spontaneously thrombosed in a three\u2010month follow\u2010up (Video\u00a0S1).. Could you consider all possible diseases based on my information?",
            "question2": "I also have done some examination,which was depicted in a subsequent digital subtraction angiography and a color duplex examination <?>. Could you narrow down to a specific disease based on the examination? Only give me the disease name, and if there are different names for the same disease, list them separated by commas.",
            "groundtruth": "fistula",
            "evidence": [
                "Surprisingly, a handheld Doppler device obtained a continuous machinery bruit in the anterior tibial artery/veins, suggesting an arteriovenous fistula, which was depicted in a subsequent digital subtraction angiography and a color duplex examination (Video\u00a0S1)."
            ]
        }
    },
    "case 2": {
        "1": {
            "question": " Describe the patient personal information.  ",
            "answer": " A 68-year-old never-smoking female was referred to our outpatient clinic due to the stage IV lung adenocarcinoma, with involvement of the right supraclavicular lymph nodes and pelvic bones.\n",
            "cleaned_answer": [
                "A 68-year-old never-smoking female was referred to our outpatient clinic due to the stage IV lung adenocarcinoma, with involvement of the right supraclavicular lymph nodes and pelvic bones."
            ],
            "cleaned_answer_idx": [
                0
            ]
        },
        "2": {
            "question": " Describe the patient experience.  ",
            "answer": " Cisplatin and pemetrexed were used as the 1st line treatment (from December 2010 to March 2011). Due to progression of the lesion in the right lung, the patient received four cycles of docetaxel (from July 2012 to September 2012) and, subsequently, the palliative radiation to the chest in February 2013.\n",
            "cleaned_answer": [
                "Cisplatin and pemetrexed were used as the 1st line treatment (from December 2010 to March 2011).",
                "Due to progression of the lesion in the right lung, the patient received four cycles of docetaxel (from July 2012 to September 2012) and, subsequently, the palliative radiation to the chest in February 2013."
            ],
            "cleaned_answer_idx": [
                3,
                4
            ]
        },
        "3": {
            "question": " Did you notice any symptoms, such as a fever, cough, or respiratory issues?  ",
            "answer": " $No$\n",
            "cleaned_answer": [
                "$No$"
            ],
            "cleaned_answer_idx": [
                "$$"
            ]
        },
        "4": {
            "question": " What's the diagnosis?  ",
            "answer": " Stage IV lung adenocarcinoma\n",
            "cleaned_answer": [
                "A\u00a068-year-old never-smoking female was referred to our outpatient clinic due to the stage IV lung adenocarcinoma, with involvement of the right supraclavicular lymph nodes and pelvic bones."
            ],
            "cleaned_answer_idx": [
                4
            ]
        },
        "5": {
            "question": " What's the direct evidence that points to this diagnosis?  ",
            "answer": " Microscopic diagnosis was obtained via bronchoscopic biopsy and further confirmed by histologic examination of the tissue material form core needle biopsy of the supraclavicular node.\n",
            "cleaned_answer": [
                "Microscopic diagnosis was obtained via bronchoscopic biopsy and further confirmed by histologic examination of the tissue material form core needle biopsy of the supraclavicular node."
            ],
            "cleaned_answer_idx": [
                1
            ]
        },
        "6": {
            "question": " What\u2019s the imaging (only provided the figure explanation here) suggest?  ",
            "answer": " $No$\n",
            "cleaned_answer": [
                "$No$"
            ],
            "cleaned_answer_idx": [
                "$$"
            ]
        },
        "7": {
            "question": " What\u2019s the examination suggest?  ",
            "answer": " $No$\n",
            "cleaned_answer": [
                "$No$"
            ],
            "cleaned_answer_idx": [
                "$$"
            ]
        },
        "8": {
            "question": " Is there any suggestion?  ",
            "answer": " $No$\u201d",
            "cleaned_answer": [
                "$No$\u201d"
            ],
            "cleaned_answer_idx": [
                "$$"
            ]
        },
        "oneround_dict": {
            "input": "A 68-year-old never-smoking female was referred to our outpatient clinic due to the stage IV lung adenocarcinoma, with involvement of the right supraclavicular lymph nodes and pelvic bones. Microscopic diagnosis was obtained via bronchoscopic biopsy and further confirmed by histologic examination of the tissue material form core needle biopsy of the supraclavicular node. Cisplatin and pemetrexed were used as the 1st line treatment (from December 2010 to March 2011). Due to progression of the lesion in the right lung, the patient received four cycles of docetaxel (from July 2012 to September 2012) and, subsequently, the palliative radiation to the chest in February 2013.",
            "groundtruth": "adenocarcinoma",
            "evidence": [
                "A\u00a068-year-old never-smoking female was referred to our outpatient clinic due to the stage IV lung adenocarcinoma, with involvement of the right supraclavicular lymph nodes and pelvic bones."
            ]
        },
        "multiround_dict": {
            "question1": "I am A 68-year-old never-smoking female was referred to our outpatient clinic due to the stage IV lung adenocarcinoma, with involvement of the right supraclavicular lymph nodes and pelvic bones. Cisplatin and pemetrexed were used as the 1st line treatment (from December 2010 to March 2011). Due to progression of the lesion in the right lung, the patient received four cycles of docetaxel (from July 2012 to September 2012) and, subsequently, the palliative radiation to the chest in February 2013.. Could you consider all possible diseases based on my information?",
            "question2": "I also have done some examination,Microscopic diagnosis was obtained via bronchoscopic biopsy and further confirmed by histologic examination of the tissue material form core needle biopsy of the supraclavicular node.. Could you narrow down to a specific disease based on the examination? Only give me the disease name, and if there are different names for the same disease, list them separated by commas.",
            "groundtruth": "adenocarcinoma",
            "evidence": [
                "A\u00a068-year-old never-smoking female was referred to our outpatient clinic due to the stage IV lung adenocarcinoma, with involvement of the right supraclavicular lymph nodes and pelvic bones."
            ]
        }
    },
    "case 2: psp with small stepping gait (modified hoehn and yahr scale: 3)": {
        "1": {
            "question": " Describe the patient personal information.  ",
            "answer": " The participant was selected for the continuous intervention based on these assessments.\n",
            "cleaned_answer": [
                "The participant was selected for the continuous intervention based on these assessments."
            ],
            "cleaned_answer_idx": [
                4
            ]
        },
        "2": {
            "question": " Describe the patient experience.  ",
            "answer": " The results showed that step lengths were increased, as indicated by the decreased number of steps while/after wearing the HAL unit. The results showed that the effects persisted when not wearing the HAL unit.\n",
            "cleaned_answer": [
                "The results showed that step lengths were increased, as indicated by the decreased number of steps while/after wearing the HAL unit.",
                "The results showed that the effects persisted when not wearing the HAL unit."
            ],
            "cleaned_answer_idx": [
                3,
                11
            ]
        },
        "3": {
            "question": " Did you notice any symptoms, such as a fever, cough, or respiratory issues?  ",
            "answer": " $No$\n",
            "cleaned_answer": [
                "$No$"
            ],
            "cleaned_answer_idx": [
                "$$"
            ]
        },
        "4": {
            "question": " What's the diagnosis?  ",
            "answer": " Figure 4Experimental results of continuous intervention for Case 2 (progressive supranuclear palsy\u2013pure akinesia with gait freezing).\n",
            "cleaned_answer": [
                "Figure 4Experimental results of continuous intervention for Case 2 (progressive supranuclear palsy\u2013pure akinesia with gait freezing)."
            ],
            "cleaned_answer_idx": [
                11
            ]
        },
        "5": {
            "question": " What's the direct evidence that points to this diagnosis?  ",
            "answer": " $No$\n",
            "cleaned_answer": [
                "$No$"
            ],
            "cleaned_answer_idx": [
                "$$"
            ]
        },
        "6": {
            "question": " What\u2019s the imaging (only provided the figure explanation here) suggest?  ",
            "answer": " $No$\n",
            "cleaned_answer": [
                "$No$"
            ],
            "cleaned_answer_idx": [
                "$$"
            ]
        },
        "7": {
            "question": " What\u2019s the examination suggest?  ",
            "answer": " The results showed that step lengths were increased, as indicated by the decreased number of steps while/after wearing the HAL unit. The results showed that the effects persisted when not wearing the HAL unit.\n",
            "cleaned_answer": [
                "The results showed that step lengths were increased, as indicated by the decreased number of steps while/after wearing the HAL unit.",
                "The results showed that the effects persisted when not wearing the HAL unit."
            ],
            "cleaned_answer_idx": [
                3,
                11
            ]
        },
        "8": {
            "question": " Is there any suggestion?  ",
            "answer": " $No$\u201d",
            "cleaned_answer": [
                "$No$\u201d"
            ],
            "cleaned_answer_idx": [
                "$$"
            ]
        },
        "oneround_dict": {
            "input": "The results showed that step lengths were increased, as indicated by the decreased number of steps while/after wearing the HAL unit. The participant was selected for the continuous intervention based on these assessments. The results showed that the effects persisted when not wearing the HAL unit.",
            "groundtruth": "progressive supranuclear palsy\u2013pure akinesia with gait freezing",
            "evidence": [
                "Figure 4Experimental results of continuous intervention for Case 2 (progressive supranuclear palsy\u2013pure akinesia with gait freezing)."
            ]
        },
        "multiround_dict": {
            "question1": "I am The results showed that step lengths were increased, as indicated by the decreased number of steps while/after wearing the HAL unit. The participant was selected for the continuous intervention based on these assessments. The results showed that the effects persisted when not wearing the HAL unit.. Could you consider all possible diseases based on my information?",
            "question2": "I also have done some examination,The results showed that step lengths were increased, as indicated by the decreased number of steps while/after wearing the HAL unit. The results showed that the effects persisted when not wearing the HAL unit.. Could you narrow down to a specific disease based on the examination? Only give me the disease name, and if there are different names for the same disease, list them separated by commas.",
            "groundtruth": "progressive supranuclear palsy\u2013pure akinesia with gait freezing",
            "evidence": [
                "Figure 4Experimental results of continuous intervention for Case 2 (progressive supranuclear palsy\u2013pure akinesia with gait freezing)."
            ]
        }
    },
    "2. case report": {
        "1": {
            "question": " Describe the patient personal information.",
            "answer": " An 8-year-old medically fit boy was referred to the dental center at Riyadh Elm University Hospital, Riyadh, Saudi Arabia, for management of immature permanent mandibular first molar.\n",
            "cleaned_answer": [
                "An 8-year-old medically fit boy was referred to the dental center at Riyadh Elm University Hospital, Riyadh, Saudi Arabia, for management of immature permanent mandibular first molar."
            ],
            "cleaned_answer_idx": [
                0
            ]
        },
        "2": {
            "question": " Describe the patient experience.",
            "answer": " A diagnosis of necrotic pulp with asymptomatic apical periodontitis was reached. Among the various treatment options, REP was suggested as the best possible option. Benefits and risks of REP were fully explained to the patient and his mother, and the consent was obtained for the procedure.\n",
            "cleaned_answer": [
                "A diagnosis of necrotic pulp with asymptomatic apical periodontitis was reached.",
                "Among the various treatment options, REP was suggested as the best possible option.",
                "Benefits and risks of REP were fully explained to the patient and his mother, and the consent was obtained for the procedure."
            ],
            "cleaned_answer_idx": [
                5,
                6,
                7
            ]
        },
        "3": {
            "question": " Did you notice any symptoms, such as a fever, cough, or respiratory issues?",
            "answer": " $No$\n",
            "cleaned_answer": [
                "$No$"
            ],
            "cleaned_answer_idx": [
                "$$"
            ]
        },
        "4": {
            "question": " What's the diagnosis?",
            "answer": " A diagnosis of necrotic pulp with asymptomatic apical periodontitis was reached.\n",
            "cleaned_answer": [
                "A diagnosis of necrotic pulp with asymptomatic apical periodontitis was reached."
            ],
            "cleaned_answer_idx": [
                5
            ]
        },
        "5": {
            "question": " What's the direct evidence that points to this diagnosis?",
            "answer": " Clinical examination revealed extensive caries on the occlusal and distal sides without sensitivity to percussion and palpation. Vitality test with Endo-Frost cold spray (Roeko; Coltene Whaledent, Langenau, Germany) resulted in a negative response. Periodontal probings were within the normal limits (<3\u2009mm around the tooth) and no mobility was seen. Radiographic examination revealed that the tooth had immature roots with periapical radiolucency.\n",
            "cleaned_answer": [
                "Clinical examination revealed extensive caries on the occlusal and distal sides without sensitivity to percussion and palpation.",
                "Vitality test with Endo-Frost cold spray (Roeko; Coltene Whaledent, Langenau, Germany) resulted in a negative response.",
                "Periodontal probings were within the normal limits (<3\u2009mm around the tooth) and no mobility was seen.",
                "Radiographic examination revealed that the tooth had immature roots with periapical radiolucency."
            ],
            "cleaned_answer_idx": [
                1,
                2,
                3,
                4
            ]
        },
        "6": {
            "question": " What\u2019s the imaging (only provided the figure explanation here) suggest?",
            "answer": " Radiographic examination revealed that the tooth had immature roots with periapical radiolucency (Figure 1(a)).\n",
            "cleaned_answer": [
                "Radiographic examination revealed that the tooth had immature roots with periapical radiolucency (Figure 1(a))."
            ],
            "cleaned_answer_idx": [
                4
            ]
        },
        "7": {
            "question": " What\u2019s the examination suggest?",
            "answer": " Clinical examination revealed extensive caries on the occlusal and distal sides without sensitivity to percussion and palpation. Vitality test with Endo-Frost cold spray (Roeko; Coltene Whaledent, Langenau, Germany) resulted in a negative response. Periodontal probings were within the normal limits (<3\u2009mm around the tooth) and no mobility was seen.\n",
            "cleaned_answer": [
                "Clinical examination revealed extensive caries on the occlusal and distal sides without sensitivity to percussion and palpation.",
                "Vitality test with Endo-Frost cold spray (Roeko; Coltene Whaledent, Langenau, Germany) resulted in a negative response.",
                "Periodontal probings were within the normal limits (<3\u2009mm around the tooth) and no mobility was seen."
            ],
            "cleaned_answer_idx": [
                1,
                2,
                3
            ]
        },
        "8": {
            "question": " Is there any suggestion?",
            "answer": " Among the various treatment options, REP was suggested as the best possible option.\u201d",
            "cleaned_answer": [
                "Among the various treatment options, REP was suggested as the best possible option.\u201d"
            ],
            "cleaned_answer_idx": [
                6
            ]
        },
        "oneround_dict": {
            "input": "An 8-year-old medically fit boy was referred to the dental center at Riyadh Elm University Hospital, Riyadh, Saudi Arabia, for management of immature permanent mandibular first molar. Clinical examination revealed extensive caries on the occlusal and distal sides without sensitivity to percussion and palpation. Vitality test with Endo-Frost cold spray (Roeko; Coltene Whaledent, Langenau, Germany) resulted in a negative response. Periodontal probings were within the normal limits (<3\u2009mm around the tooth) and no mobility was seen. Radiographic examination revealed that the tooth had immature roots with periapical radiolucency. Radiographic examination revealed that the tooth had immature roots with periapical radiolucency (Figure 1(a)). <?>",
            "groundtruth": "necrotic pulp, apical periodontitis",
            "evidence": [
                "A diagnosis of necrotic pulp with asymptomatic apical periodontitis was reached."
            ]
        },
        "multiround_dict": {
            "question1": "I am An 8-year-old medically fit boy was referred to the dental center at Riyadh Elm University Hospital, Riyadh, Saudi Arabia, for management of immature permanent mandibular first molar. <?>. Could you consider all possible diseases based on my information?",
            "question2": "I also have done some examination,Clinical examination revealed extensive caries on the occlusal and distal sides without sensitivity to percussion and palpation. Vitality test with Endo-Frost cold spray (Roeko; Coltene Whaledent, Langenau, Germany) resulted in a negative response. Periodontal probings were within the normal limits (<3\u2009mm around the tooth) and no mobility was seen. Radiographic examination revealed that the tooth had immature roots with periapical radiolucency. Radiographic examination revealed that the tooth had immature roots with periapical radiolucency (Figure 1(a)).. Could you narrow down to a specific disease based on the examination? Only give me the disease name, and if there are different names for the same disease, list them separated by commas.",
            "groundtruth": "necrotic pulp, apical periodontitis",
            "evidence": [
                "A diagnosis of necrotic pulp with asymptomatic apical periodontitis was reached."
            ]
        }
    },
    "case 1": {
        "1": {
            "question": " Describe the patient personal information.  ",
            "answer": " A 79-year-old man was admitted to a municipal hospital.\n",
            "cleaned_answer": [
                "A 79-year-old man was admitted to a municipal hospital."
            ],
            "cleaned_answer_idx": [
                0
            ]
        },
        "2": {
            "question": " Describe the patient experience.  ",
            "answer": " A 79-year-old man was admitted to a municipal hospital with a bilateral sensory level below T3 and gait ataxia since the last month (EDSS 6.5). Symptoms improved after intravenous glucocorticoids (EDSS 5.0).\n",
            "cleaned_answer": [
                "A 79-year-old man was admitted to a municipal hospital with a bilateral sensory level below T3 and gait ataxia since the last month (EDSS 6.5).",
                "Autoimmune myelitis was suspected, and symptoms improved after intravenous glucocorticoids (EDSS 5.0)."
            ],
            "cleaned_answer_idx": [
                0,
                3
            ]
        },
        "3": {
            "question": " Did you notice any symptoms, such as a fever, cough, or respiratory issues?  ",
            "answer": " $No$\n",
            "cleaned_answer": [
                "$No$"
            ],
            "cleaned_answer_idx": [
                "$$"
            ]
        },
        "4": {
            "question": " What's the diagnosis?  ",
            "answer": " Autoimmune myelitis was suspected.\n",
            "cleaned_answer": [
                "Autoimmune myelitis was suspected."
            ],
            "cleaned_answer_idx": [
                3
            ]
        },
        "5": {
            "question": " What's the direct evidence that points to this diagnosis?  ",
            "answer": " $No$\n",
            "cleaned_answer": [
                "$No$"
            ],
            "cleaned_answer_idx": [
                "$$"
            ]
        },
        "6": {
            "question": " What\u2019s the imaging (only provided the figure explanation here) suggest?  ",
            "answer": " Magnetic resonance imaging (MRI) revealed spinal cord lesions at vertebra C1-4, at T3/4, and brain microangiopathy.\n",
            "cleaned_answer": [
                "Magnetic resonance imaging (MRI) revealed spinal cord lesions at vertebra C1-4, at T3/4, and brain microangiopathy."
            ],
            "cleaned_answer_idx": [
                1
            ]
        },
        "7": {
            "question": " What\u2019s the examination suggest?  ",
            "answer": " Cerebrospinal fluid (CSF) analysis showed mildly increased albumin, but normal immunoglobulin G (IgG), negative oligoclonal bands (OCB), and a normal cell count.\n",
            "cleaned_answer": [
                "Cerebrospinal fluid (CSF) analysis showed mildly increased albumin, but normal immunoglobulin G (IgG), negative oligoclonal bands (OCB), and a normal cell count."
            ],
            "cleaned_answer_idx": [
                2
            ]
        },
        "8": {
            "question": " Is there any suggestion?  ",
            "answer": " Symptoms improved after intravenous glucocorticoids (EDSS 5.0).\u201d",
            "cleaned_answer": [
                "Autoimmune myelitis was suspected, and symptoms improved after intravenous glucocorticoids (EDSS 5.0)."
            ],
            "cleaned_answer_idx": [
                3
            ]
        },
        "oneround_dict": {
            "input": "A 79-year-old man was admitted to a municipal hospital. A 79-year-old man was admitted to a municipal hospital with a bilateral sensory level below T3 and gait ataxia since the last month (EDSS 6.5). Magnetic resonance imaging (MRI) revealed spinal cord lesions at vertebra C1-4, at T3/4, and brain microangiopathy. Cerebrospinal fluid (CSF) analysis showed mildly increased albumin, but normal immunoglobulin G (IgG), negative oligoclonal bands (OCB), and a normal cell count. Autoimmune myelitis was suspected, and symptoms improved after intravenous glucocorticoids (EDSS 5.0).",
            "groundtruth": "Myelitis",
            "evidence": [
                "Autoimmune myelitis was suspected."
            ]
        },
        "multiround_dict": {
            "question1": "I am A 79-year-old man was admitted to a municipal hospital. A 79-year-old man was admitted to a municipal hospital with a bilateral sensory level below T3 and gait ataxia since the last month (EDSS 6.5). Autoimmune myelitis was suspected, and symptoms improved after intravenous glucocorticoids (EDSS 5.0).. Could you consider all possible diseases based on my information?",
            "question2": "I also have done some examination,Magnetic resonance imaging (MRI) revealed spinal cord lesions at vertebra C1-4, at T3/4, and brain microangiopathy. Cerebrospinal fluid (CSF) analysis showed mildly increased albumin, but normal immunoglobulin G (IgG), negative oligoclonal bands (OCB), and a normal cell count.. Could you narrow down to a specific disease based on the examination? Only give me the disease name, and if there are different names for the same disease, list them separated by commas.",
            "groundtruth": "Myelitis",
            "evidence": [
                "Autoimmune myelitis was suspected."
            ]
        }
    },
    "case 3": {
        "1": {
            "question": " Describe the patient personal information.",
            "answer": " A woman was admitted shortly before her 83rd birthday.\n",
            "cleaned_answer": [
                "A woman was admitted shortly before her 83rd birthday."
            ],
            "cleaned_answer_idx": [
                0
            ]
        },
        "2": {
            "question": " Describe the patient experience.",
            "answer": " with numbness and weakness in her right arm, impaired sensation below T10 bilaterally, and high-graded paraparesis since 2\u00a0days (EDSS 8.0).\n",
            "cleaned_answer": [
                "with numbness and weakness in her right arm, impaired sensation below T10 bilaterally, and high-graded paraparesis since 2\u00a0days (EDSS 8.0)."
            ],
            "cleaned_answer_idx": [
                0
            ]
        },
        "3": {
            "question": " Did you notice any symptoms, such as a fever, cough, or respiratory issues?",
            "answer": " $No$\n",
            "cleaned_answer": [
                "$No$"
            ],
            "cleaned_answer_idx": [
                "$$"
            ]
        },
        "4": {
            "question": " What's the diagnosis?",
            "answer": " Infectious myelitis was suspected.\n",
            "cleaned_answer": [
                "Infectious myelitis was suspected."
            ],
            "cleaned_answer_idx": [
                2
            ]
        },
        "5": {
            "question": " What's the direct evidence that points to this diagnosis?",
            "answer": " $No$\n",
            "cleaned_answer": [
                "$No$"
            ],
            "cleaned_answer_idx": [
                "$$"
            ]
        },
        "6": {
            "question": " What\u2019s the imaging (only provided the figure explanation here) suggest?",
            "answer": " $No$\n",
            "cleaned_answer": [
                "$No$"
            ],
            "cleaned_answer_idx": [
                "$$"
            ]
        },
        "7": {
            "question": " What\u2019s the examination suggest?",
            "answer": " $No$\n",
            "cleaned_answer": [
                "$No$"
            ],
            "cleaned_answer_idx": [
                "$$"
            ]
        },
        "8": {
            "question": " Is there any suggestion?",
            "answer": " antimicrobial treatment started.\u201d",
            "cleaned_answer": [
                "antimicrobial treatment started.\u201d"
            ],
            "cleaned_answer_idx": [
                2
            ]
        },
        "oneround_dict": {
            "input": "A woman was admitted shortly before her 83rd birthday. with numbness and weakness in her right arm, impaired sensation below T10 bilaterally, and high-graded paraparesis since 2\u00a0days (EDSS 8.0).",
            "groundtruth": "Myelitis",
            "evidence": [
                "Infectious myelitis was suspected."
            ]
        },
        "multiround_dict": {
            "question": "I am A woman was admitted shortly before her 83rd birthday. with numbness and weakness in her right arm, impaired sensation below T10 bilaterally, and high-graded paraparesis since 2\u00a0days (EDSS 8.0).. Could you consider all possible diseases based on my information? And then narrow down to a specific disease based on the examination? Only give me the disease name, and if there are different names for the same disease, list them separated by commas.",
            "groundtruth": "Myelitis",
            "evidence": [
                "Infectious myelitis was suspected."
            ]
        }
    },
    "case series": {
        "1": {
            "question": " Describe the patient personal information.",
            "answer": " A 79-year-old man was admitted to a municipal hospital.\n",
            "cleaned_answer": [
                "A 79-year-old man was admitted to a municipal hospital."
            ],
            "cleaned_answer_idx": [
                0
            ]
        },
        "2": {
            "question": " Describe the patient experience.",
            "answer": " With a bilateral sensory level below T3 and gait ataxia since the last month (EDSS 6.5). Symptoms improved after intravenous glucocorticoids (EDSS 5.0).\n",
            "cleaned_answer": [
                "A 79-year-old man was admitted to a municipal hospital with a bilateral sensory level below T3 and gait ataxia since the last month (EDSS 6.5).",
                "Autoimmune myelitis was suspected, and symptoms improved after intravenous glucocorticoids (EDSS 5.0)."
            ],
            "cleaned_answer_idx": [
                3,
                3
            ]
        },
        "3": {
            "question": " Did you notice any symptoms, such as a fever, cough, or respiratory issues?",
            "answer": " $No$\n",
            "cleaned_answer": [
                "$No$"
            ],
            "cleaned_answer_idx": [
                "$$"
            ]
        },
        "4": {
            "question": " What's the diagnosis?",
            "answer": " Autoimmune myelitis was suspected.\n",
            "cleaned_answer": [
                "Autoimmune myelitis was suspected."
            ],
            "cleaned_answer_idx": [
                3
            ]
        },
        "5": {
            "question": " What's the direct evidence that points to this diagnosis?",
            "answer": " $No$\n",
            "cleaned_answer": [
                "$No$"
            ],
            "cleaned_answer_idx": [
                "$$"
            ]
        },
        "6": {
            "question": " What\u2019s the imaging (only provided the figure explanation here) suggest?",
            "answer": " Magnetic resonance imaging (MRI) revealed spinal cord lesions at vertebra C1-4, at T3/4, and brain microangiopathy.\n",
            "cleaned_answer": [
                "Magnetic resonance imaging (MRI) revealed spinal cord lesions at vertebra C1-4, at T3/4, and brain microangiopathy."
            ],
            "cleaned_answer_idx": [
                1
            ]
        },
        "7": {
            "question": " What\u2019s the examination suggest?",
            "answer": " Cerebrospinal fluid (CSF) analysis showed mildly increased albumin, but normal immunoglobulin G (IgG), negative oligoclonal bands (OCB), and a normal cell count.\n",
            "cleaned_answer": [
                "Cerebrospinal fluid (CSF) analysis showed mildly increased albumin, but normal immunoglobulin G (IgG), negative oligoclonal bands (OCB), and a normal cell count."
            ],
            "cleaned_answer_idx": [
                2
            ]
        },
        "8": {
            "question": " Is there any suggestion?",
            "answer": " $No$\u201d",
            "cleaned_answer": [
                "$No$\u201d"
            ],
            "cleaned_answer_idx": [
                "$$"
            ]
        },
        "oneround_dict": {
            "input": "A 79-year-old man was admitted to a municipal hospital. Magnetic resonance imaging (MRI) revealed spinal cord lesions at vertebra C1-4, at T3/4, and brain microangiopathy. Cerebrospinal fluid (CSF) analysis showed mildly increased albumin, but normal immunoglobulin G (IgG), negative oligoclonal bands (OCB), and a normal cell count. A 79-year-old man was admitted to a municipal hospital with a bilateral sensory level below T3 and gait ataxia since the last month (EDSS 6.5). Autoimmune myelitis was suspected, and symptoms improved after intravenous glucocorticoids (EDSS 5.0).",
            "groundtruth": "Myelitis",
            "evidence": [
                "Autoimmune myelitis was suspected."
            ]
        },
        "multiround_dict": {
            "question1": "I am A 79-year-old man was admitted to a municipal hospital. A 79-year-old man was admitted to a municipal hospital with a bilateral sensory level below T3 and gait ataxia since the last month (EDSS 6.5). Autoimmune myelitis was suspected, and symptoms improved after intravenous glucocorticoids (EDSS 5.0).. Could you consider all possible diseases based on my information?",
            "question2": "I also have done some examination,Magnetic resonance imaging (MRI) revealed spinal cord lesions at vertebra C1-4, at T3/4, and brain microangiopathy. Cerebrospinal fluid (CSF) analysis showed mildly increased albumin, but normal immunoglobulin G (IgG), negative oligoclonal bands (OCB), and a normal cell count.. Could you narrow down to a specific disease based on the examination? Only give me the disease name, and if there are different names for the same disease, list them separated by commas.",
            "groundtruth": "Myelitis",
            "evidence": [
                "Autoimmune myelitis was suspected."
            ]
        }
    }
}