{
    "case": {
        "1": {
            "question": " Describe the patient personal information.  ",
            "answer": " A 26-year-old female was admitted for MHL.\n",
            "cleaned_answer": [
                "A 26-year-old female was admitted for MHL."
            ],
            "cleaned_answer_idx": [
                0
            ]
        },
        "2": {
            "question": " Describe the patient experience.  ",
            "answer": " At the age of 16 months, a mass measuring 9 cm \u00d7 8 cm with multiple septations in the right lobe of the liver was noted during the assessment of abdominal distension using ultrasonography (US) and magnetic resonance imaging (MRI) (Fig. 1A, 1B). Based on these findings, the patient was diagnosed with MHL. However, the scheduled hepatic mass resection was cancelled due to an upper respiratory infection. Since this mass did not cause any symptoms, the patient underwent regular sonographic follow-up every 2 years until the age of 10 years. Subsequently, the patient was lost to follow-up. At the age of 26 years, the patient returned to our clinic with abdominal pain lasting for 6 weeks. Computed tomography (CT) revealed an increase in mass size to 12.9 cm \u00d7 8.3 cm and a newly developed peripheral enhancing lesion in its posterior portion measuring 6 cm (Fig. 1C). Follow-up MRI and 18F-fluorodeoxyglucose positron emission tomography (PET) could not exclude malignant transformation (Fig. 1D, 1E). In addition, enlarged lymph nodes (LN) in the hepatoduodenal ligament and portocaval space were also identified. Mass excision with segment 5 and 6 hepatic segmentectomy (non-anatomical) and en bloc hilar LN dissection was performed. The mass was approached via an upper midline incision, and a mass measuring 16 cm was excised with a part of segments 5 and 6 of the liver parenchyma. Intraoperative frozen biopsy of the hilar LN showed no evidence of a tumor. Histopathological examination of the mass measuring 12.0 cm \u00d7 11.0 cm \u00d7 8.0 cm confirmed the diagnosis of iCCA in the background of MHL, with a T2N0M0 pathological stage (stage II). Although lymphatic and venous invasions were noted, the resection margin was free from tumor cells. Immunohistochemical analysis revealed cytokeratin (CK) 19 and p40 positivity and loss of p53 expression; thus, the final diagnosis was iCCA with squamous differentiation (Fig. 2). The patient recovered well postoperatively; however, a biloma was observed at the resection site, which required percutaneous drainage for 29 days. Furthermore, adjuvant chemotherapy (5-fluorouracil, 810 mg, six cycles) was initiated on postoperative day 60. After surgery and adjuvant chemotherapy, the serum levels of CEA and CA 19-9 decreased to 1.6 U/mL and 7 ng/mL, respectively (Fig. 3).\n",
            "cleaned_answer": [
                "At the age of 16 months, a mass measuring 9 cm \u00d7 8 cm with multiple septations in the right lobe of the liver was noted during the assessment of abdominal distension using ultrasonography (US) and magnetic resonance imaging (MRI) (Fig.",
                "1A, 1B).",
                "Based on these findings, the patient was diagnosed with MHL.",
                "However, the scheduled hepatic mass resection was cancelled due to an upper respiratory infection.",
                "Since this mass did not cause any symptoms, the patient underwent regular sonographic follow-up every 2 years until the age of 10 years.",
                "Subsequently, the patient was lost to follow-up.",
                "At the age of 26 years, the patient returned to our clinic with abdominal pain lasting for 6 weeks.",
                "Computed tomography (CT) revealed an increase in mass size to 12.9 cm \u00d7 8.3 cm and a newly developed peripheral enhancing lesion in its posterior portion measuring 6 cm (Fig.",
                "1C).",
                "Follow-up MRI and 18F-fluorodeoxyglucose positron emission tomography (PET) could not exclude malignant transformation (Fig.",
                "1D, 1E).",
                "In addition, enlarged lymph nodes (LN) in the hepatoduodenal ligament and portocaval space were also identified.",
                "Mass excision with segment 5 and 6 hepatic segmentectomy (non-anatomical) and en bloc hilar LN dissection was performed.",
                "The mass was approached via an upper midline incision, and a mass measuring 16 cm was excised with a part of segments 5 and 6 of the liver parenchyma.",
                "Intraoperative frozen biopsy of the hilar LN showed no evidence of a tumor.",
                "Histopathological examination of the mass measuring 12.0 cm \u00d7 11.0 cm \u00d7 8.0 cm confirmed the diagnosis of iCCA in the background of MHL, with a T2N0M0 pathological stage (stage II).",
                "Although lymphatic and venous invasions were noted, the resection margin was free from tumor cells.",
                "Immunohistochemical analysis revealed cytokeratin (CK) 19 and p40 positivity and loss of p53 expression; thus, the final diagnosis was iCCA with squamous differentiation (Fig.",
                "2).",
                "The patient recovered well postoperatively; however, a biloma was observed at the resection site, which required percutaneous drainage for 29 days.",
                "Furthermore, adjuvant chemotherapy (5-fluorouracil, 810 mg, six cycles) was initiated on postoperative day 60.",
                "After surgery and adjuvant chemotherapy, the serum levels of CEA and CA 19-9 decreased to 1.6 U/mL and 7 ng/mL, respectively (Fig.",
                "3)."
            ],
            "cleaned_answer_idx": [
                1,
                2,
                3,
                6,
                7,
                8,
                9,
                10,
                11,
                12,
                13,
                14,
                18,
                19,
                20,
                21,
                22,
                23,
                0,
                25,
                26,
                27,
                5
            ]
        },
        "3": {
            "question": " Did you notice any symptoms, such as a fever, cough, or respiratory issues?  ",
            "answer": " However, the scheduled hepatic mass resection was cancelled due to an upper respiratory infection.\n",
            "cleaned_answer": [
                "However, the scheduled hepatic mass resection was cancelled due to an upper respiratory infection."
            ],
            "cleaned_answer_idx": [
                6
            ]
        },
        "4": {
            "question": " What's the diagnosis?  ",
            "answer": " Based on these findings, the patient was diagnosed with MHL. Histopathological examination of the mass measuring 12.0 cm \u00d7 11.0 cm \u00d7 8.0 cm confirmed the diagnosis of iCCA in the background of MHL, with a T2N0M0 pathological stage (stage II). Thus, the final diagnosis was iCCA with squamous differentiation (Fig. 2).\n",
            "cleaned_answer": [
                "Based on these findings, the patient was diagnosed with MHL.",
                "Histopathological examination of the mass measuring 12.0 cm \u00d7 11.0 cm \u00d7 8.0 cm confirmed the diagnosis of iCCA in the background of MHL, with a T2N0M0 pathological stage (stage II).",
                "Immunohistochemical analysis revealed cytokeratin (CK) 19 and p40 positivity and loss of p53 expression; thus, the final diagnosis was iCCA with squamous differentiation (Fig.",
                "2)."
            ],
            "cleaned_answer_idx": [
                3,
                21,
                28,
                0
            ]
        },
        "5": {
            "question": " What's the direct evidence that points to this diagnosis?  ",
            "answer": " Histopathological examination of the mass measuring 12.0 cm \u00d7 11.0 cm \u00d7 8.0 cm confirmed the diagnosis of iCCA in the background of MHL, with a T2N0M0 pathological stage (stage II). Immunohistochemical analysis revealed cytokeratin (CK) 19 and p40 positivity and loss of p53 expression; thus, the final diagnosis was iCCA with squamous differentiation (Fig. 2).\n",
            "cleaned_answer": [
                "Histopathological examination of the mass measuring 12.0 cm \u00d7 11.0 cm \u00d7 8.0 cm confirmed the diagnosis of iCCA in the background of MHL, with a T2N0M0 pathological stage (stage II).",
                "Immunohistochemical analysis revealed cytokeratin (CK) 19 and p40 positivity and loss of p53 expression; thus, the final diagnosis was iCCA with squamous differentiation (Fig.",
                "2)."
            ],
            "cleaned_answer_idx": [
                21,
                23,
                0
            ]
        },
        "6": {
            "question": " What\u2019s the imaging (only provided the figure explanation here) suggest?  ",
            "answer": " $No$\n",
            "cleaned_answer": [
                "$No$"
            ],
            "cleaned_answer_idx": [
                "$$"
            ]
        },
        "7": {
            "question": " What\u2019s the examination suggest?  ",
            "answer": " Intraoperative frozen biopsy of the hilar LN showed no evidence of a tumor.\n",
            "cleaned_answer": [
                "Intraoperative frozen biopsy of the hilar LN showed no evidence of a tumor."
            ],
            "cleaned_answer_idx": [
                20
            ]
        },
        "8": {
            "question": " Is there any suggestion?  ",
            "answer": " $No$\"",
            "cleaned_answer": [
                "$No$\""
            ],
            "cleaned_answer_idx": [
                "$$"
            ]
        },
        "oneround_dict": {
            "input": "A 26-year-old female was admitted for MHL. 2). At the age of 16 months, a mass measuring 9 cm \u00d7 8 cm with multiple septations in the right lobe of the liver was noted during the assessment of abdominal distension using ultrasonography (US) and magnetic resonance imaging (MRI) (Fig. 1A, 1B). <?>",
            "groundtruth": "MHL, iCCA, squamous differentiation",
            "evidence": [
                "Based on these findings, the patient was diagnosed with MHL.",
                "Histopathological examination of the mass measuring 12.0 cm \u00d7 11.0 cm \u00d7 8.0 cm confirmed the diagnosis of iCCA in the background of MHL, with a T2N0M0 pathological stage (stage II).",
                "Immunohistochemical analysis revealed cytokeratin (CK) 19 and p40 positivity and loss of p53 expression; thus, the final diagnosis was iCCA with squamous differentiation (Fig.",
                "2)."
            ]
        },
        "multiround_dict": {
            "question1": "I am A 26-year-old female was admitted for MHL. 2). At the age of 16 months, a mass measuring 9 cm \u00d7 8 cm with multiple septations in the right lobe of the liver was noted during the assessment of abdominal distension using ultrasonography (US) and magnetic resonance imaging (MRI) (Fig. 1A, 1B). <?>. Could you consider all possible diseases based on my information?",
            "question2": "I also have done some examination,2).. Could you narrow down to a specific disease based on the examination? Only give me the disease name, and if there are different names for the same disease, list them separated by commas.",
            "groundtruth": "MHL, iCCA, squamous differentiation",
            "evidence": [
                "Based on these findings, the patient was diagnosed with MHL.",
                "Histopathological examination of the mass measuring 12.0 cm \u00d7 11.0 cm \u00d7 8.0 cm confirmed the diagnosis of iCCA in the background of MHL, with a T2N0M0 pathological stage (stage II).",
                "Immunohistochemical analysis revealed cytokeratin (CK) 19 and p40 positivity and loss of p53 expression; thus, the final diagnosis was iCCA with squamous differentiation (Fig.",
                "2)."
            ]
        }
    },
    "case report": {
        "1": {
            "question": " Describe the patient personal information.",
            "answer": " A 61-year-old woman presented to the Emergency Department at the First Affiliated Hospital of Nanchang University on 7 July 2014.\n",
            "cleaned_answer": [
                "A 61-year-old woman presented to the Emergency Department at the First Affiliated Hospital of Nanchang University on 7 July 2014."
            ],
            "cleaned_answer_idx": [
                0
            ]
        },
        "2": {
            "question": " Describe the patient experience.",
            "answer": " A 61-year-old woman presented to the Emergency Department at the First Affiliated Hospital of Nanchang University on 7 July 2014. Her family members explained that she had developed a fever with headaches, chills, dizziness, and body aches after a rainstorm and had lost consciousness two days later, resulting in hospitalization. Upon physical examination, she was found to be afebrile with a heart rate of 88 bpm, blood pressure of 124/77 mm Hg, and a respiratory rate of 22 breaths per minute. Subsequent examination of the patient\u2019s head, heart, lungs, and abdomen yielded normal results. Kernig\u2019s sign was positive on both sides of the body. Babinski and Brudzinski signs were both negative. On 8 July, a computed tomography (CT) scan of the head and abdomen also returned normal results. Chest CT scans revealed pleural effusion on both sides and mild lung infection. Laboratory results\u2014including routine complete blood count, hepatic function, coagulation function, and cardiograph\u2014were all normal. On 9 July, a CSF chemical study indicated normal glucose and chloride levels and a protein level of 1913 mg/L. On 10 July, ESR was 46 mm/h. The ER physicians concluded that she had a central nervous system infection, viral meningitis, and lung infection. No improvement was seen after four days of anti-infective, mannitol, and fluid infusion treatment, and the patient was transferred to the Department of Infectious Diseases (DID) on 11 July. At the DID, she was treated with mannitol, dexamethasone, and Rocephin, as in the ER, but with the addition of acyclovir. On 14 July, the patient had a fever with a body temperature of 39 degrees Celsius. Laboratory studies indicated a leukocyte concentration of 10.18E9/L and a neutrophil concentration of 6.92E9/L. Blood culture was sent to the Department of Laboratory Medicine (DLM) and the patient\u2019s antibiotic was changed to Tazocin. The patient then became well the next day. On 18 July, the DLM reported that they had cultured gram-positive bacteria. Dermacoccus nishinomiyaensis and susceptibility results were reported on 24 July before the patient was finally discharged on 4 August (Figure 1). Figure 1 Timeline of the patient\u2019s illness and treatment in the hospital.\n",
            "cleaned_answer": [
                "A 61-year-old woman presented to the Emergency Department at the First Affiliated Hospital of Nanchang University on 7 July 2014.",
                "Her family members explained that she had developed a fever with headaches, chills, dizziness, and body aches after a rainstorm and had lost consciousness two day later, resulting in hospitalization.",
                "Upon physical examination, she was found to be afebrile with a heart rate of 88 bpm, blood pressure of 124/77 mm Hg, and a respiratory rate of 22 breaths per minute.",
                "Subsequent examination of the patient\u2019s head, heart, lungs, and abdomen yielded normal results.",
                "Kernig\u2019s sign was positive on both sides of the body.",
                "Babinski and Brudzinski signs were both negative.",
                "On 8 July, a computed tomography (CT) scan of the head and abdomen also returned normal results.",
                "Chest CT scans revealed pleural effusion on both sides and mild lung infection.",
                "Laboratory results\u2014including routine complete blood count, hepatic function, coagulation function, and cardiograph\u2014were all normal.",
                "On 9 July, a CSF chemical study indicated normal glucose and chloride levels and a protein level of 1913 mg/L.",
                "On 10 July, ESR was 46 mm/h.",
                "The ER physicians concluded that she had a central nervous system infection, viral meningitis, and lung infection.",
                "No improvement was seen after four days of anti-infective, mannitol, and fluid infusion treatment, and the patient was transferred to the Department of Infectious Diseases (DID) on 11 July.",
                "At the DID, she was treated with mannitol, dexamethasone, and Rocephin, as in the ER, but with the addition of acyclovir.",
                "On 14 July, the patient had a fever with a body temperature of 39 degrees Celsius.",
                "Laboratory studies indicated a leukocyte concentration of 10.18E9/L and a neutrophil concentration of 6.92E9/L.",
                "Blood culture was sent to the Department of Laboratory Medicine (DLM) and the patient\u2019s antibiotic was changed to Tazocin.",
                "The patient then became well the next day.",
                "On 18 July, the DLM reported that they had cultured gram-positive bacteria.",
                "Dermacoccus nishinomiyaensis and susceptibility results were reported on 24 July before the patient was finally discharged on 4 August (Figure 1).",
                "Figure 1 Timeline of the patient\u2019s illness and treatment in the hospital."
            ],
            "cleaned_answer_idx": [
                0,
                22,
                2,
                3,
                4,
                5,
                6,
                7,
                8,
                9,
                10,
                11,
                12,
                13,
                14,
                15,
                16,
                17,
                18,
                19,
                19
            ]
        },
        "3": {
            "question": " Did you notice any symptoms, such as a fever, cough, or respiratory issues?",
            "answer": " Her family members explained that she had developed a fever with headaches, chills, dizziness, and body aches after a rainstorm. On 14 July, the patient had a fever with a body temperature of 39 degrees Celsius.\n",
            "cleaned_answer": [
                "Her family members explained that she had developed a fever with headaches, chills, dizziness, and body aches after a rainstorm.",
                "On 14 July, the patient had a fever with a body temperature of 39 degrees Celsius."
            ],
            "cleaned_answer_idx": [
                1,
                14
            ]
        },
        "4": {
            "question": " What's the diagnosis?",
            "answer": " The ER physicians concluded that she had a central nervous system infection, viral meningitis, and lung infection.\n",
            "cleaned_answer": [
                "The ER physicians concluded that she had a central nervous system infection, viral meningitis, and lung infection."
            ],
            "cleaned_answer_idx": [
                11
            ]
        },
        "5": {
            "question": " What's the direct evidence that points to this diagnosis?",
            "answer": " On 18 July, the DLM reported that they had cultured gram-positive bacteria. Dermacoccus nishinomiyaensis and susceptibility results were reported on 24 July.\n",
            "cleaned_answer": [
                "On 18 July, the DLM reported that they had cultured gram-positive bacteria.",
                "Dermacoccus nishinomiyaensis and susceptibility results were reported on 24 July."
            ],
            "cleaned_answer_idx": [
                18,
                19
            ]
        },
        "6": {
            "question": " What\u2019s the imaging (only provided the figure explanation here) suggest?",
            "answer": " Time in days is shown along the x axis with treatment, clinical manifestation, and laboratory diagnosis along the y axis.\n",
            "cleaned_answer": [
                "Time in days is shown along the x axis with treatment, clinical manifestation, and laboratory diagnosis along the y axis."
            ],
            "cleaned_answer_idx": [
                20
            ]
        },
        "7": {
            "question": " What\u2019s the examination suggest?",
            "answer": " Kernig\u2019s sign was positive on both sides of the body. Babinski and Brudzinski signs were both negative. A CSF chemical study indicated normal glucose and chloride levels and a protein level of 1913 mg/L.\n",
            "cleaned_answer": [
                "Kernig\u2019s sign was positive on both sides of the body.",
                "Babinski and Brudzinski signs were both negative.",
                "On 9 July, a CSF chemical study indicated normal glucose and chloride levels and a protein level of 1913 mg/L."
            ],
            "cleaned_answer_idx": [
                4,
                5,
                22
            ]
        },
        "8": {
            "question": " Is there any suggestion?",
            "answer": " $No$\u201d",
            "cleaned_answer": [
                "$No$\u201d"
            ],
            "cleaned_answer_idx": [
                12
            ]
        },
        "oneround_dict": {
            "input": "A 61-year-old woman presented to the Emergency Department at the First Affiliated Hospital of Nanchang University on 7 July 2014. Her family members explained that she had developed a fever with headaches, chills, dizziness, and body aches after a rainstorm. Upon physical examination, she was found to be afebrile with a heart rate of 88 bpm, blood pressure of 124/77 mm Hg, and a respiratory rate of 22 breaths per minute. Subsequent examination of the patient\u2019s head, heart, lungs, and abdomen yielded normal results. Kernig\u2019s sign was positive on both sides of the body. Babinski and Brudzinski signs were both negative. On 8 July, a computed tomography (CT) scan of the head and abdomen also returned normal results. Chest CT scans revealed pleural effusion on both sides and mild lung infection. Laboratory results\u2014including routine complete blood count, hepatic function, coagulation function, and cardiograph\u2014were all normal. On 9 July, a CSF chemical study indicated normal glucose and chloride levels and a protein level of 1913 mg/L. On 10 July, ESR was 46 mm/h. <?>",
            "groundtruth": "central nervous system infection, viral meningitis, lung infection",
            "evidence": [
                "The ER physicians concluded that she had a central nervous system infection, viral meningitis, and lung infection."
            ]
        },
        "multiround_dict": {
            "question1": "I am A 61-year-old woman presented to the Emergency Department at the First Affiliated Hospital of Nanchang University on 7 July 2014. Her family members explained that she had developed a fever with headaches, chills, dizziness, and body aches after a rainstorm. Upon physical examination, she was found to be afebrile with a heart rate of 88 bpm, blood pressure of 124/77 mm Hg, and a respiratory rate of 22 breaths per minute. Subsequent examination of the patient\u2019s head, heart, lungs, and abdomen yielded normal results. Kernig\u2019s sign was positive on both sides of the body. Babinski and Brudzinski signs were both negative. On 8 July, a computed tomography (CT) scan of the head and abdomen also returned normal results. Chest CT scans revealed pleural effusion on both sides and mild lung infection. Laboratory results\u2014including routine complete blood count, hepatic function, coagulation function, and cardiograph\u2014were all normal. On 9 July, a CSF chemical study indicated normal glucose and chloride levels and a protein level of 1913 mg/L. On 10 July, ESR was 46 mm/h. <?>. Could you consider all possible diseases based on my information?",
            "question2": "I also have done some examination,Kernig\u2019s sign was positive on both sides of the body. Babinski and Brudzinski signs were both negative.. Could you narrow down to a specific disease based on the examination? Only give me the disease name, and if there are different names for the same disease, list them separated by commas.",
            "groundtruth": "central nervous system infection, viral meningitis, lung infection",
            "evidence": [
                "The ER physicians concluded that she had a central nervous system infection, viral meningitis, and lung infection."
            ]
        }
    },
    "2. case presentation": {
        "1": {
            "question": " Describe the patient personal information.  ",
            "answer": " A 20-year-old primigravida was referred to the Gynecology and Obstetrics Service of the University Hospital of the Federal University of Maranh\u00e3o (UFMA).  \n",
            "cleaned_answer": [
                "A 20-year-old primigravida was referred to the Gynecology and Obstetrics Service of the University Hospital of the Federal University of Maranh\u00e3o (UFMA)."
            ],
            "cleaned_answer_idx": [
                0
            ]
        },
        "2": {
            "question": " Describe the patient experience.  ",
            "answer": " A 2DUS examination performed in our institution revealed pregnancy of 23 weeks and 4 days, with a female fetus presenting a bulky solid mass with cystic components and calcifications, measuring 7.7 \u00d7 9.1 \u00d7 12.2\u2009cm, starting from the sacral region, with internal flow seen on color Doppler (Figure 1). 3DUS was performed using the Voluson 730 Pro apparatus (General Electric Medical System, Zipf, Austria), with a volumetric convex transducer (RAB 4\u20138L) in rendering mode. This clearly showed the spatial relationships between the mass and the fetal pelvis and made it possible for the parents to understand the pathological condition better (Figure 2). A new ultrasound examination confirmed that fetal death occurred at 25 weeks and 4 days of pregnancy, due to hydrops. The postnatal macroscopic findings confirmed the diagnosis of sacrococcygeal teratoma (Figure 3).  \n",
            "cleaned_answer": [
                "A 2DUS examination performed in our institution revealed pregnancy of 23 weeks and 4 days, with a female fetus presenting a bulky solid mass with cystic components and calcifications, measuring 7.7 \u00d7 9.1 \u00d7 12.2\u2009cm, starting from the sacral region, with internal flow seen on color Doppler (Figure 1).",
                "3DUS was performed using the Voluson 730 Pro apparatus (General Electric Medical System, Zipf, Austria), with a volumetric convex transducer (RAB 4\u20138L) in rendering mode.",
                "This clearly showed the spatial relationships between the mass and the fetal pelvis and made it possible for the parents to understand the pathological condition better (Figure 2).",
                "A new ultrasound examination confirmed that fetal death occurred at 25 weeks and 4 days of pregnancy, due to hydrops.",
                "The postnatal macroscopic findings confirmed the diagnosis of sacrococcygeal teratoma (Figure 3)."
            ],
            "cleaned_answer_idx": [
                1,
                2,
                3,
                4,
                5
            ]
        },
        "3": {
            "question": " Did you notice any symptoms, such as a fever, cough, or respiratory issues?  ",
            "answer": " $No$  \n",
            "cleaned_answer": [
                "$No$"
            ],
            "cleaned_answer_idx": [
                "$$"
            ]
        },
        "4": {
            "question": " What's the diagnosis?  ",
            "answer": " The postnatal macroscopic findings confirmed the diagnosis of sacrococcygeal teratoma (Figure 3).  \n",
            "cleaned_answer": [
                "The postnatal macroscopic findings confirmed the diagnosis of sacrococcygeal teratoma (Figure 3)."
            ],
            "cleaned_answer_idx": [
                5
            ]
        },
        "5": {
            "question": " What's the direct evidence that points to this diagnosis?  ",
            "answer": " A 2DUS examination performed in our institution revealed pregnancy of 23 weeks and 4 days, with a female fetus presenting a bulky solid mass with cystic components and calcifications, measuring 7.7 \u00d7 9.1 \u00d7 12.2\u2009cm, starting from the sacral region, with internal flow seen on color Doppler (Figure 1). The postnatal macroscopic findings confirmed the diagnosis of sacrococcygeal teratoma (Figure 3).  \n",
            "cleaned_answer": [
                "A 2DUS examination performed in our institution revealed pregnancy of 23 weeks and 4 days, with a female fetus presenting a bulky solid mass with cystic components and calcifications, measuring 7.7 \u00d7 9.1 \u00d7 12.2\u2009cm, starting from the sacral region, with internal flow seen on color Doppler (Figure 1).",
                "The postnatal macroscopic findings confirmed the diagnosis of sacrococcygeal teratoma (Figure 3)."
            ],
            "cleaned_answer_idx": [
                1,
                5
            ]
        },
        "6": {
            "question": " What\u2019s the imaging (only provided the figure explanation here) suggest?  ",
            "answer": " This clearly showed the spatial relationships between the mass and the fetal pelvis and made it possible for the parents to understand the pathological condition better (Figure 2).  \n",
            "cleaned_answer": [
                "This clearly showed the spatial relationships between the mass and the fetal pelvis and made it possible for the parents to understand the pathological condition better (Figure 2)."
            ],
            "cleaned_answer_idx": [
                3
            ]
        },
        "7": {
            "question": " What\u2019s the examination suggest?  ",
            "answer": " A 2DUS examination performed in our institution revealed pregnancy of 23 weeks and 4 days, with a female fetus presenting a bulky solid mass with cystic components and calcifications, measuring 7.7 \u00d7 9.1 \u00d7 12.2\u2009cm, starting from the sacral region, with internal flow seen on color Doppler (Figure 1). \n",
            "cleaned_answer": [
                "A 2DUS examination performed in our institution revealed pregnancy of 23 weeks and 4 days, with a female fetus presenting a bulky solid mass with cystic components and calcifications, measuring 7.7 \u00d7 9.1 \u00d7 12.2\u2009cm, starting from the sacral region, with internal flow seen on color Doppler (Figure 1)."
            ],
            "cleaned_answer_idx": [
                1
            ]
        },
        "8": {
            "question": " Is there any suggestion?  ",
            "answer": " $No$\u201d",
            "cleaned_answer": [
                "$No$\u201d"
            ],
            "cleaned_answer_idx": [
                "$$"
            ]
        },
        "oneround_dict": {
            "input": "A 20-year-old primigravida was referred to the Gynecology and Obstetrics Service of the University Hospital of the Federal University of Maranh\u00e3o (UFMA). A 2DUS examination performed in our institution revealed pregnancy of 23 weeks and 4 days, with a female fetus presenting a bulky solid mass with cystic components and calcifications, measuring 7.7 \u00d7 9.1 \u00d7 12.2\u2009cm, starting from the sacral region, with internal flow seen on color Doppler (Figure 1). 3DUS was performed using the Voluson 730 Pro apparatus (General Electric Medical System, Zipf, Austria), with a volumetric convex transducer (RAB 4\u20138L) in rendering mode. This clearly showed the spatial relationships between the mass and the fetal pelvis and made it possible for the parents to understand the pathological condition better (Figure 2). A new ultrasound examination confirmed that fetal death occurred at 25 weeks and 4 days of pregnancy, due to hydrops. <?>",
            "groundtruth": "Sacrococcygeal teratoma",
            "evidence": [
                "The postnatal macroscopic findings confirmed the diagnosis of sacrococcygeal teratoma (Figure 3)."
            ]
        },
        "multiround_dict": {
            "question1": "I am A 20-year-old primigravida was referred to the Gynecology and Obstetrics Service of the University Hospital of the Federal University of Maranh\u00e3o (UFMA). A 2DUS examination performed in our institution revealed pregnancy of 23 weeks and 4 days, with a female fetus presenting a bulky solid mass with cystic components and calcifications, measuring 7.7 \u00d7 9.1 \u00d7 12.2\u2009cm, starting from the sacral region, with internal flow seen on color Doppler (Figure 1). 3DUS was performed using the Voluson 730 Pro apparatus (General Electric Medical System, Zipf, Austria), with a volumetric convex transducer (RAB 4\u20138L) in rendering mode. This clearly showed the spatial relationships between the mass and the fetal pelvis and made it possible for the parents to understand the pathological condition better (Figure 2). A new ultrasound examination confirmed that fetal death occurred at 25 weeks and 4 days of pregnancy, due to hydrops. <?>. Could you consider all possible diseases based on my information?",
            "question2": "I also have done some examination,A 2DUS examination performed in our institution revealed pregnancy of 23 weeks and 4 days, with a female fetus presenting a bulky solid mass with cystic components and calcifications, measuring 7.7 \u00d7 9.1 \u00d7 12.2\u2009cm, starting from the sacral region, with internal flow seen on color Doppler (Figure 1). This clearly showed the spatial relationships between the mass and the fetal pelvis and made it possible for the parents to understand the pathological condition better (Figure 2). <?>. Could you narrow down to a specific disease based on the examination? Only give me the disease name, and if there are different names for the same disease, list them separated by commas.",
            "groundtruth": "Sacrococcygeal teratoma",
            "evidence": [
                "The postnatal macroscopic findings confirmed the diagnosis of sacrococcygeal teratoma (Figure 3)."
            ]
        }
    }
}