{
    "case": {
        "1": {
            "question": " Describe the patient personal information.  ",
            "answer": " A 39-year-old woman was admitted to the hospital because of left groin pain.\n",
            "cleaned_answer": [
                "A 39-year-old woman was admitted to the hospital because of left groin pain."
            ],
            "cleaned_answer_idx": [
                0
            ]
        },
        "2": {
            "question": " Describe the patient experience.  ",
            "answer": " She had a past medical history of meningitis. Four years previously, she was found to have MCTD on the clinical diagnostic criteria of Sharp et al. At that time, she experienced arthritis, Raynaud\u2019s phenomenon, swollen hands and biopsy-proven myositis. Thereafter, she was intermittently admitted to the hospital due to drug-induced hepatitis, severe dysplasia of the uterine cervix, fever with chills and painful lymphadenopathy.\n",
            "cleaned_answer": [
                "She had a past medical history of meningitis.",
                "Four years previously, she was found to have MCTD on the clinical diagnostic criteria of Sharp et al.",
                "At that time, she experienced arthritis, Raynaud\u2019s phenomenon, swollen hands and biopsy-proven myositis.",
                "Thereafter, she was intermittently admitted to the hospital due to drug-induced hepatitis, severe dysplasia of the uterine cervix, fever with chills and painful lymphadenopathy."
            ],
            "cleaned_answer_idx": [
                1,
                2,
                3,
                6
            ]
        },
        "3": {
            "question": " Did you notice any symptoms, such as a fever, cough, or respiratory issues?  ",
            "answer": " Thereafter, she was intermittently admitted to the hospital due to drug-induced hepatitis, severe dysplasia of the uterine cervix, fever with chills and painful lymphadenopathy.\n",
            "cleaned_answer": [
                "Thereafter, she was intermittently admitted to the hospital due to drug-induced hepatitis, severe dysplasia of the uterine cervix, fever with chills and painful lymphadenopathy."
            ],
            "cleaned_answer_idx": [
                6
            ]
        },
        "4": {
            "question": " What's the diagnosis?  ",
            "answer": " Simple pelvis radiograph was done. A plain radiograph of the pelvis revealed insufficiency fractures of parasymphyseal and left pubic rami (Figure 1B).\n",
            "cleaned_answer": [
                "Simple pelvis radiograph was done.",
                "A plain radiograph of the pelvis revealed insufficiency fractures of parasymphyseal and left pubic rami (Figure 1B)."
            ],
            "cleaned_answer_idx": [
                13,
                14
            ]
        },
        "5": {
            "question": " What's the direct evidence that points to this diagnosis?  ",
            "answer": " A plain radiograph of the pelvis revealed insufficiency fractures of parasymphyseal and left pubic rami (Figure 1B).\n",
            "cleaned_answer": [
                "A plain radiograph of the pelvis revealed insufficiency fractures of parasymphyseal and left pubic rami (Figure 1B)."
            ],
            "cleaned_answer_idx": [
                14
            ]
        },
        "6": {
            "question": " What\u2019s the imaging (only provided the figure explanation here) suggest?  ",
            "answer": " A plain radiograph of the pelvis revealed insufficiency fractures of parasymphyseal and left pubic rami (Figure 1B). After 5 months, a follow-up pelvis X-ray revealed the healing of parasymphyseal fracture (Figure 1C).\n",
            "cleaned_answer": [
                "A plain radiograph of the pelvis revealed insufficiency fractures of parasymphyseal and left pubic rami (Figure 1B).",
                "After 5 months, a follow-up pelvis X-ray revealed the healing of parasymphyseal fracture (Figure 1C)."
            ],
            "cleaned_answer_idx": [
                14,
                16
            ]
        },
        "7": {
            "question": " What\u2019s the examination suggest?  ",
            "answer": " Physical examination on admission showed positive a Patric test on the left hip joint.\n",
            "cleaned_answer": [
                "Physical examination on admission showed positive a Patric test on the left hip joint."
            ],
            "cleaned_answer_idx": [
                10
            ]
        },
        "8": {
            "question": " Is there any suggestion?  ",
            "answer": " We recommended bed rest, tapering of prednisolone and management of steroid-induced osteoporosis.\u201d",
            "cleaned_answer": [
                "We recommended bed rest, tapering of prednisolone and management of steroid-induced osteoporosis.\u201d"
            ],
            "cleaned_answer_idx": [
                15
            ]
        },
        "oneround_dict": {
            "input": "A 39-year-old woman was admitted to the hospital because of left groin pain. She had a past medical history of meningitis. Four years previously, she was found to have MCTD on the clinical diagnostic criteria of Sharp et al. At that time, she experienced arthritis, Raynaud\u2019s phenomenon, swollen hands and biopsy-proven myositis. Thereafter, she was intermittently admitted to the hospital due to drug-induced hepatitis, severe dysplasia of the uterine cervix, fever with chills and painful lymphadenopathy. Physical examination on admission showed positive a Patric test on the left hip joint.",
            "groundtruth": "insufficiency fractures",
            "evidence": [
                "Simple pelvis radiograph was done.",
                "A plain radiograph of the pelvis revealed insufficiency fractures of parasymphyseal and left pubic rami (Figure 1B)."
            ]
        },
        "multiround_dict": {
            "question1": "I am A 39-year-old woman was admitted to the hospital because of left groin pain. She had a past medical history of meningitis. Four years previously, she was found to have MCTD on the clinical diagnostic criteria of Sharp et al. At that time, she experienced arthritis, Raynaud\u2019s phenomenon, swollen hands and biopsy-proven myositis. Thereafter, she was intermittently admitted to the hospital due to drug-induced hepatitis, severe dysplasia of the uterine cervix, fever with chills and painful lymphadenopathy.. Could you consider all possible diseases based on my information?",
            "question2": "I also have done some examination,Physical examination on admission showed positive a Patric test on the left hip joint.. Could you narrow down to a specific disease based on the examination? Only give me the disease name, and if there are different names for the same disease, list them separated by commas.",
            "groundtruth": "insufficiency fractures",
            "evidence": [
                "Simple pelvis radiograph was done.",
                "A plain radiograph of the pelvis revealed insufficiency fractures of parasymphyseal and left pubic rami (Figure 1B)."
            ]
        }
    },
    "case report": {
        "1": {
            "question": " Describe the patient personal information.",
            "answer": " A 63-year-old man\n",
            "cleaned_answer": [
                "A 63-year-old man"
            ],
            "cleaned_answer_idx": [
                0
            ]
        },
        "2": {
            "question": " Describe the patient experience.",
            "answer": " A 63-year-old man was admitted with complaints of low back pain.\n",
            "cleaned_answer": [
                "A 63-year-old man was admitted with complaints of low back pain."
            ],
            "cleaned_answer_idx": [
                0
            ]
        },
        "3": {
            "question": " Did you notice any symptoms, such as a fever, cough, or respiratory issues?",
            "answer": " $No$\n",
            "cleaned_answer": [
                "$No$"
            ],
            "cleaned_answer_idx": [
                1
            ]
        },
        "4": {
            "question": " What's the diagnosis?",
            "answer": " In light of these findings, the mass was diagnosed as an anaplastic ODG\n",
            "cleaned_answer": [
                "In light of these findings, the mass was diagnosed as an anaplastic ODG"
            ],
            "cleaned_answer_idx": [
                6
            ]
        },
        "5": {
            "question": " What's the direct evidence that points to this diagnosis?",
            "answer": " Histopathological analysis of the tumor revealed atypical glial cells, focal necrosis, large areas of bleeding, frequent apoptosis, and 3\u20134 mitoses. S100 and focal glial fibrillary acidic protein (GFAP) staining was observed. The tumor was negative for epithelial membrane antigen, and Ki-67 expression was observed in 15\u201320% of the cells [Figure 2a].\n",
            "cleaned_answer": [
                "Histopathological analysis of the tumor revealed atypical glial cells, focal necrosis, large areas of bleeding, frequent apoptosis, and 3\u20134 mitoses.",
                "S100 and focal glial fibrillary acidic protein (GFAP) staining was observed.",
                "The tumor was negative for epithelial membrane antigen, and Ki-67 expression was observed in 15\u201320% of the cells [Figure 2a]."
            ],
            "cleaned_answer_idx": [
                3,
                4,
                5
            ]
        },
        "6": {
            "question": " What\u2019s the imaging (only provided the figure explanation here) suggest?",
            "answer": " gross total resection of a right frontal, highly contrast-enhancing 42 mm \u00d7 32 mm \u00d7 28 mm mass in our hospital [Figure 1].\n",
            "cleaned_answer": [
                "gross total resection of a right frontal, highly contrast-enhancing 42 mm \u00d7 32 mm \u00d7 28 mm mass in our hospital [Figure 1]."
            ],
            "cleaned_answer_idx": [
                2
            ]
        },
        "7": {
            "question": " What\u2019s the examination suggest?",
            "answer": " No significant deficits were found in a neurological examination.\n",
            "cleaned_answer": [
                "No significant deficits were found in a neurological examination."
            ],
            "cleaned_answer_idx": [
                1
            ]
        },
        "8": {
            "question": " Is there any suggestion?",
            "answer": " postoperative radiotherapy (60 Gy in thirty fractions).\u201d",
            "cleaned_answer": [
                "postoperative radiotherapy (60 Gy in thirty fractions).\u201d"
            ],
            "cleaned_answer_idx": [
                6
            ]
        },
        "oneround_dict": {
            "input": "A 63-year-old man A 63-year-old man was admitted with complaints of low back pain. $No$ No significant deficits were found in a neurological examination. gross total resection of a right frontal, highly contrast-enhancing 42 mm \u00d7 32 mm \u00d7 28 mm mass in our hospital [Figure 1]. Histopathological analysis of the tumor revealed atypical glial cells, focal necrosis, large areas of bleeding, frequent apoptosis, and 3\u20134 mitoses. S100 and focal glial fibrillary acidic protein (GFAP) staining was observed. The tumor was negative for epithelial membrane antigen, and Ki-67 expression was observed in 15\u201320% of the cells [Figure 2a].",
            "groundtruth": "anaplastic ODG",
            "evidence": [
                "In light of these findings, the mass was diagnosed as an anaplastic ODG"
            ]
        },
        "multiround_dict": {
            "question1": "I am A 63-year-old man A 63-year-old man was admitted with complaints of low back pain. . Could you consider all possible diseases based on my information?",
            "question2": "I also have done some examination,No significant deficits were found in a neurological examination. gross total resection of a right frontal, highly contrast-enhancing 42 mm \u00d7 32 mm \u00d7 28 mm mass in our hospital [Figure 1]. Histopathological analysis of the tumor revealed atypical glial cells, focal necrosis, large areas of bleeding, frequent apoptosis, and 3\u20134 mitoses. S100 and focal glial fibrillary acidic protein (GFAP) staining was observed. The tumor was negative for epithelial membrane antigen, and Ki-67 expression was observed in 15\u201320% of the cells [Figure 2a].. Could you narrow down to a specific disease based on the examination? Only give me the disease name, and if there are different names for the same disease, list them separated by commas.",
            "groundtruth": "anaplastic ODG",
            "evidence": [
                "In light of these findings, the mass was diagnosed as an anaplastic ODG"
            ]
        }
    },
    "2. case presentation": {
        "1": {
            "question": " Describe the patient personal information.  ",
            "answer": " A 20-year-old primigravida was referred to the Gynecology and Obstetrics Service of the University Hospital of the Federal University of Maranh\u00e3o (UFMA).  \n",
            "cleaned_answer": [
                "A 20-year-old primigravida was referred to the Gynecology and Obstetrics Service of the University Hospital of the Federal University of Maranh\u00e3o (UFMA)."
            ],
            "cleaned_answer_idx": [
                0
            ]
        },
        "2": {
            "question": " Describe the patient experience.  ",
            "answer": " A 2DUS examination performed in our institution revealed pregnancy of 23 weeks and 4 days, with a female fetus presenting a bulky solid mass with cystic components and calcifications, measuring 7.7 \u00d7 9.1 \u00d7 12.2\u2009cm, starting from the sacral region, with internal flow seen on color Doppler (Figure 1). 3DUS was performed using the Voluson 730 Pro apparatus (General Electric Medical System, Zipf, Austria), with a volumetric convex transducer (RAB 4\u20138L) in rendering mode. This clearly showed the spatial relationships between the mass and the fetal pelvis and made it possible for the parents to understand the pathological condition better (Figure 2). A new ultrasound examination confirmed that fetal death occurred at 25 weeks and 4 days of pregnancy, due to hydrops. The postnatal macroscopic findings confirmed the diagnosis of sacrococcygeal teratoma (Figure 3).  \n",
            "cleaned_answer": [
                "A 2DUS examination performed in our institution revealed pregnancy of 23 weeks and 4 days, with a female fetus presenting a bulky solid mass with cystic components and calcifications, measuring 7.7 \u00d7 9.1 \u00d7 12.2\u2009cm, starting from the sacral region, with internal flow seen on color Doppler (Figure 1).",
                "3DUS was performed using the Voluson 730 Pro apparatus (General Electric Medical System, Zipf, Austria), with a volumetric convex transducer (RAB 4\u20138L) in rendering mode.",
                "This clearly showed the spatial relationships between the mass and the fetal pelvis and made it possible for the parents to understand the pathological condition better (Figure 2).",
                "A new ultrasound examination confirmed that fetal death occurred at 25 weeks and 4 days of pregnancy, due to hydrops.",
                "The postnatal macroscopic findings confirmed the diagnosis of sacrococcygeal teratoma (Figure 3)."
            ],
            "cleaned_answer_idx": [
                1,
                2,
                3,
                4,
                5
            ]
        },
        "3": {
            "question": " Did you notice any symptoms, such as a fever, cough, or respiratory issues?  ",
            "answer": " $No$  \n",
            "cleaned_answer": [
                "$No$"
            ],
            "cleaned_answer_idx": [
                "$$"
            ]
        },
        "4": {
            "question": " What's the diagnosis?  ",
            "answer": " The postnatal macroscopic findings confirmed the diagnosis of sacrococcygeal teratoma (Figure 3).  \n",
            "cleaned_answer": [
                "The postnatal macroscopic findings confirmed the diagnosis of sacrococcygeal teratoma (Figure 3)."
            ],
            "cleaned_answer_idx": [
                5
            ]
        },
        "5": {
            "question": " What's the direct evidence that points to this diagnosis?  ",
            "answer": " A 2DUS examination performed in our institution revealed pregnancy of 23 weeks and 4 days, with a female fetus presenting a bulky solid mass with cystic components and calcifications, measuring 7.7 \u00d7 9.1 \u00d7 12.2\u2009cm, starting from the sacral region, with internal flow seen on color Doppler (Figure 1). The postnatal macroscopic findings confirmed the diagnosis of sacrococcygeal teratoma (Figure 3).  \n",
            "cleaned_answer": [
                "A 2DUS examination performed in our institution revealed pregnancy of 23 weeks and 4 days, with a female fetus presenting a bulky solid mass with cystic components and calcifications, measuring 7.7 \u00d7 9.1 \u00d7 12.2\u2009cm, starting from the sacral region, with internal flow seen on color Doppler (Figure 1).",
                "The postnatal macroscopic findings confirmed the diagnosis of sacrococcygeal teratoma (Figure 3)."
            ],
            "cleaned_answer_idx": [
                1,
                5
            ]
        },
        "6": {
            "question": " What\u2019s the imaging (only provided the figure explanation here) suggest?  ",
            "answer": " This clearly showed the spatial relationships between the mass and the fetal pelvis and made it possible for the parents to understand the pathological condition better (Figure 2).  \n",
            "cleaned_answer": [
                "This clearly showed the spatial relationships between the mass and the fetal pelvis and made it possible for the parents to understand the pathological condition better (Figure 2)."
            ],
            "cleaned_answer_idx": [
                3
            ]
        },
        "7": {
            "question": " What\u2019s the examination suggest?  ",
            "answer": " A 2DUS examination performed in our institution revealed pregnancy of 23 weeks and 4 days, with a female fetus presenting a bulky solid mass with cystic components and calcifications, measuring 7.7 \u00d7 9.1 \u00d7 12.2\u2009cm, starting from the sacral region, with internal flow seen on color Doppler (Figure 1). \n",
            "cleaned_answer": [
                "A 2DUS examination performed in our institution revealed pregnancy of 23 weeks and 4 days, with a female fetus presenting a bulky solid mass with cystic components and calcifications, measuring 7.7 \u00d7 9.1 \u00d7 12.2\u2009cm, starting from the sacral region, with internal flow seen on color Doppler (Figure 1)."
            ],
            "cleaned_answer_idx": [
                1
            ]
        },
        "8": {
            "question": " Is there any suggestion?  ",
            "answer": " $No$\u201d",
            "cleaned_answer": [
                "$No$\u201d"
            ],
            "cleaned_answer_idx": [
                "$$"
            ]
        },
        "oneround_dict": {
            "input": "A 20-year-old primigravida was referred to the Gynecology and Obstetrics Service of the University Hospital of the Federal University of Maranh\u00e3o (UFMA). A 2DUS examination performed in our institution revealed pregnancy of 23 weeks and 4 days, with a female fetus presenting a bulky solid mass with cystic components and calcifications, measuring 7.7 \u00d7 9.1 \u00d7 12.2\u2009cm, starting from the sacral region, with internal flow seen on color Doppler (Figure 1). 3DUS was performed using the Voluson 730 Pro apparatus (General Electric Medical System, Zipf, Austria), with a volumetric convex transducer (RAB 4\u20138L) in rendering mode. This clearly showed the spatial relationships between the mass and the fetal pelvis and made it possible for the parents to understand the pathological condition better (Figure 2). A new ultrasound examination confirmed that fetal death occurred at 25 weeks and 4 days of pregnancy, due to hydrops. <?>",
            "groundtruth": "Sacrococcygeal teratoma",
            "evidence": [
                "The postnatal macroscopic findings confirmed the diagnosis of sacrococcygeal teratoma (Figure 3)."
            ]
        },
        "multiround_dict": {
            "question1": "I am A 20-year-old primigravida was referred to the Gynecology and Obstetrics Service of the University Hospital of the Federal University of Maranh\u00e3o (UFMA). A 2DUS examination performed in our institution revealed pregnancy of 23 weeks and 4 days, with a female fetus presenting a bulky solid mass with cystic components and calcifications, measuring 7.7 \u00d7 9.1 \u00d7 12.2\u2009cm, starting from the sacral region, with internal flow seen on color Doppler (Figure 1). 3DUS was performed using the Voluson 730 Pro apparatus (General Electric Medical System, Zipf, Austria), with a volumetric convex transducer (RAB 4\u20138L) in rendering mode. This clearly showed the spatial relationships between the mass and the fetal pelvis and made it possible for the parents to understand the pathological condition better (Figure 2). A new ultrasound examination confirmed that fetal death occurred at 25 weeks and 4 days of pregnancy, due to hydrops. <?>. Could you consider all possible diseases based on my information?",
            "question2": "I also have done some examination,A 2DUS examination performed in our institution revealed pregnancy of 23 weeks and 4 days, with a female fetus presenting a bulky solid mass with cystic components and calcifications, measuring 7.7 \u00d7 9.1 \u00d7 12.2\u2009cm, starting from the sacral region, with internal flow seen on color Doppler (Figure 1). This clearly showed the spatial relationships between the mass and the fetal pelvis and made it possible for the parents to understand the pathological condition better (Figure 2). <?>. Could you narrow down to a specific disease based on the examination? Only give me the disease name, and if there are different names for the same disease, list them separated by commas.",
            "groundtruth": "Sacrococcygeal teratoma",
            "evidence": [
                "The postnatal macroscopic findings confirmed the diagnosis of sacrococcygeal teratoma (Figure 3)."
            ]
        }
    },
    "case description": {
        "1": {
            "question": " Describe the patient personal information.  ",
            "answer": " A 75\u2010year\u2010old man \n",
            "cleaned_answer": [
                "A 75\u2010year\u2010old man"
            ],
            "cleaned_answer_idx": [
                0
            ]
        },
        "2": {
            "question": " Describe the patient experience.  ",
            "answer": " A 75\u2010year\u2010old man presented with an immediately threatened grade IIb acute ischemia of the left leg due to thrombosis of a femoro\u2010infrapopliteal prosthetic bypass graft. After an urgent computed tomography angiography, an urgent graft thrombectomy was performed using a 5 Fr Fogarty catheter, which had a troublesome distal passage. The leg recovered normal motor and sensory function. Surprisingly, a handheld Doppler device obtained a continuous machinery bruit in the anterior tibial artery/veins, suggesting an arteriovenous fistula, which was depicted in a subsequent digital subtraction angiography and a color duplex examination (Video\u00a0S1). Most likely, the Fogarty catheter had unintentionally perforated the anterior tibial artery passing into one of the adjacent anterior tibial veins. The patient was managed conservatively, and the arteriovenous fistula was found to be spontaneously thrombosed in a three\u2010month follow\u2010up (Video\u00a0S1).\n",
            "cleaned_answer": [
                "A 75\u2010year\u2010old man presented with an immediately threatened grade IIb acute ischemia of the left leg due to thrombosis of a femoro\u2010infrapopliteal prosthetic bypass graft.",
                "After an urgent computed tomography angiography, an urgent graft thrombectomy was performed using a 5 Fr Fogarty catheter, which had a troublesome distal passage.",
                "The leg recovered normal motor and sensory function.",
                "Surprisingly, a handheld Doppler device obtained a continuous machinery bruit in the anterior tibial artery/veins, suggesting an arteriovenous fistula, which was depicted in a subsequent digital subtraction angiography and a color duplex examination (Video\u00a0S1).",
                "Most likely, the Fogarty catheter had unintentionally perforated the anterior tibial artery passing into one of the adjacent anterior tibial veins.",
                "The patient was managed conservatively, and the arteriovenous fistula was found to be spontaneously thrombosed in a three\u2010month follow\u2010up (Video\u00a0S1)."
            ],
            "cleaned_answer_idx": [
                0,
                1,
                2,
                3,
                4,
                5
            ]
        },
        "3": {
            "question": " Did you notice any symptoms, such as a fever, cough, or respiratory issues?  ",
            "answer": " $No$\n",
            "cleaned_answer": [
                "$No$"
            ],
            "cleaned_answer_idx": [
                "$$"
            ]
        },
        "4": {
            "question": " What's the diagnosis?  ",
            "answer": " An arteriovenous fistula, which was depicted in a subsequent digital subtraction angiography and a color duplex examination\n",
            "cleaned_answer": [
                "Surprisingly, a handheld Doppler device obtained a continuous machinery bruit in the anterior tibial artery/veins, suggesting an arteriovenous fistula, which was depicted in a subsequent digital subtraction angiography and a color duplex examination (Video\u00a0S1)."
            ],
            "cleaned_answer_idx": [
                5
            ]
        },
        "5": {
            "question": " What's the direct evidence that points to this diagnosis?  ",
            "answer": " A handheld Doppler device obtained a continuous machinery bruit in the anterior tibial artery/veins\n",
            "cleaned_answer": [
                "Surprisingly, a handheld Doppler device obtained a continuous machinery bruit in the anterior tibial artery/veins, suggesting an arteriovenous fistula, which was depicted in a subsequent digital subtraction angiography and a color duplex examination (Video\u00a0S1)."
            ],
            "cleaned_answer_idx": [
                5
            ]
        },
        "6": {
            "question": " What\u2019s the imaging (only provided the figure explanation here) suggest?  ",
            "answer": " which was depicted in a subsequent digital subtraction angiography\n",
            "cleaned_answer": [
                "which was depicted in a subsequent digital subtraction angiography"
            ],
            "cleaned_answer_idx": [
                3
            ]
        },
        "7": {
            "question": " What\u2019s the examination suggest?  ",
            "answer": " and a color duplex examination\n",
            "cleaned_answer": [
                "and a color duplex examination"
            ],
            "cleaned_answer_idx": [
                3
            ]
        },
        "8": {
            "question": " Is there any suggestion?  ",
            "answer": " Most likely, the Fogarty catheter had unintentionally perforated the anterior tibial artery passing into one of the adjacent anterior tibial veins.\u201d",
            "cleaned_answer": [
                "Most likely, the Fogarty catheter had unintentionally perforated the anterior tibial artery passing into one of the adjacent anterior tibial veins.\u201d"
            ],
            "cleaned_answer_idx": [
                4
            ]
        },
        "oneround_dict": {
            "input": "A 75\u2010year\u2010old man A 75\u2010year\u2010old man presented with an immediately threatened grade IIb acute ischemia of the left leg due to thrombosis of a femoro\u2010infrapopliteal prosthetic bypass graft. After an urgent computed tomography angiography, an urgent graft thrombectomy was performed using a 5 Fr Fogarty catheter, which had a troublesome distal passage. The leg recovered normal motor and sensory function. <?> which was depicted in a subsequent digital subtraction angiography and a color duplex examination Most likely, the Fogarty catheter had unintentionally perforated the anterior tibial artery passing into one of the adjacent anterior tibial veins. The patient was managed conservatively, and the arteriovenous fistula was found to be spontaneously thrombosed in a three\u2010month follow\u2010up (Video\u00a0S1). <?>",
            "groundtruth": "fistula",
            "evidence": [
                "Surprisingly, a handheld Doppler device obtained a continuous machinery bruit in the anterior tibial artery/veins, suggesting an arteriovenous fistula, which was depicted in a subsequent digital subtraction angiography and a color duplex examination (Video\u00a0S1)."
            ]
        },
        "multiround_dict": {
            "question1": "I am A 75\u2010year\u2010old man A 75\u2010year\u2010old man presented with an immediately threatened grade IIb acute ischemia of the left leg due to thrombosis of a femoro\u2010infrapopliteal prosthetic bypass graft. After an urgent computed tomography angiography, an urgent graft thrombectomy was performed using a 5 Fr Fogarty catheter, which had a troublesome distal passage. The leg recovered normal motor and sensory function. <?> Most likely, the Fogarty catheter had unintentionally perforated the anterior tibial artery passing into one of the adjacent anterior tibial veins. The patient was managed conservatively, and the arteriovenous fistula was found to be spontaneously thrombosed in a three\u2010month follow\u2010up (Video\u00a0S1).. Could you consider all possible diseases based on my information?",
            "question2": "I also have done some examination,which was depicted in a subsequent digital subtraction angiography and a color duplex examination <?>. Could you narrow down to a specific disease based on the examination? Only give me the disease name, and if there are different names for the same disease, list them separated by commas.",
            "groundtruth": "fistula",
            "evidence": [
                "Surprisingly, a handheld Doppler device obtained a continuous machinery bruit in the anterior tibial artery/veins, suggesting an arteriovenous fistula, which was depicted in a subsequent digital subtraction angiography and a color duplex examination (Video\u00a0S1)."
            ]
        }
    },
    "case 2": {
        "1": {
            "question": " Describe the patient personal information.  ",
            "answer": " A 55-year-old female with past medical history of hypertension \n",
            "cleaned_answer": [
                "A 55-year-old female with past medical history of hypertension"
            ],
            "cleaned_answer_idx": [
                0
            ]
        },
        "2": {
            "question": " Describe the patient experience.  ",
            "answer": " Presented with left-sided weakness after sustaining a fall. Physical examination revealed decreased motor strength and sensation on the left side.  \n",
            "cleaned_answer": [
                "A 55-year-old female with past medical history of hypertension presented with left-sided weakness after sustaining a fall.",
                "Physical examination revealed decreased motor strength and sensation on the left side."
            ],
            "cleaned_answer_idx": [
                5,
                1
            ]
        },
        "3": {
            "question": " Did you notice any symptoms, such as a fever, cough, or respiratory issues?  ",
            "answer": " $No$\n",
            "cleaned_answer": [
                "$No$"
            ],
            "cleaned_answer_idx": [
                "$$"
            ]
        },
        "4": {
            "question": " What's the diagnosis?  ",
            "answer": " Right frontal lobe ischemic stroke. \n",
            "cleaned_answer": [
                "CT head and MRI head confirmed a right frontal lobe ischemic stroke."
            ],
            "cleaned_answer_idx": [
                5
            ]
        },
        "5": {
            "question": " What's the direct evidence that points to this diagnosis?  ",
            "answer": " CT head and MRI head confirmed a right frontal lobe ischemic stroke. \n",
            "cleaned_answer": [
                "CT head and MRI head confirmed a right frontal lobe ischemic stroke."
            ],
            "cleaned_answer_idx": [
                3
            ]
        },
        "6": {
            "question": " What\u2019s the imaging (only provided the figure explanation here) suggest?  ",
            "answer": " A 2.1 \u00d7 1.2 cm mass attached to the intraatrial septum just adjacent to the anterior mitral annulus (Fig. 3a). \n",
            "cleaned_answer": [
                "Evaluation for the source of embolism included a TTE which demonstrated a 2.1 \u00d7 1.2 cm mass attached to the intraatrial septum just adjacent to the anterior mitral annulus (Fig.",
                "3a)."
            ],
            "cleaned_answer_idx": [
                5,
                5
            ]
        },
        "7": {
            "question": " What\u2019s the examination suggest? ",
            "answer": " Physical examination revealed decreased motor strength and sensation on the left side.  \n",
            "cleaned_answer": [
                "Physical examination revealed decreased motor strength and sensation on the left side."
            ],
            "cleaned_answer_idx": [
                1
            ]
        },
        "8": {
            "question": " Is there any suggestion?  ",
            "answer": " $No$\u201d",
            "cleaned_answer": [
                "$No$\u201d"
            ],
            "cleaned_answer_idx": [
                "$$"
            ]
        },
        "oneround_dict": {
            "input": "A 55-year-old female with past medical history of hypertension Physical examination revealed decreased motor strength and sensation on the left side. <?> A 55-year-old female with past medical history of hypertension presented with left-sided weakness after sustaining a fall. Evaluation for the source of embolism included a TTE which demonstrated a 2.1 \u00d7 1.2 cm mass attached to the intraatrial septum just adjacent to the anterior mitral annulus (Fig. 3a).",
            "groundtruth": "stroke",
            "evidence": [
                "CT head and MRI head confirmed a right frontal lobe ischemic stroke."
            ]
        },
        "multiround_dict": {
            "question1": "I am A 55-year-old female with past medical history of hypertension Physical examination revealed decreased motor strength and sensation on the left side. A 55-year-old female with past medical history of hypertension presented with left-sided weakness after sustaining a fall.. Could you consider all possible diseases based on my information?",
            "question2": "I also have done some examination,Physical examination revealed decreased motor strength and sensation on the left side. <?> Evaluation for the source of embolism included a TTE which demonstrated a 2.1 \u00d7 1.2 cm mass attached to the intraatrial septum just adjacent to the anterior mitral annulus (Fig. 3a).. Could you narrow down to a specific disease based on the examination? Only give me the disease name, and if there are different names for the same disease, list them separated by commas.",
            "groundtruth": "stroke",
            "evidence": [
                "CT head and MRI head confirmed a right frontal lobe ischemic stroke."
            ]
        }
    },
    "case 2: psp with small stepping gait (modified hoehn and yahr scale: 3)": {
        "1": {
            "question": " Describe the patient personal information.  ",
            "answer": " The participant was selected for the continuous intervention based on these assessments.\n",
            "cleaned_answer": [
                "The participant was selected for the continuous intervention based on these assessments."
            ],
            "cleaned_answer_idx": [
                4
            ]
        },
        "2": {
            "question": " Describe the patient experience.  ",
            "answer": " The results showed that step lengths were increased, as indicated by the decreased number of steps while/after wearing the HAL unit. The results showed that the effects persisted when not wearing the HAL unit.\n",
            "cleaned_answer": [
                "The results showed that step lengths were increased, as indicated by the decreased number of steps while/after wearing the HAL unit.",
                "The results showed that the effects persisted when not wearing the HAL unit."
            ],
            "cleaned_answer_idx": [
                3,
                11
            ]
        },
        "3": {
            "question": " Did you notice any symptoms, such as a fever, cough, or respiratory issues?  ",
            "answer": " $No$\n",
            "cleaned_answer": [
                "$No$"
            ],
            "cleaned_answer_idx": [
                "$$"
            ]
        },
        "4": {
            "question": " What's the diagnosis?  ",
            "answer": " Figure 4Experimental results of continuous intervention for Case 2 (progressive supranuclear palsy\u2013pure akinesia with gait freezing).\n",
            "cleaned_answer": [
                "Figure 4Experimental results of continuous intervention for Case 2 (progressive supranuclear palsy\u2013pure akinesia with gait freezing)."
            ],
            "cleaned_answer_idx": [
                11
            ]
        },
        "5": {
            "question": " What's the direct evidence that points to this diagnosis?  ",
            "answer": " $No$\n",
            "cleaned_answer": [
                "$No$"
            ],
            "cleaned_answer_idx": [
                "$$"
            ]
        },
        "6": {
            "question": " What\u2019s the imaging (only provided the figure explanation here) suggest?  ",
            "answer": " $No$\n",
            "cleaned_answer": [
                "$No$"
            ],
            "cleaned_answer_idx": [
                "$$"
            ]
        },
        "7": {
            "question": " What\u2019s the examination suggest?  ",
            "answer": " The results showed that step lengths were increased, as indicated by the decreased number of steps while/after wearing the HAL unit. The results showed that the effects persisted when not wearing the HAL unit.\n",
            "cleaned_answer": [
                "The results showed that step lengths were increased, as indicated by the decreased number of steps while/after wearing the HAL unit.",
                "The results showed that the effects persisted when not wearing the HAL unit."
            ],
            "cleaned_answer_idx": [
                3,
                11
            ]
        },
        "8": {
            "question": " Is there any suggestion?  ",
            "answer": " $No$\u201d",
            "cleaned_answer": [
                "$No$\u201d"
            ],
            "cleaned_answer_idx": [
                "$$"
            ]
        },
        "oneround_dict": {
            "input": "The results showed that step lengths were increased, as indicated by the decreased number of steps while/after wearing the HAL unit. The participant was selected for the continuous intervention based on these assessments. The results showed that the effects persisted when not wearing the HAL unit.",
            "groundtruth": "progressive supranuclear palsy\u2013pure akinesia with gait freezing",
            "evidence": [
                "Figure 4Experimental results of continuous intervention for Case 2 (progressive supranuclear palsy\u2013pure akinesia with gait freezing)."
            ]
        },
        "multiround_dict": {
            "question1": "I am The results showed that step lengths were increased, as indicated by the decreased number of steps while/after wearing the HAL unit. The participant was selected for the continuous intervention based on these assessments. The results showed that the effects persisted when not wearing the HAL unit.. Could you consider all possible diseases based on my information?",
            "question2": "I also have done some examination,The results showed that step lengths were increased, as indicated by the decreased number of steps while/after wearing the HAL unit. The results showed that the effects persisted when not wearing the HAL unit.. Could you narrow down to a specific disease based on the examination? Only give me the disease name, and if there are different names for the same disease, list them separated by commas.",
            "groundtruth": "progressive supranuclear palsy\u2013pure akinesia with gait freezing",
            "evidence": [
                "Figure 4Experimental results of continuous intervention for Case 2 (progressive supranuclear palsy\u2013pure akinesia with gait freezing)."
            ]
        }
    },
    "2. case report": {
        "1": {
            "question": " Describe the patient personal information.  ",
            "answer": " A 57-year-old male with a known past medical history of squamous cell carcinoma of the oropharynx T2N0 on radiation therapy, chronic alcohol abuse, ulcerative colitis, and chronic obstructive pulmonary disease. \n",
            "cleaned_answer": [
                "A 57-year-old male with a known past medical history of squamous cell carcinoma of the oropharynx T2N0 on radiation therapy, chronic alcohol abuse, ulcerative colitis, and chronic obstructive pulmonary disease."
            ],
            "cleaned_answer_idx": [
                0
            ]
        },
        "2": {
            "question": " Describe the patient experience.  ",
            "answer": " Presented to the emergency department with 3 episodes of syncope and decreased oral intake over the week prior to presentation. He also reported difficulty swallowing solid foods over the past month. His last alcohol intake was 2 days prior to admission.\n",
            "cleaned_answer": [
                "A 57-year-old male with a known past medical history of squamous cell carcinoma of the oropharynx T2N0 on radiation therapy, chronic alcohol abuse, ulcerative colitis, and chronic obstructive pulmonary disease presented to the emergency department with 3 episodes of syncope and decreased oral intake over the week prior to presentation.",
                "He also reported difficulty swallowing solid foods over the past month.",
                "His last alcohol intake was 2 days prior to admission."
            ],
            "cleaned_answer_idx": [
                8,
                1,
                2
            ]
        },
        "3": {
            "question": " Did you notice any symptoms, such as a fever, cough, or respiratory issues?  ",
            "answer": " Vitals were significant for heart rate of 122\u2009beats/min, blood pressure of 100/70\u2009mmHg, respiratory rate of 20/min, and temperature of 37\u00b0C. \n",
            "cleaned_answer": [
                "On initial evaluation, vitals were significant for heart rate of 122\u2009beats/min, blood pressure of 100/70\u2009mmHg, respiratory rate of 20/min, and temperature of 37\u00b0C."
            ],
            "cleaned_answer_idx": [
                8
            ]
        },
        "4": {
            "question": " What's the diagnosis?  ",
            "answer": " $No$\n",
            "cleaned_answer": [
                "$No$"
            ],
            "cleaned_answer_idx": [
                5
            ]
        },
        "5": {
            "question": " What's the direct evidence that points to this diagnosis?  ",
            "answer": " $No$\n",
            "cleaned_answer": [
                "$No$"
            ],
            "cleaned_answer_idx": [
                5
            ]
        },
        "6": {
            "question": " What\u2019s the imaging (only provided the figure explanation here) suggest?  ",
            "answer": " Initial computerized tomography (CT) of the head was negative for acute intracranial process.\n",
            "cleaned_answer": [
                "Initial computerized tomography (CT) of the head was negative for acute intracranial process."
            ],
            "cleaned_answer_idx": [
                7
            ]
        },
        "7": {
            "question": " What\u2019s the examination suggest?  ",
            "answer": " Physical examination revealed a dry oral mucosa and decreased skin turgor.\n",
            "cleaned_answer": [
                "Physical examination revealed a dry oral mucosa and decreased skin turgor."
            ],
            "cleaned_answer_idx": [
                4
            ]
        },
        "8": {
            "question": " Is there any suggestion?  ",
            "answer": " The patient was started on IV fluids and admitted for further management.\u201d",
            "cleaned_answer": [
                "The patient was started on IV fluids and admitted for further management.\u201d"
            ],
            "cleaned_answer_idx": [
                8
            ]
        },
        "oneround_dict": {
            "input": "A 57-year-old male with a known past medical history of squamous cell carcinoma of the oropharynx T2N0 on radiation therapy, chronic alcohol abuse, ulcerative colitis, and chronic obstructive pulmonary disease. He also reported difficulty swallowing solid foods over the past month. His last alcohol intake was 2 days prior to admission. Physical examination revealed a dry oral mucosa and decreased skin turgor. <?>",
            "groundtruth": "It seems that you provided \"$No$\" instead of a complete sentence. Could you please provide the full sentence for analysis?",
            "evidence": [
                "$No$"
            ]
        },
        "multiround_dict": {
            "question1": "I am A 57-year-old male with a known past medical history of squamous cell carcinoma of the oropharynx T2N0 on radiation therapy, chronic alcohol abuse, ulcerative colitis, and chronic obstructive pulmonary disease. He also reported difficulty swallowing solid foods over the past month. His last alcohol intake was 2 days prior to admission.. Could you consider all possible diseases based on my information?",
            "question2": "I also have done some examination,Physical examination revealed a dry oral mucosa and decreased skin turgor. <?>. Could you narrow down to a specific disease based on the examination? Only give me the disease name, and if there are different names for the same disease, list them separated by commas.",
            "groundtruth": "It seems that you provided \"$No$\" instead of a complete sentence. Could you please provide the full sentence for analysis?",
            "evidence": [
                "$No$"
            ]
        }
    },
    "case 1": {
        "1": {
            "question": " Describe the patient personal information.  ",
            "answer": " A 52-year-old Thai female.\n",
            "cleaned_answer": [
                "A 52-year-old Thai female."
            ],
            "cleaned_answer_idx": [
                0
            ]
        },
        "2": {
            "question": " Describe the patient experience.  ",
            "answer": " Presented with redness and irritation in her right eye for 1\u2009month; was referred to our hospital after 1\u2009week of administration of topical ofloxacin and a combination of chloramphenicol and dexamethasone eye drops without remission.\n",
            "cleaned_answer": [
                "A 52-year-old Thai female who presented with redness and irritation in her right eye for 1\u2009month was referred to our hospital after 1\u2009week of administration of topical ofloxacin and a combination of chloramphenicol and dexamethasone eye drops without remission."
            ],
            "cleaned_answer_idx": [
                13
            ]
        },
        "3": {
            "question": " Did you notice any symptoms, such as a fever, cough, or respiratory issues?  ",
            "answer": " $No$\n",
            "cleaned_answer": [
                "$No$"
            ],
            "cleaned_answer_idx": [
                "$$"
            ]
        },
        "4": {
            "question": " What's the diagnosis?  ",
            "answer": " A diagnosis of infectious scleritis was clinically made.\n",
            "cleaned_answer": [
                "A diagnosis of infectious scleritis was clinically made."
            ],
            "cleaned_answer_idx": [
                9
            ]
        },
        "5": {
            "question": " What's the direct evidence that points to this diagnosis?  ",
            "answer": " $No$\n",
            "cleaned_answer": [
                "$No$"
            ],
            "cleaned_answer_idx": [
                "$$"
            ]
        },
        "6": {
            "question": " What\u2019s the imaging (only provided the figure explanation here) suggest?  ",
            "answer": " $No$\n",
            "cleaned_answer": [
                "$No$"
            ],
            "cleaned_answer_idx": [
                "$$"
            ]
        },
        "7": {
            "question": " What\u2019s the examination suggest?  ",
            "answer": " Slit-lamp biomicroscopy revealed multiple conjunctival pustules and severe, sectorial scleral inflammation with overlying conjunctival epithelial defects, extending from the 8 to 10 o\u2019clock position and minimal punctate epithelial erosions at the inferior cornea (Fig. 1a).\n",
            "cleaned_answer": [
                "Slit-lamp biomicroscopy revealed multiple conjunctival pustules and severe, sectorial scleral inflammation with overlying conjunctival epithelial defects, extending from the 8 to 10 o\u2019clock position and minimal punctate epithelial erosions at the inferior cornea (Fig.",
                "1a)."
            ],
            "cleaned_answer_idx": [
                4,
                4
            ]
        },
        "8": {
            "question": " Is there any suggestion?  ",
            "answer": " $No$\u201d",
            "cleaned_answer": [
                "$No$\u201d"
            ],
            "cleaned_answer_idx": [
                "$$"
            ]
        },
        "oneround_dict": {
            "input": "A 52-year-old Thai female. Slit-lamp biomicroscopy revealed multiple conjunctival pustules and severe, sectorial scleral inflammation with overlying conjunctival epithelial defects, extending from the 8 to 10 o\u2019clock position and minimal punctate epithelial erosions at the inferior cornea (Fig. 1a).",
            "groundtruth": "Infectious scleritis",
            "evidence": [
                "A diagnosis of infectious scleritis was clinically made."
            ]
        },
        "multiround_dict": {
            "question1": "I am A 52-year-old Thai female.. Could you consider all possible diseases based on my information?",
            "question2": "I also have done some examination,Slit-lamp biomicroscopy revealed multiple conjunctival pustules and severe, sectorial scleral inflammation with overlying conjunctival epithelial defects, extending from the 8 to 10 o\u2019clock position and minimal punctate epithelial erosions at the inferior cornea (Fig. 1a).. Could you narrow down to a specific disease based on the examination? Only give me the disease name, and if there are different names for the same disease, list them separated by commas.",
            "groundtruth": "Infectious scleritis",
            "evidence": [
                "A diagnosis of infectious scleritis was clinically made."
            ]
        }
    },
    "case 3": {
        "1": {
            "question": " Describe the patient personal information.",
            "answer": " A 34-year-old military recruit presented to us with a complaint of vague pain in the right hip and a limp for the past six weeks.\n",
            "cleaned_answer": [
                "A 34-year-old military recruit presented to us with a complaint of vague pain in the right hip and a limp for the past six weeks."
            ],
            "cleaned_answer_idx": [
                0
            ]
        },
        "2": {
            "question": " Describe the patient experience.",
            "answer": " He had gone through a fitness program for the past four weeks, which included long distance jogging, jumping and cycling for long distances. Initially the pain started within two weeks of the training program when he went to a local orthopedic clinic where his plain radiographic study showed a stress fracture of the femur neck. He was treated with a dynamic hip screw. After three months of the fixation, his pain and limp aggravated. A radiograph showed that the dynamic hip screw had cut through the neck and a tensile surface fracture of the neck of the femur, with varus deformity, was noticed. He underwent the osteotomy procedure and fixation with in fracture when using cancellous screws. Fracture union was uneventful and rehabilitation was done in a similar manner as in the above-mentioned two cases. He returned to his routine activity and at the three-year followup he had a viable femoral head on the plain radiograph and an excellent functional outcome, with a Harris hip score of 92.\n",
            "cleaned_answer": [
                "He had gone through a fitness program for the past four weeks, which included long distance jogging, jumping and cycling for long distances.",
                "Initially the pain started within two weeks of the training program when he went to a local orthopedic clinic where his plain radiographic study showed a stress fracture of the femur neck.",
                "He was treated with a dynamic hip screw.",
                "After three months of the fixation, his pain and limp aggravated.",
                "A radiograph showed that the dynamic hip screw had cut through the neck and a tensile surface fracture of the neck of the femur, with varus deformity, was noticed.",
                "He underwent the osteotomy procedure and fixation with in fracture when using cancellous screws.",
                "Fracture union was uneventful and rehabilitation was done in a similar manner as in the above-mentioned two cases.",
                "He returned to his routine activity and at the three-year followup he had a viable femoral head on the plain radiograph and an excellent functional outcome, with a Harris hip score of 92."
            ],
            "cleaned_answer_idx": [
                2,
                3,
                4,
                5,
                6,
                7,
                8,
                9
            ]
        },
        "3": {
            "question": " Did you notice any symptoms, such as a fever, cough, or respiratory issues?",
            "answer": " $No$\n",
            "cleaned_answer": [
                "$No$"
            ],
            "cleaned_answer_idx": [
                "$$"
            ]
        },
        "4": {
            "question": " What's the diagnosis?",
            "answer": " A stress fracture of the femur neck.\n",
            "cleaned_answer": [
                "Initially the pain started within two weeks of the training program when he went to a local orthopedic clinic where his plain radiographic study showed a stress fracture of the femur neck."
            ],
            "cleaned_answer_idx": [
                9
            ]
        },
        "5": {
            "question": " What's the direct evidence that points to this diagnosis?",
            "answer": " His plain radiographic study showed a stress fracture of the femur neck.\n",
            "cleaned_answer": [
                "Initially the pain started within two weeks of the training program when he went to a local orthopedic clinic where his plain radiographic study showed a stress fracture of the femur neck."
            ],
            "cleaned_answer_idx": [
                9
            ]
        },
        "6": {
            "question": " What\u2019s the imaging (only provided the figure explanation here) suggest?",
            "answer": " A radiograph showed that the dynamic hip screw had cut through the neck and a tensile surface fracture of the neck of the femur, with varus deformity, was noticed.\n",
            "cleaned_answer": [
                "A radiograph showed that the dynamic hip screw had cut through the neck and a tensile surface fracture of the neck of the femur, with varus deformity, was noticed."
            ],
            "cleaned_answer_idx": [
                6
            ]
        },
        "7": {
            "question": " What\u2019s the examination suggest?",
            "answer": " $No$\n",
            "cleaned_answer": [
                "$No$"
            ],
            "cleaned_answer_idx": [
                "$$"
            ]
        },
        "8": {
            "question": " Is there any suggestion?",
            "answer": " $No$\u201d",
            "cleaned_answer": [
                "$No$\u201d"
            ],
            "cleaned_answer_idx": [
                "$$"
            ]
        },
        "oneround_dict": {
            "input": "A 34-year-old military recruit presented to us with a complaint of vague pain in the right hip and a limp for the past six weeks. He had gone through a fitness program for the past four weeks, which included long distance jogging, jumping and cycling for long distances. <?> He was treated with a dynamic hip screw. After three months of the fixation, his pain and limp aggravated. A radiograph showed that the dynamic hip screw had cut through the neck and a tensile surface fracture of the neck of the femur, with varus deformity, was noticed. He underwent the osteotomy procedure and fixation with in fracture when using cancellous screws. Fracture union was uneventful and rehabilitation was done in a similar manner as in the above-mentioned two cases. He returned to his routine activity and at the three-year followup he had a viable femoral head on the plain radiograph and an excellent functional outcome, with a Harris hip score of 92. <?>",
            "groundtruth": "stress fracture",
            "evidence": [
                "Initially the pain started within two weeks of the training program when he went to a local orthopedic clinic where his plain radiographic study showed a stress fracture of the femur neck."
            ]
        },
        "multiround_dict": {
            "question1": "I am A 34-year-old military recruit presented to us with a complaint of vague pain in the right hip and a limp for the past six weeks. He had gone through a fitness program for the past four weeks, which included long distance jogging, jumping and cycling for long distances. <?> He was treated with a dynamic hip screw. After three months of the fixation, his pain and limp aggravated. A radiograph showed that the dynamic hip screw had cut through the neck and a tensile surface fracture of the neck of the femur, with varus deformity, was noticed. He underwent the osteotomy procedure and fixation with in fracture when using cancellous screws. Fracture union was uneventful and rehabilitation was done in a similar manner as in the above-mentioned two cases. He returned to his routine activity and at the three-year followup he had a viable femoral head on the plain radiograph and an excellent functional outcome, with a Harris hip score of 92.. Could you consider all possible diseases based on my information?",
            "question2": "I also have done some examination,A radiograph showed that the dynamic hip screw had cut through the neck and a tensile surface fracture of the neck of the femur, with varus deformity, was noticed. <?>. Could you narrow down to a specific disease based on the examination? Only give me the disease name, and if there are different names for the same disease, list them separated by commas.",
            "groundtruth": "stress fracture",
            "evidence": [
                "Initially the pain started within two weeks of the training program when he went to a local orthopedic clinic where his plain radiographic study showed a stress fracture of the femur neck."
            ]
        }
    },
    "case series": {
        "1": {
            "question": " Describe the patient personal information.",
            "answer": " A 79-year-old man was admitted to a municipal hospital.\n",
            "cleaned_answer": [
                "A 79-year-old man was admitted to a municipal hospital."
            ],
            "cleaned_answer_idx": [
                0
            ]
        },
        "2": {
            "question": " Describe the patient experience.",
            "answer": " With a bilateral sensory level below T3 and gait ataxia since the last month (EDSS 6.5). Symptoms improved after intravenous glucocorticoids (EDSS 5.0).\n",
            "cleaned_answer": [
                "A 79-year-old man was admitted to a municipal hospital with a bilateral sensory level below T3 and gait ataxia since the last month (EDSS 6.5).",
                "Autoimmune myelitis was suspected, and symptoms improved after intravenous glucocorticoids (EDSS 5.0)."
            ],
            "cleaned_answer_idx": [
                3,
                3
            ]
        },
        "3": {
            "question": " Did you notice any symptoms, such as a fever, cough, or respiratory issues?",
            "answer": " $No$\n",
            "cleaned_answer": [
                "$No$"
            ],
            "cleaned_answer_idx": [
                "$$"
            ]
        },
        "4": {
            "question": " What's the diagnosis?",
            "answer": " Autoimmune myelitis was suspected.\n",
            "cleaned_answer": [
                "Autoimmune myelitis was suspected."
            ],
            "cleaned_answer_idx": [
                3
            ]
        },
        "5": {
            "question": " What's the direct evidence that points to this diagnosis?",
            "answer": " $No$\n",
            "cleaned_answer": [
                "$No$"
            ],
            "cleaned_answer_idx": [
                "$$"
            ]
        },
        "6": {
            "question": " What\u2019s the imaging (only provided the figure explanation here) suggest?",
            "answer": " Magnetic resonance imaging (MRI) revealed spinal cord lesions at vertebra C1-4, at T3/4, and brain microangiopathy.\n",
            "cleaned_answer": [
                "Magnetic resonance imaging (MRI) revealed spinal cord lesions at vertebra C1-4, at T3/4, and brain microangiopathy."
            ],
            "cleaned_answer_idx": [
                1
            ]
        },
        "7": {
            "question": " What\u2019s the examination suggest?",
            "answer": " Cerebrospinal fluid (CSF) analysis showed mildly increased albumin, but normal immunoglobulin G (IgG), negative oligoclonal bands (OCB), and a normal cell count.\n",
            "cleaned_answer": [
                "Cerebrospinal fluid (CSF) analysis showed mildly increased albumin, but normal immunoglobulin G (IgG), negative oligoclonal bands (OCB), and a normal cell count."
            ],
            "cleaned_answer_idx": [
                2
            ]
        },
        "8": {
            "question": " Is there any suggestion?",
            "answer": " $No$\u201d",
            "cleaned_answer": [
                "$No$\u201d"
            ],
            "cleaned_answer_idx": [
                "$$"
            ]
        },
        "oneround_dict": {
            "input": "A 79-year-old man was admitted to a municipal hospital. Magnetic resonance imaging (MRI) revealed spinal cord lesions at vertebra C1-4, at T3/4, and brain microangiopathy. Cerebrospinal fluid (CSF) analysis showed mildly increased albumin, but normal immunoglobulin G (IgG), negative oligoclonal bands (OCB), and a normal cell count. A 79-year-old man was admitted to a municipal hospital with a bilateral sensory level below T3 and gait ataxia since the last month (EDSS 6.5). Autoimmune myelitis was suspected, and symptoms improved after intravenous glucocorticoids (EDSS 5.0).",
            "groundtruth": "Myelitis",
            "evidence": [
                "Autoimmune myelitis was suspected."
            ]
        },
        "multiround_dict": {
            "question1": "I am A 79-year-old man was admitted to a municipal hospital. A 79-year-old man was admitted to a municipal hospital with a bilateral sensory level below T3 and gait ataxia since the last month (EDSS 6.5). Autoimmune myelitis was suspected, and symptoms improved after intravenous glucocorticoids (EDSS 5.0).. Could you consider all possible diseases based on my information?",
            "question2": "I also have done some examination,Magnetic resonance imaging (MRI) revealed spinal cord lesions at vertebra C1-4, at T3/4, and brain microangiopathy. Cerebrospinal fluid (CSF) analysis showed mildly increased albumin, but normal immunoglobulin G (IgG), negative oligoclonal bands (OCB), and a normal cell count.. Could you narrow down to a specific disease based on the examination? Only give me the disease name, and if there are different names for the same disease, list them separated by commas.",
            "groundtruth": "Myelitis",
            "evidence": [
                "Autoimmune myelitis was suspected."
            ]
        }
    },
    "confirmed episignature for our case.": {
        "1": {
            "question": " ",
            "answer": " $No$\n",
            "cleaned_answer": [
                "$No$"
            ],
            "cleaned_answer_idx": [
                "$$"
            ]
        },
        "2": {
            "question": " ",
            "answer": " $No$\n",
            "cleaned_answer": [
                "$No$"
            ],
            "cleaned_answer_idx": [
                "$$"
            ]
        },
        "3": {
            "question": " ",
            "answer": " $No$\n",
            "cleaned_answer": [
                "$No$"
            ],
            "cleaned_answer_idx": [
                "$$"
            ]
        },
        "4": {
            "question": " ",
            "answer": " Our case is showing an high MVP score, suggesting the presence of the CdLS episignature.\n",
            "cleaned_answer": [
                "Our case is showing an high MVP score, suggesting the presence of the CdLS episignature."
            ],
            "cleaned_answer_idx": [
                3
            ]
        },
        "5": {
            "question": " ",
            "answer": " The methylation variant pathogenicity (MVP) score range from 0 to 1. Scores approaching 1 indicate a high likelihood of a methylation pattern characteristic of the target syndrome (CdLS), while scores close to 0 indicating a methylation profile similar to controls. Our case is showing an high MVP score.\n",
            "cleaned_answer": [
                "The methylation variant pathogenicity (MVP) score range from 0 to 1.",
                "Scores approaching 1 indicate a high likelihood of a methylation pattern characteristic of the target syndrome (CdLS), while scores close to 0 indicating a methylation profile similar to controls.",
                "Our case is showing an high MVP score."
            ],
            "cleaned_answer_idx": [
                0,
                2,
                3
            ]
        },
        "6": {
            "question": " ",
            "answer": " A\u00a0Hierarchical clustering and B multidimensional scaling plots demonstrate the clustering of our case (shown in red) with the CdLS cases (marked in blue), which is distinct from controls (individuals without CdLS or VRJS; shown in green).\n",
            "cleaned_answer": [
                "A\u00a0Hierarchical clustering and B multidimensional scaling plots demonstrate the clustering of our case (shown in red) with the CdLS cases (marked in blue), which is distinct from controls (individuals without CdLS or VRJS; shown in green)."
            ],
            "cleaned_answer_idx": [
                0
            ]
        },
        "7": {
            "question": " ",
            "answer": " A\u00a0Hierarchical clustering and B multidimensional scaling plots demonstrate the clustering of our case (shown in red) with the CdLS cases (marked in blue), which is distinct from controls (individuals without CdLS or VRJS; shown in green).\n",
            "cleaned_answer": [
                "A\u00a0Hierarchical clustering and B multidimensional scaling plots demonstrate the clustering of our case (shown in red) with the CdLS cases (marked in blue), which is distinct from controls (individuals without CdLS or VRJS; shown in green)."
            ],
            "cleaned_answer_idx": [
                0
            ]
        },
        "8": {
            "question": " ",
            "answer": " $No$",
            "cleaned_answer": [
                "$No$"
            ],
            "cleaned_answer_idx": [
                "$$"
            ]
        },
        "oneround_dict": {
            "input": "The methylation variant pathogenicity (MVP) score range from 0 to 1. A\u00a0Hierarchical clustering and B multidimensional scaling plots demonstrate the clustering of our case (shown in red) with the CdLS cases (marked in blue), which is distinct from controls (individuals without CdLS or VRJS; shown in green). Scores approaching 1 indicate a high likelihood of a methylation pattern characteristic of the target syndrome (CdLS), while scores close to 0 indicating a methylation profile similar to controls. Our case is showing an high MVP score.",
            "groundtruth": "MVP score, CdLS episignature",
            "evidence": [
                "Our case is showing an high MVP score, suggesting the presence of the CdLS episignature."
            ]
        },
        "multiround_dict": {
            "question": "I have done some examination. The methylation variant pathogenicity (MVP) score range from 0 to 1. A\u00a0Hierarchical clustering and B multidimensional scaling plots demonstrate the clustering of our case (shown in red) with the CdLS cases (marked in blue), which is distinct from controls (individuals without CdLS or VRJS; shown in green). Scores approaching 1 indicate a high likelihood of a methylation pattern characteristic of the target syndrome (CdLS), while scores close to 0 indicating a methylation profile similar to controls. Our case is showing an high MVP score.. Could you consider all possible diseases based on my information? And then narrow down to a specific disease based on the examination? Only give me the disease name, and if there are different names for the same disease, list them separated by commas.",
            "groundtruth": "MVP score, CdLS episignature",
            "evidence": [
                "Our case is showing an high MVP score, suggesting the presence of the CdLS episignature."
            ]
        }
    },
    "case presentation and investigation": {
        "1": {
            "question": " Describe the patient personal information.  ",
            "answer": " A 9-year-old girl with Down syndrome\n",
            "cleaned_answer": [
                "A 9-year-old girl with Down syndrome"
            ],
            "cleaned_answer_idx": [
                0
            ]
        },
        "2": {
            "question": " Describe the patient experience.  ",
            "answer": " She had suppressed thyroid-stimulating hormone (TSH) 0.01 mU/L (0.38\u20135.33) and elevated free T4 41.7 pmol/L (8.4\u201313.6) on annual screening bloods. TSH receptor (TSHR) antibodies were greater than 40 mU/L and thyroid peroxidase (TPO) antibodies were 146 mU/L consistent with GD. Carbimazole 15 mg daily in divided doses was commenced which brought TSH and free T4 into the normal range (shown in Fig. 1). With weaning, dose adjustments between 2.5 and 5 mg daily caused thyroid function to oscillate between mild biochemical hyperthyroidism and hypothyroidism.\n",
            "cleaned_answer": [
                "She had suppressed thyroid-stimulating hormone (TSH) 0.01 mU/L (0.38\u20135.33) and elevated free T4 41.7 pmol/L (8.4\u201313.6) on annual screening bloods.",
                "TSH receptor (TSHR) antibodies were greater than 40 mU/L and thyroid peroxidase (TPO) antibodies were 146 mU/L consistent with GD.",
                "Carbimazole 15 mg daily in divided doses was commenced which brought TSH and free T4 into the normal range (shown in Fig.",
                "1).",
                "With weaning, dose adjustments between 2.5 and 5 mg daily caused thyroid function to oscillate between mild biochemical hyperthyroidism and hypothyroidism."
            ],
            "cleaned_answer_idx": [
                4,
                5,
                6,
                3,
                8
            ]
        },
        "3": {
            "question": " Did you notice any symptoms, such as a fever, cough, or respiratory issues?  ",
            "answer": " She had no goitre, no ophthalmopathy and no dermopathy.\n",
            "cleaned_answer": [
                "She had no goitre, no ophthalmopathy and no dermopathy."
            ],
            "cleaned_answer_idx": [
                2
            ]
        },
        "4": {
            "question": " What's the diagnosis?  ",
            "answer": " consistent with GD.\n",
            "cleaned_answer": [
                "consistent with GD."
            ],
            "cleaned_answer_idx": [
                5
            ]
        },
        "5": {
            "question": " What's the direct evidence that points to this diagnosis?  ",
            "answer": " She had suppressed thyroid-stimulating hormone (TSH) 0.01 mU/L (0.38\u20135.33) and elevated free T4 41.7 pmol/L (8.4\u201313.6) on annual screening bloods. TSH receptor (TSHR) antibodies were greater than 40 mU/L and thyroid peroxidase (TPO) antibodies were 146 mU/L consistent with GD.\n",
            "cleaned_answer": [
                "She had suppressed thyroid-stimulating hormone (TSH) 0.01 mU/L (0.38\u20135.33) and elevated free T4 41.7 pmol/L (8.4\u201313.6) on annual screening bloods.",
                "TSH receptor (TSHR) antibodies were greater than 40 mU/L and thyroid peroxidase (TPO) antibodies were 146 mU/L consistent with GD."
            ],
            "cleaned_answer_idx": [
                4,
                5
            ]
        },
        "6": {
            "question": " What\u2019s the imaging (only provided the figure explanation here) suggest?  ",
            "answer": " $No$\n",
            "cleaned_answer": [
                "$No$"
            ],
            "cleaned_answer_idx": [
                "$$"
            ]
        },
        "7": {
            "question": " What\u2019s the examination suggest?  ",
            "answer": " She had no goitre, no ophthalmopathy and no dermopathy.\n",
            "cleaned_answer": [
                "She had no goitre, no ophthalmopathy and no dermopathy."
            ],
            "cleaned_answer_idx": [
                2
            ]
        },
        "8": {
            "question": " Is there any suggestion?  ",
            "answer": " $No$\u201d",
            "cleaned_answer": [
                "$No$\u201d"
            ],
            "cleaned_answer_idx": [
                "$$"
            ]
        },
        "oneround_dict": {
            "input": "A 9-year-old girl with Down syndrome She had no goitre, no ophthalmopathy and no dermopathy. 1). She had suppressed thyroid-stimulating hormone (TSH) 0.01 mU/L (0.38\u20135.33) and elevated free T4 41.7 pmol/L (8.4\u201313.6) on annual screening bloods. TSH receptor (TSHR) antibodies were greater than 40 mU/L and thyroid peroxidase (TPO) antibodies were 146 mU/L <?>",
            "groundtruth": "GD",
            "evidence": [
                "consistent with GD."
            ]
        },
        "multiround_dict": {
            "question1": "I am A 9-year-old girl with Down syndrome She had no goitre, no ophthalmopathy and no dermopathy. 1). She had suppressed thyroid-stimulating hormone (TSH) 0.01 mU/L (0.38\u20135.33) and elevated free T4 41.7 pmol/L (8.4\u201313.6) on annual screening bloods. TSH receptor (TSHR) antibodies were greater than 40 mU/L and thyroid peroxidase (TPO) antibodies were 146 mU/L <?>. Could you consider all possible diseases based on my information?",
            "question2": "I also have done some examination,She had no goitre, no ophthalmopathy and no dermopathy. She had suppressed thyroid-stimulating hormone (TSH) 0.01 mU/L (0.38\u20135.33) and elevated free T4 41.7 pmol/L (8.4\u201313.6) on annual screening bloods. TSH receptor (TSHR) antibodies were greater than 40 mU/L and thyroid peroxidase (TPO) antibodies were 146 mU/L <?>. Could you narrow down to a specific disease based on the examination? Only give me the disease name, and if there are different names for the same disease, list them separated by commas.",
            "groundtruth": "GD",
            "evidence": [
                "consistent with GD."
            ]
        }
    },
    "3.1. case 1": {
        "1": {
            "question": " Describe the patient personal information.  ",
            "answer": " $No$\n",
            "cleaned_answer": [
                "$No$"
            ],
            "cleaned_answer_idx": [
                "$$"
            ]
        },
        "2": {
            "question": " Describe the patient experience.  ",
            "answer": " On core needle biopsy, the tumor was characterized as triple-negative, highly proliferating (Ki-67 index: 90%), poorly differentiated invasive breast cancer of no special type (NST, G3). After completion of neoadjuvant chemotherapy and mastectomy, no pathologic evidence of tumor regression was evident that could be attributed to the systemic therapy. Because of the history of EBV-positive nasopharyngeal carcinoma, the tumor was tested for the presence of EBV using chromogenic in situ hybridization (EBER-CISH). Clinically, multiple local and distant lymph node metastases, as well as diffuse bone metastases, were observed four months after the diagnosis of breast cancer, thus attesting to a progressive disease despite the therapy. \n",
            "cleaned_answer": [
                "On core needle biopsy, the tumor was characterized as triple-negative, highly proliferating (Ki-67 index: 90%), poorly differentiated invasive breast cancer of no special type (NST, G3).",
                "After completion of neoadjuvant chemotherapy and mastectomy, no pathologic evidence of tumor regression was evident that could be attributed to the systemic therapy.",
                "Because of the history of EBV-positive nasopharyngeal carcinoma, the tumor was tested for the presence of EBV using chromogenic in situ hybridization (EBER-CISH).",
                "Clinically, multiple local and distant lymph node metastases, as well as diffuse bone metastases, were observed four months after the diagnosis of breast cancer, thus attesting to a progressive disease despite the therapy."
            ],
            "cleaned_answer_idx": [
                1,
                2,
                3,
                6
            ]
        },
        "3": {
            "question": " Did you notice any symptoms, such as a fever, cough, or respiratory issues?  ",
            "answer": " $No$\n",
            "cleaned_answer": [
                "$No$"
            ],
            "cleaned_answer_idx": [
                "$$"
            ]
        },
        "4": {
            "question": " What's the diagnosis?  ",
            "answer": " Triple-negative, highly proliferating (Ki-67 index: 90%), poorly differentiated invasive breast cancer of no special type (NST, G3).\n",
            "cleaned_answer": [
                "On core needle biopsy, the tumor was characterized as triple-negative, highly proliferating (Ki-67 index: 90%), poorly differentiated invasive breast cancer of no special type (NST, G3)."
            ],
            "cleaned_answer_idx": [
                6
            ]
        },
        "5": {
            "question": " What's the direct evidence that points to this diagnosis?  ",
            "answer": " On core needle biopsy, the tumor was characterized as triple-negative, highly proliferating (Ki-67 index: 90%), poorly differentiated invasive breast cancer of no special type (NST, G3).\n",
            "cleaned_answer": [
                "On core needle biopsy, the tumor was characterized as triple-negative, highly proliferating (Ki-67 index: 90%), poorly differentiated invasive breast cancer of no special type (NST, G3)."
            ],
            "cleaned_answer_idx": [
                1
            ]
        },
        "6": {
            "question": " What\u2019s the imaging (only provided the figure explanation here) suggest?  ",
            "answer": " No specific imaging descriptions are provided except for mentioning Figure 1A in the context of no pathologic evidence of tumor regression and Figure 1C showing nuclear hybridization signals. $No$\n",
            "cleaned_answer": [
                "After completion of neoadjuvant chemotherapy and mastectomy, no pathologic evidence of tumor regression was evident that could be attributed to the systemic therapy (Figure 1A).",
                "$No$"
            ],
            "cleaned_answer_idx": [
                6,
                "$$"
            ]
        },
        "7": {
            "question": " What\u2019s the examination suggest?  ",
            "answer": " On IHC for EBNA1 antigen, a moderate to strong nuclear expression was observed in a heterogenous pattern. Strong nuclear hybridization signals were detected in about 70% of tumor cell nuclei.\n",
            "cleaned_answer": [
                "On IHC for EBNA1 antigen, a moderate to strong nuclear expression was observed in a heterogenous pattern.",
                "Strong nuclear hybridization signals were detected in about 70% of tumor cell nuclei."
            ],
            "cleaned_answer_idx": [
                5,
                4
            ]
        },
        "8": {
            "question": " Is there any suggestion?  ",
            "answer": " $No$\u201d",
            "cleaned_answer": [
                "$No$\u201d"
            ],
            "cleaned_answer_idx": [
                "$$"
            ]
        },
        "oneround_dict": {
            "input": "<?> After completion of neoadjuvant chemotherapy and mastectomy, no pathologic evidence of tumor regression was evident that could be attributed to the systemic therapy. Because of the history of EBV-positive nasopharyngeal carcinoma, the tumor was tested for the presence of EBV using chromogenic in situ hybridization (EBER-CISH). Strong nuclear hybridization signals were detected in about 70% of tumor cell nuclei. On IHC for EBNA1 antigen, a moderate to strong nuclear expression was observed in a heterogenous pattern. Clinically, multiple local and distant lymph node metastases, as well as diffuse bone metastases, were observed four months after the diagnosis of breast cancer, thus attesting to a progressive disease despite the therapy. After completion of neoadjuvant chemotherapy and mastectomy, no pathologic evidence of tumor regression was evident that could be attributed to the systemic therapy (Figure 1A).",
            "groundtruth": "invasive breast cancer of no special type (NST)",
            "evidence": [
                "On core needle biopsy, the tumor was characterized as triple-negative, highly proliferating (Ki-67 index: 90%), poorly differentiated invasive breast cancer of no special type (NST, G3)."
            ]
        },
        "multiround_dict": {
            "question1": "I am <?> After completion of neoadjuvant chemotherapy and mastectomy, no pathologic evidence of tumor regression was evident that could be attributed to the systemic therapy. Because of the history of EBV-positive nasopharyngeal carcinoma, the tumor was tested for the presence of EBV using chromogenic in situ hybridization (EBER-CISH). Clinically, multiple local and distant lymph node metastases, as well as diffuse bone metastases, were observed four months after the diagnosis of breast cancer, thus attesting to a progressive disease despite the therapy.. Could you consider all possible diseases based on my information?",
            "question2": "I also have done some examination,<?> Strong nuclear hybridization signals were detected in about 70% of tumor cell nuclei. On IHC for EBNA1 antigen, a moderate to strong nuclear expression was observed in a heterogenous pattern. After completion of neoadjuvant chemotherapy and mastectomy, no pathologic evidence of tumor regression was evident that could be attributed to the systemic therapy (Figure 1A).. Could you narrow down to a specific disease based on the examination? Only give me the disease name, and if there are different names for the same disease, list them separated by commas.",
            "groundtruth": "invasive breast cancer of no special type (NST)",
            "evidence": [
                "On core needle biopsy, the tumor was characterized as triple-negative, highly proliferating (Ki-67 index: 90%), poorly differentiated invasive breast cancer of no special type (NST, G3)."
            ]
        }
    },
    "3.2. case 2": {
        "1": {
            "question": " Describe the patient personal information.  ",
            "answer": " $No$\n",
            "cleaned_answer": [
                "$No$"
            ],
            "cleaned_answer_idx": [
                "$$"
            ]
        },
        "2": {
            "question": " Describe the patient experience.  ",
            "answer": " On core needle biopsy, the tumor was characterized as moderately differentiated, invasive breast cancer of no special type (NST, G2; ER+/PR+/HER2+).\n",
            "cleaned_answer": [
                "On core needle biopsy, the tumor was characterized as moderately differentiated, invasive breast cancer of no special type (NST, G2; ER+/PR+/HER2+)."
            ],
            "cleaned_answer_idx": [
                1
            ]
        },
        "3": {
            "question": " Did you notice any symptoms, such as a fever, cough, or respiratory issues?  ",
            "answer": " $No$\n",
            "cleaned_answer": [
                "$No$"
            ],
            "cleaned_answer_idx": [
                "$$"
            ]
        },
        "4": {
            "question": " What's the diagnosis?  ",
            "answer": " The tumor was characterized as moderately differentiated, invasive breast cancer of no special type (NST, G2; ER+/PR+/HER2+).\n",
            "cleaned_answer": [
                "On core needle biopsy, the tumor was characterized as moderately differentiated, invasive breast cancer of no special type (NST, G2; ER+/PR+/HER2+)."
            ],
            "cleaned_answer_idx": [
                4
            ]
        },
        "5": {
            "question": " What's the direct evidence that points to this diagnosis?  ",
            "answer": " On core needle biopsy, the tumor was characterized as moderately differentiated, invasive breast cancer of no special type (NST, G2; ER+/PR+/HER2+).\n",
            "cleaned_answer": [
                "On core needle biopsy, the tumor was characterized as moderately differentiated, invasive breast cancer of no special type (NST, G2; ER+/PR+/HER2+)."
            ],
            "cleaned_answer_idx": [
                1
            ]
        },
        "6": {
            "question": " What\u2019s the imaging (only provided the figure explanation here) suggest?  ",
            "answer": " Following neoadjuvant chemotherapy and breast-conserving therapy, no evidence of tumor regression was evident on the resection specimen (Figure 1B).\n",
            "cleaned_answer": [
                "Following neoadjuvant chemotherapy and breast-conserving therapy, no evidence of tumor regression was evident on the resection specimen (Figure 1B)."
            ],
            "cleaned_answer_idx": [
                2
            ]
        },
        "7": {
            "question": " What\u2019s the examination suggest?",
            "answer": " Because of the lack of histological tumor regression, EBER-ISH was performed on the tumor tissue after chemotherapy, showing convincing positive nuclear hybridization signals (Figure 1D). Also, in this case, an immunohistochemical reaction against the EBNA1 antigen was positive in a similar pattern, as observed in case 1 (Figure 2B).\n",
            "cleaned_answer": [
                "Because of the lack of histological tumor regression, EBER-ISH was performed on the tumor tissue after chemotherapy, showing convincing positive nuclear hybridization signals (Figure 1D).",
                "Also, in this case, an immunohistochemical reaction against the EBNA1 antigen was positive in a similar pattern, as observed in case 1 (Figure 2B)."
            ],
            "cleaned_answer_idx": [
                3,
                4
            ]
        },
        "8": {
            "question": " Is there any suggestion?  ",
            "answer": " $No$\u201d",
            "cleaned_answer": [
                "$No$\u201d"
            ],
            "cleaned_answer_idx": [
                "$$"
            ]
        },
        "oneround_dict": {
            "input": "<?> Following neoadjuvant chemotherapy and breast-conserving therapy, no evidence of tumor regression was evident on the resection specimen (Figure 1B). Because of the lack of histological tumor regression, EBER-ISH was performed on the tumor tissue after chemotherapy, showing convincing positive nuclear hybridization signals (Figure 1D). Also, in this case, an immunohistochemical reaction against the EBNA1 antigen was positive in a similar pattern, as observed in case 1 (Figure 2B).",
            "groundtruth": "invasive breast cancer",
            "evidence": [
                "On core needle biopsy, the tumor was characterized as moderately differentiated, invasive breast cancer of no special type (NST, G2; ER+/PR+/HER2+)."
            ]
        },
        "multiround_dict": {
            "question1": "I am <?>. Could you consider all possible diseases based on my information?",
            "question2": "I also have done some examination,<?> Following neoadjuvant chemotherapy and breast-conserving therapy, no evidence of tumor regression was evident on the resection specimen (Figure 1B). Because of the lack of histological tumor regression, EBER-ISH was performed on the tumor tissue after chemotherapy, showing convincing positive nuclear hybridization signals (Figure 1D). Also, in this case, an immunohistochemical reaction against the EBNA1 antigen was positive in a similar pattern, as observed in case 1 (Figure 2B).. Could you narrow down to a specific disease based on the examination? Only give me the disease name, and if there are different names for the same disease, list them separated by commas.",
            "groundtruth": "invasive breast cancer",
            "evidence": [
                "On core needle biopsy, the tumor was characterized as moderately differentiated, invasive breast cancer of no special type (NST, G2; ER+/PR+/HER2+)."
            ]
        }
    },
    "case report:": {
        "1": {
            "question": " Describe the patient personal information.  ",
            "answer": " We report a very rare case of 45-year-old female.  \n",
            "cleaned_answer": [
                "We report a very rare case of 45-year-old female."
            ],
            "cleaned_answer_idx": [
                0
            ]
        },
        "2": {
            "question": " Describe the patient experience.  ",
            "answer": " She presented with pain in both the knees and difficulty in walking since 1 year.  \n",
            "cleaned_answer": [
                "She presented with pain in both the knees and difficulty in walking since 1 year."
            ],
            "cleaned_answer_idx": [
                1
            ]
        },
        "3": {
            "question": " Did you notice any symptoms, such as a fever, cough, or respiratory issues?  ",
            "answer": " $No$  \n",
            "cleaned_answer": [
                "$No$"
            ],
            "cleaned_answer_idx": [
                "$$"
            ]
        },
        "4": {
            "question": " What's the diagnosis?  ",
            "answer": " X-ray of both knees revealed SPONK in Koshino\u2019s Stage IV and Carpintero\u2019s Stage IV.  \n",
            "cleaned_answer": [
                "X-ray of both knees revealed SPONK in Koshino\u2019s Stage IV and Carpintero\u2019s Stage IV."
            ],
            "cleaned_answer_idx": [
                6
            ]
        },
        "5": {
            "question": " What's the direct evidence that points to this diagnosis?  ",
            "answer": " X-ray of both knees revealed SPONK in Koshino\u2019s Stage IV and Carpintero\u2019s Stage IV.  \n",
            "cleaned_answer": [
                "X-ray of both knees revealed SPONK in Koshino\u2019s Stage IV and Carpintero\u2019s Stage IV."
            ],
            "cleaned_answer_idx": [
                6
            ]
        },
        "6": {
            "question": " What\u2019s the imaging (only provided the figure explanation here) suggest?  ",
            "answer": " Magnetic resonance imaging showed characteristic focal hyperintense areas surrounded by band like hypointense areas in both MFC and MTP which was suggestive of subchondral collapse with ill-defined bone marrow changes.  \n",
            "cleaned_answer": [
                "Magnetic resonance imaging showed characteristic focal hyperintense areas surrounded by band like hypointense areas in both MFC and MTP which was suggestive of subchondral collapse with ill-defined bone marrow changes."
            ],
            "cleaned_answer_idx": [
                5
            ]
        },
        "7": {
            "question": " What\u2019s the examination suggest?  ",
            "answer": " Physical examination revealed decreased range of motion and local tenderness over MFC and medial tibial condyle.  \n",
            "cleaned_answer": [
                "Physical examination revealed decreased range of motion and local tenderness over MFC and medial tibial condyle."
            ],
            "cleaned_answer_idx": [
                2
            ]
        },
        "8": {
            "question": " Is there any suggestion?  ",
            "answer": " $No$\"",
            "cleaned_answer": [
                "$No$\""
            ],
            "cleaned_answer_idx": [
                "$$"
            ]
        },
        "oneround_dict": {
            "input": "We report a very rare case of 45-year-old female. She presented with pain in both the knees and difficulty in walking since 1 year. Physical examination revealed decreased range of motion and local tenderness over MFC and medial tibial condyle. Magnetic resonance imaging showed characteristic focal hyperintense areas surrounded by band like hypointense areas in both MFC and MTP which was suggestive of subchondral collapse with ill-defined bone marrow changes. <?>",
            "groundtruth": "SPONK",
            "evidence": [
                "X-ray of both knees revealed SPONK in Koshino\u2019s Stage IV and Carpintero\u2019s Stage IV."
            ]
        },
        "multiround_dict": {
            "question1": "I am We report a very rare case of 45-year-old female. She presented with pain in both the knees and difficulty in walking since 1 year.. Could you consider all possible diseases based on my information?",
            "question2": "I also have done some examination,Physical examination revealed decreased range of motion and local tenderness over MFC and medial tibial condyle. Magnetic resonance imaging showed characteristic focal hyperintense areas surrounded by band like hypointense areas in both MFC and MTP which was suggestive of subchondral collapse with ill-defined bone marrow changes. <?>. Could you narrow down to a specific disease based on the examination? Only give me the disease name, and if there are different names for the same disease, list them separated by commas.",
            "groundtruth": "SPONK",
            "evidence": [
                "X-ray of both knees revealed SPONK in Koshino\u2019s Stage IV and Carpintero\u2019s Stage IV."
            ]
        }
    }
}