{
    "case": {
        "1": {
            "question": " Describe the patient personal information.  ",
            "answer": " A 62\u2009year-old male had displayed bradykinesia and tremor of his right limbs for one year, during which he was able to perform limited fine movements such as dressing himself, lacing up his shoes and brushing his teeth. He had had a history of hypertension and took a daily dose of 5\u2009mg amlodipine. The patient had no history of any other chronic illnesses and was not on any other type of medication. \n",
            "cleaned_answer": [
                "A 62\u2009year-old male had displayed bradykinesia and tremor of his right limbs for one year, during which he was able to perform limited fine movements such as dressing himself, lacing up his shoes and brushing his teeth.",
                "He had had a history of hypertension and took a daily dose of 5\u2009mg amlodipine.",
                "The patient had no history of any other chronic illnesses and was not on any other type of medication."
            ],
            "cleaned_answer_idx": [
                0,
                2,
                3
            ]
        },
        "2": {
            "question": " Describe the patient experience.  ",
            "answer": " A 62\u2009year-old male had displayed bradykinesia and tremor of his right limbs for one year, during which he was able to perform limited fine movements such as dressing himself, lacing up his shoes and brushing his teeth. His tremors were aggravated by nervousness and relieved when asleep. Initially, he received dopamine replacement therapy of 50\u2009mg piribedil per day. Although there was no significant improvement in symptoms neither did he feel any discomfort. Therefore, starting the first dose change of piribedil, he added extra 50\u2009mg to his dose. About two hours later after the first change in dose, the patient experienced symptoms of dizziness and sweating; he collapsed half an hour later. Whilst in a sitting position, the patient\u2019s BP and HR were measured immediately. The BP reading was 85/48\u2009mmHg and HR was 45 beats/min. His symptoms continued for the duration of the day with sitting BP fluctuating between 80\u201395\u2009mmHg to 45\u201368\u2009mmHg. Because his head computerized tomography examination found no abnormalities, the patient received 500\u2009mL of 0.9% sodium chloride solution, after which his symptoms improved. Due to adverse drug reactions (ADRs), the patient was started on a second dose change of piribedil, i.e. an extra dose of 25\u2009mg piribedil was to be taken in the afternoon in addition to the existing 50\u2009mg taken in the morning. After two and a half hours, the patient experienced dizziness, sweating, nausea and vomiting, with a BP reading of 70/45\u2009mmHg and a HR of 47 beats/min when sitting. His BP recovered to 105/65\u2009mmHg and HR to 60 beats/min after elevating his lower limbs and resting for 20 mins. As a result of these incidences, the patient was switched to pramipexole to replace piribedil. After taking pramipexole 0.125\u2009mg or 0.25\u2009mg three times a day (tid), the symptoms of hypotension and bradycardia disappeared but a reduced amplitude of his right arm swing was still observed. Finally, after the pramipexole dose was increased to 0.375\u2009mg tid, the patient showed marked improvements in motor symptoms. \n",
            "cleaned_answer": [
                "A 62\u2009year-old male had displayed bradykinesia and tremor of his right limbs for one year, during which he was able to perform limited fine movements such as dressing himself, lacing up his shoes and brushing his teeth.",
                "His tremors were aggravated by nervousness and relieved when asleep.",
                "Initially, he received dopamine replacement therapy of 50\u2009mg piribedil per day.",
                "Although there was no significant improvement in symptoms neither did he feel any discomfort.",
                "Therefore, starting the first dose change of piribedil, he added extra 50\u2009mg to his dose.",
                "About two hours later after the first change in dose, the patient experienced symptoms of dizziness and sweating; he collapsed half an hour later.",
                "Whilst in a sitting position, the patient\u2019s BP and HR were measured immediately.",
                "The BP reading was 85/48\u2009mmHg and HR was 45 beats/min.",
                "His symptoms continued for the duration of the day with sitting BP fluctuating between 80\u201395\u2009mmHg to 45\u201368\u2009mmHg.",
                "Because his head computerized tomography examination found no abnormalities, the patient received 500\u2009mL of 0.9% sodium chloride solution, after which his symptoms improved.",
                "Due to adverse drug reactions (ADRs), the patient was started on a second dose change of piribedil, i.e.",
                "an extra dose of 25\u2009mg piribedil was to be taken in the afternoon in addition to the existing 50\u2009mg taken in the morning.",
                "After two and a half hours, the patient experienced dizziness, sweating, nausea and vomiting, with a BP reading of 70/45\u2009mmHg and a HR of 47 beats/min when sitting.",
                "His BP recovered to 105/65\u2009mmHg and HR to 60 beats/min after elevating his lower limbs and resting for 20 mins.",
                "As a result of these incidences, the patient was switched to pramipexole to replace piribedil.",
                "After taking pramipexole 0.125\u2009mg or 0.25\u2009mg three times a day (tid), the symptoms of hypotension and bradycardia disappeared but a reduced amplitude of his right arm swing was still observed.",
                "Finally, after the pramipexole dose was increased to 0.375\u2009mg tid, the patient showed marked improvements in motor symptoms."
            ],
            "cleaned_answer_idx": [
                0,
                1,
                7,
                8,
                9,
                10,
                11,
                12,
                13,
                14,
                15,
                16,
                17,
                18,
                19,
                20,
                21
            ]
        },
        "3": {
            "question": " Did you notice any symptoms, such as a fever, cough, or respiratory issues?  ",
            "answer": " $No$ \n",
            "cleaned_answer": [
                "$No$"
            ],
            "cleaned_answer_idx": [
                "$$"
            ]
        },
        "4": {
            "question": " What's the diagnosis?  ",
            "answer": " He was diagnosed with PD based on the Movement Disorder Society clinical diagnostic criteria [4]. \n",
            "cleaned_answer": [
                "He was diagnosed with PD based on the Movement Disorder Society clinical diagnostic criteria [4]."
            ],
            "cleaned_answer_idx": [
                6
            ]
        },
        "5": {
            "question": " What's the direct evidence that points to this diagnosis?  ",
            "answer": " $No$ \n",
            "cleaned_answer": [
                "$No$"
            ],
            "cleaned_answer_idx": [
                "$$"
            ]
        },
        "6": {
            "question": " What\u2019s the imaging (only provided the figure explanation here) suggest?  ",
            "answer": " Fig. 1Blood pressure and heart rate fluctuation. Abbreviations: SBP\u2009=\u2009systolic blood pressure, DBP\u2009=\u2009diastolic blood pressure, HR\u2009=\u2009heart rate \n",
            "cleaned_answer": [
                "Fig.",
                "1Blood pressure and heart rate fluctuation.",
                "Abbreviations: SBP\u2009=\u2009systolic blood pressure, DBP\u2009=\u2009diastolic blood pressure, HR\u2009=\u2009heart rate"
            ],
            "cleaned_answer_idx": [
                22,
                24,
                25
            ]
        },
        "7": {
            "question": " What\u2019s the examination suggest?  ",
            "answer": " Because his head computerized tomography examination found no abnormalities, the patient received 500\u2009mL of 0.9% sodium chloride solution, after which his symptoms improved. \n",
            "cleaned_answer": [
                "Because his head computerized tomography examination found no abnormalities, the patient received 500\u2009mL of 0.9% sodium chloride solution, after which his symptoms improved."
            ],
            "cleaned_answer_idx": [
                14
            ]
        },
        "8": {
            "question": " Is there any suggestion?  ",
            "answer": " $No$\u201d",
            "cleaned_answer": [
                "$No$\u201d"
            ],
            "cleaned_answer_idx": [
                "$$"
            ]
        },
        "oneround_dict": {
            "input": "A 62\u2009year-old male had displayed bradykinesia and tremor of his right limbs for one year, during which he was able to perform limited fine movements such as dressing himself, lacing up his shoes and brushing his teeth. His tremors were aggravated by nervousness and relieved when asleep. He had had a history of hypertension and took a daily dose of 5\u2009mg amlodipine. The patient had no history of any other chronic illnesses and was not on any other type of medication.",
            "groundtruth": "PD",
            "evidence": [
                "He was diagnosed with PD based on the Movement Disorder Society clinical diagnostic criteria [4]."
            ]
        },
        "multiround_dict": {
            "question": "I am A 62\u2009year-old male had displayed bradykinesia and tremor of his right limbs for one year, during which he was able to perform limited fine movements such as dressing himself, lacing up his shoes and brushing his teeth. His tremors were aggravated by nervousness and relieved when asleep. He had had a history of hypertension and took a daily dose of 5\u2009mg amlodipine. The patient had no history of any other chronic illnesses and was not on any other type of medication.. Could you consider all possible diseases based on my information? And then narrow down to a specific disease based on the examination? Only give me the disease name, and if there are different names for the same disease, list them separated by commas.",
            "groundtruth": "PD",
            "evidence": [
                "He was diagnosed with PD based on the Movement Disorder Society clinical diagnostic criteria [4]."
            ]
        }
    },
    "case report": {
        "1": {
            "question": " Describe the patient personal information.",
            "answer": " A 3 \u00bd year old female child.\n",
            "cleaned_answer": [
                "A 3 \u00bd year old female child."
            ],
            "cleaned_answer_idx": [
                0
            ]
        },
        "2": {
            "question": " Describe the patient experience.",
            "answer": " A 3 \u00bd year old female child having a productive cough and 5\u20136 episodes of the passage of loose stool for 2 days was taken to local hospital after she had sudden convulsion for about 2 minutes. At the hospital, she again had convulsion for 1\u20132 minutes and her heart rate dropped to 30 bpm. She was given atropine, dexamethasone, dextrose and per rectal choral hydrate at the local hospital (doses not known) and immediately referred to Renmin Hospital. She had no significant past medical history, drug sensitivity or allergies. On arrival she was conscious but lethargic and dyspnoeic.\n",
            "cleaned_answer": [
                "A 3 \u00bd year old female child having a productive cough and 5\u20136 episodes of the passage of loose stool for 2 days was taken to local hospital after she had sudden convulsion for about 2 minutes.",
                "At the hospital, she again had convulsion for 1\u20132 minutes and her heart rate dropped to 30 bpm.",
                "She was given atropine, dexamethasone, dextrose and per rectal choral hydrate at the local hospital (doses not known) and immediately referred to Renmin Hospital.",
                "She had no significant past medical history, drug sensitivity or allergies.",
                "On arrival she was conscious but lethargic and dyspnoeic."
            ],
            "cleaned_answer_idx": [
                0,
                1,
                2,
                3,
                4
            ]
        },
        "3": {
            "question": " Did you notice any symptoms, such as a fever, cough, or respiratory issues?",
            "answer": " A 3 \u00bd year old female child having a productive cough. On arrival she was conscious but lethargic and dyspnoeic. Her lips were cyanosed and she had pale and cold extremities. Chest examination showed b/l crackles.\n",
            "cleaned_answer": [
                "A 3 \u00bd year old female child having a productive cough.",
                "On arrival she was conscious but lethargic and dyspnoeic.",
                "Her lips were cyanosed and she had pale and cold extremities.",
                "Chest examination showed b/l crackles."
            ],
            "cleaned_answer_idx": [
                0,
                4,
                8,
                10
            ]
        },
        "4": {
            "question": " What's the diagnosis?",
            "answer": " Provisional diagnosis was acute fulminant myocarditis with bronchial pneumonia.\n",
            "cleaned_answer": [
                "Provisional diagnosis was acute fulminant myocarditis with bronchial pneumonia."
            ],
            "cleaned_answer_idx": [
                16
            ]
        },
        "5": {
            "question": " What's the direct evidence that points to this diagnosis?",
            "answer": " Electrocardiogram (ECG) showed- III\u00b0 atrio-ventricular (A-V) block; left anterior fascicular block, ST-T changes.\n",
            "cleaned_answer": [
                "Electrocardiogram (ECG) showed- III\u00b0 atrio-ventricular (A-V) block; left anterior fascicular block, ST-T changes."
            ],
            "cleaned_answer_idx": [
                12
            ]
        },
        "6": {
            "question": " What\u2019s the imaging (only provided the figure explanation here) suggest?",
            "answer": " $No$\n",
            "cleaned_answer": [
                "$No$"
            ],
            "cleaned_answer_idx": [
                "$$"
            ]
        },
        "7": {
            "question": " What\u2019s the examination suggest?",
            "answer": " Both pupils were round, 4mm and reactive to light. Neck and throat examination was normal. Chest examination showed b/l crackles and irregular heart rate with no murmurs. The abdomen was soft and non-tender. Electrocardiogram (ECG) showed- III\u00b0 atrio-ventricular (A-V) block; left anterior fascicular block, ST-T changes.\n",
            "cleaned_answer": [
                "Both pupils were round, 4mm and reactive to light.",
                "Neck and throat examination was normal.",
                "Chest examination showed b/l crackles and irregular heart rate with no murmurs.",
                "The abdomen was soft and non-tender.",
                "Electrocardiogram (ECG) showed- III\u00b0 atrio-ventricular (A-V) block; left anterior fascicular block, ST-T changes."
            ],
            "cleaned_answer_idx": [
                5,
                9,
                10,
                11,
                12
            ]
        },
        "8": {
            "question": " Is there any suggestion?",
            "answer": " $No$\u201d",
            "cleaned_answer": [
                "$No$\u201d"
            ],
            "cleaned_answer_idx": [
                "$$"
            ]
        },
        "oneround_dict": {
            "input": "A 3 \u00bd year old female child. A 3 \u00bd year old female child having a productive cough and 5\u20136 episodes of the passage of loose stool for 2 days was taken to local hospital after she had sudden convulsion for about 2 minutes. A 3 \u00bd year old female child having a productive cough. At the hospital, she again had convulsion for 1\u20132 minutes and her heart rate dropped to 30 bpm. She was given atropine, dexamethasone, dextrose and per rectal choral hydrate at the local hospital (doses not known) and immediately referred to Renmin Hospital. She had no significant past medical history, drug sensitivity or allergies. On arrival she was conscious but lethargic and dyspnoeic. Both pupils were round, 4mm and reactive to light. Her lips were cyanosed and she had pale and cold extremities. Neck and throat examination was normal. Chest examination showed b/l crackles. Chest examination showed b/l crackles and irregular heart rate with no murmurs. The abdomen was soft and non-tender. Electrocardiogram (ECG) showed- III\u00b0 atrio-ventricular (A-V) block; left anterior fascicular block, ST-T changes.",
            "groundtruth": "myocarditis, pneumonia",
            "evidence": [
                "Provisional diagnosis was acute fulminant myocarditis with bronchial pneumonia."
            ]
        },
        "multiround_dict": {
            "question1": "I am A 3 \u00bd year old female child. A 3 \u00bd year old female child having a productive cough and 5\u20136 episodes of the passage of loose stool for 2 days was taken to local hospital after she had sudden convulsion for about 2 minutes. A 3 \u00bd year old female child having a productive cough. At the hospital, she again had convulsion for 1\u20132 minutes and her heart rate dropped to 30 bpm. She was given atropine, dexamethasone, dextrose and per rectal choral hydrate at the local hospital (doses not known) and immediately referred to Renmin Hospital. She had no significant past medical history, drug sensitivity or allergies. On arrival she was conscious but lethargic and dyspnoeic. Her lips were cyanosed and she had pale and cold extremities. Chest examination showed b/l crackles.. Could you consider all possible diseases based on my information?",
            "question2": "I also have done some examination,Both pupils were round, 4mm and reactive to light. Neck and throat examination was normal. Chest examination showed b/l crackles and irregular heart rate with no murmurs. The abdomen was soft and non-tender. Electrocardiogram (ECG) showed- III\u00b0 atrio-ventricular (A-V) block; left anterior fascicular block, ST-T changes.. Could you narrow down to a specific disease based on the examination? Only give me the disease name, and if there are different names for the same disease, list them separated by commas.",
            "groundtruth": "myocarditis, pneumonia",
            "evidence": [
                "Provisional diagnosis was acute fulminant myocarditis with bronchial pneumonia."
            ]
        }
    }
}