{
    "case": {
        "1": {
            "question": " Describe the patient personal information.  ",
            "answer": " A 26-year-old female was admitted for MHL.\n",
            "cleaned_answer": [
                "A 26-year-old female was admitted for MHL."
            ],
            "cleaned_answer_idx": [
                0
            ]
        },
        "2": {
            "question": " Describe the patient experience.  ",
            "answer": " At the age of 16 months, a mass measuring 9 cm \u00d7 8 cm with multiple septations in the right lobe of the liver was noted during the assessment of abdominal distension using ultrasonography (US) and magnetic resonance imaging (MRI) (Fig. 1A, 1B). Based on these findings, the patient was diagnosed with MHL. However, the scheduled hepatic mass resection was cancelled due to an upper respiratory infection. Since this mass did not cause any symptoms, the patient underwent regular sonographic follow-up every 2 years until the age of 10 years. Subsequently, the patient was lost to follow-up. At the age of 26 years, the patient returned to our clinic with abdominal pain lasting for 6 weeks. Computed tomography (CT) revealed an increase in mass size to 12.9 cm \u00d7 8.3 cm and a newly developed peripheral enhancing lesion in its posterior portion measuring 6 cm (Fig. 1C). Follow-up MRI and 18F-fluorodeoxyglucose positron emission tomography (PET) could not exclude malignant transformation (Fig. 1D, 1E). In addition, enlarged lymph nodes (LN) in the hepatoduodenal ligament and portocaval space were also identified. Mass excision with segment 5 and 6 hepatic segmentectomy (non-anatomical) and en bloc hilar LN dissection was performed. The mass was approached via an upper midline incision, and a mass measuring 16 cm was excised with a part of segments 5 and 6 of the liver parenchyma. Intraoperative frozen biopsy of the hilar LN showed no evidence of a tumor. Histopathological examination of the mass measuring 12.0 cm \u00d7 11.0 cm \u00d7 8.0 cm confirmed the diagnosis of iCCA in the background of MHL, with a T2N0M0 pathological stage (stage II). Although lymphatic and venous invasions were noted, the resection margin was free from tumor cells. Immunohistochemical analysis revealed cytokeratin (CK) 19 and p40 positivity and loss of p53 expression; thus, the final diagnosis was iCCA with squamous differentiation (Fig. 2). The patient recovered well postoperatively; however, a biloma was observed at the resection site, which required percutaneous drainage for 29 days. Furthermore, adjuvant chemotherapy (5-fluorouracil, 810 mg, six cycles) was initiated on postoperative day 60. After surgery and adjuvant chemotherapy, the serum levels of CEA and CA 19-9 decreased to 1.6 U/mL and 7 ng/mL, respectively (Fig. 3).\n",
            "cleaned_answer": [
                "At the age of 16 months, a mass measuring 9 cm \u00d7 8 cm with multiple septations in the right lobe of the liver was noted during the assessment of abdominal distension using ultrasonography (US) and magnetic resonance imaging (MRI) (Fig.",
                "1A, 1B).",
                "Based on these findings, the patient was diagnosed with MHL.",
                "However, the scheduled hepatic mass resection was cancelled due to an upper respiratory infection.",
                "Since this mass did not cause any symptoms, the patient underwent regular sonographic follow-up every 2 years until the age of 10 years.",
                "Subsequently, the patient was lost to follow-up.",
                "At the age of 26 years, the patient returned to our clinic with abdominal pain lasting for 6 weeks.",
                "Computed tomography (CT) revealed an increase in mass size to 12.9 cm \u00d7 8.3 cm and a newly developed peripheral enhancing lesion in its posterior portion measuring 6 cm (Fig.",
                "1C).",
                "Follow-up MRI and 18F-fluorodeoxyglucose positron emission tomography (PET) could not exclude malignant transformation (Fig.",
                "1D, 1E).",
                "In addition, enlarged lymph nodes (LN) in the hepatoduodenal ligament and portocaval space were also identified.",
                "Mass excision with segment 5 and 6 hepatic segmentectomy (non-anatomical) and en bloc hilar LN dissection was performed.",
                "The mass was approached via an upper midline incision, and a mass measuring 16 cm was excised with a part of segments 5 and 6 of the liver parenchyma.",
                "Intraoperative frozen biopsy of the hilar LN showed no evidence of a tumor.",
                "Histopathological examination of the mass measuring 12.0 cm \u00d7 11.0 cm \u00d7 8.0 cm confirmed the diagnosis of iCCA in the background of MHL, with a T2N0M0 pathological stage (stage II).",
                "Although lymphatic and venous invasions were noted, the resection margin was free from tumor cells.",
                "Immunohistochemical analysis revealed cytokeratin (CK) 19 and p40 positivity and loss of p53 expression; thus, the final diagnosis was iCCA with squamous differentiation (Fig.",
                "2).",
                "The patient recovered well postoperatively; however, a biloma was observed at the resection site, which required percutaneous drainage for 29 days.",
                "Furthermore, adjuvant chemotherapy (5-fluorouracil, 810 mg, six cycles) was initiated on postoperative day 60.",
                "After surgery and adjuvant chemotherapy, the serum levels of CEA and CA 19-9 decreased to 1.6 U/mL and 7 ng/mL, respectively (Fig.",
                "3)."
            ],
            "cleaned_answer_idx": [
                1,
                2,
                3,
                6,
                7,
                8,
                9,
                10,
                11,
                12,
                13,
                14,
                18,
                19,
                20,
                21,
                22,
                23,
                0,
                25,
                26,
                27,
                5
            ]
        },
        "3": {
            "question": " Did you notice any symptoms, such as a fever, cough, or respiratory issues?  ",
            "answer": " However, the scheduled hepatic mass resection was cancelled due to an upper respiratory infection.\n",
            "cleaned_answer": [
                "However, the scheduled hepatic mass resection was cancelled due to an upper respiratory infection."
            ],
            "cleaned_answer_idx": [
                6
            ]
        },
        "4": {
            "question": " What's the diagnosis?  ",
            "answer": " Based on these findings, the patient was diagnosed with MHL. Histopathological examination of the mass measuring 12.0 cm \u00d7 11.0 cm \u00d7 8.0 cm confirmed the diagnosis of iCCA in the background of MHL, with a T2N0M0 pathological stage (stage II). Thus, the final diagnosis was iCCA with squamous differentiation (Fig. 2).\n",
            "cleaned_answer": [
                "Based on these findings, the patient was diagnosed with MHL.",
                "Histopathological examination of the mass measuring 12.0 cm \u00d7 11.0 cm \u00d7 8.0 cm confirmed the diagnosis of iCCA in the background of MHL, with a T2N0M0 pathological stage (stage II).",
                "Immunohistochemical analysis revealed cytokeratin (CK) 19 and p40 positivity and loss of p53 expression; thus, the final diagnosis was iCCA with squamous differentiation (Fig.",
                "2)."
            ],
            "cleaned_answer_idx": [
                3,
                21,
                28,
                0
            ]
        },
        "5": {
            "question": " What's the direct evidence that points to this diagnosis?  ",
            "answer": " Histopathological examination of the mass measuring 12.0 cm \u00d7 11.0 cm \u00d7 8.0 cm confirmed the diagnosis of iCCA in the background of MHL, with a T2N0M0 pathological stage (stage II). Immunohistochemical analysis revealed cytokeratin (CK) 19 and p40 positivity and loss of p53 expression; thus, the final diagnosis was iCCA with squamous differentiation (Fig. 2).\n",
            "cleaned_answer": [
                "Histopathological examination of the mass measuring 12.0 cm \u00d7 11.0 cm \u00d7 8.0 cm confirmed the diagnosis of iCCA in the background of MHL, with a T2N0M0 pathological stage (stage II).",
                "Immunohistochemical analysis revealed cytokeratin (CK) 19 and p40 positivity and loss of p53 expression; thus, the final diagnosis was iCCA with squamous differentiation (Fig.",
                "2)."
            ],
            "cleaned_answer_idx": [
                21,
                23,
                0
            ]
        },
        "6": {
            "question": " What\u2019s the imaging (only provided the figure explanation here) suggest?  ",
            "answer": " $No$\n",
            "cleaned_answer": [
                "$No$"
            ],
            "cleaned_answer_idx": [
                "$$"
            ]
        },
        "7": {
            "question": " What\u2019s the examination suggest?  ",
            "answer": " Intraoperative frozen biopsy of the hilar LN showed no evidence of a tumor.\n",
            "cleaned_answer": [
                "Intraoperative frozen biopsy of the hilar LN showed no evidence of a tumor."
            ],
            "cleaned_answer_idx": [
                20
            ]
        },
        "8": {
            "question": " Is there any suggestion?  ",
            "answer": " $No$\"",
            "cleaned_answer": [
                "$No$\""
            ],
            "cleaned_answer_idx": [
                "$$"
            ]
        },
        "oneround_dict": {
            "input": "A 26-year-old female was admitted for MHL. 2). At the age of 16 months, a mass measuring 9 cm \u00d7 8 cm with multiple septations in the right lobe of the liver was noted during the assessment of abdominal distension using ultrasonography (US) and magnetic resonance imaging (MRI) (Fig. 1A, 1B). <?>",
            "groundtruth": "MHL, iCCA, squamous differentiation",
            "evidence": [
                "Based on these findings, the patient was diagnosed with MHL.",
                "Histopathological examination of the mass measuring 12.0 cm \u00d7 11.0 cm \u00d7 8.0 cm confirmed the diagnosis of iCCA in the background of MHL, with a T2N0M0 pathological stage (stage II).",
                "Immunohistochemical analysis revealed cytokeratin (CK) 19 and p40 positivity and loss of p53 expression; thus, the final diagnosis was iCCA with squamous differentiation (Fig.",
                "2)."
            ]
        },
        "multiround_dict": {
            "question1": "I am A 26-year-old female was admitted for MHL. 2). At the age of 16 months, a mass measuring 9 cm \u00d7 8 cm with multiple septations in the right lobe of the liver was noted during the assessment of abdominal distension using ultrasonography (US) and magnetic resonance imaging (MRI) (Fig. 1A, 1B). <?>. Could you consider all possible diseases based on my information?",
            "question2": "I also have done some examination,2).. Could you narrow down to a specific disease based on the examination? Only give me the disease name, and if there are different names for the same disease, list them separated by commas.",
            "groundtruth": "MHL, iCCA, squamous differentiation",
            "evidence": [
                "Based on these findings, the patient was diagnosed with MHL.",
                "Histopathological examination of the mass measuring 12.0 cm \u00d7 11.0 cm \u00d7 8.0 cm confirmed the diagnosis of iCCA in the background of MHL, with a T2N0M0 pathological stage (stage II).",
                "Immunohistochemical analysis revealed cytokeratin (CK) 19 and p40 positivity and loss of p53 expression; thus, the final diagnosis was iCCA with squamous differentiation (Fig.",
                "2)."
            ]
        }
    },
    "case report": {
        "1": {
            "question": " Describe the patient personal information.  ",
            "answer": " An otherwise healthy 15-year-old Indian-American female.\n",
            "cleaned_answer": [
                "An otherwise healthy 15-year-old Indian-American female."
            ],
            "cleaned_answer_idx": [
                0
            ]
        },
        "2": {
            "question": " Describe the patient experience.  ",
            "answer": " The affected areas were asymptomatic and without scaling or redness.\n",
            "cleaned_answer": [
                "The affected areas were asymptomatic and without scaling or redness."
            ],
            "cleaned_answer_idx": [
                1
            ]
        },
        "3": {
            "question": " Did you notice any symptoms, such as a fever, cough, or respiratory issues?  ",
            "answer": " $No$\n",
            "cleaned_answer": [
                "$No$"
            ],
            "cleaned_answer_idx": [
                3
            ]
        },
        "4": {
            "question": " What's the diagnosis?  ",
            "answer": " Based on this combination of histological and clinical data, the patient was diagnosed with Progressive Macular Hypomelanosis (PMH).\n",
            "cleaned_answer": [
                "Based on this combination of histological and clinical data, the patient was diagnosed with Progressive Macular Hypomelanosis (PMH)."
            ],
            "cleaned_answer_idx": [
                13
            ]
        },
        "5": {
            "question": " What's the direct evidence that points to this diagnosis?  ",
            "answer": " Special stains revealed a normal number of epidermal melanocytes, helping to rule out vitiligo. The presence of basal layer pigment also helped to rule out chemical leukoderma.\n",
            "cleaned_answer": [
                "Special stains revealed a normal number of epidermal melanocytes, helping to rule out vitiligo.",
                "The presence of basal layer pigment also helped to rule out chemical leukoderma."
            ],
            "cleaned_answer_idx": [
                11,
                12
            ]
        },
        "6": {
            "question": " What\u2019s the imaging (only provided the figure explanation here) suggest?  ",
            "answer": " $No$\n",
            "cleaned_answer": [
                "$No$"
            ],
            "cleaned_answer_idx": [
                3
            ]
        },
        "7": {
            "question": " What\u2019s the examination suggest?  ",
            "answer": " Physical examination showed ill-defined, irregular patches of hypopigmentation, mainly on the lower back and posterior thighs (Figure 1).\n",
            "cleaned_answer": [
                "Physical examination showed ill-defined, irregular patches of hypopigmentation, mainly on the lower back and posterior thighs (Figure 1)."
            ],
            "cleaned_answer_idx": [
                5
            ]
        },
        "8": {
            "question": " Is there any suggestion?  ",
            "answer": " $No$\u201d",
            "cleaned_answer": [
                "$No$\u201d"
            ],
            "cleaned_answer_idx": [
                3
            ]
        },
        "oneround_dict": {
            "input": "An otherwise healthy 15-year-old Indian-American female. The affected areas were asymptomatic and without scaling or redness. $No$ Physical examination showed ill-defined, irregular patches of hypopigmentation, mainly on the lower back and posterior thighs (Figure 1). Special stains revealed a normal number of epidermal melanocytes, helping to rule out vitiligo. The presence of basal layer pigment also helped to rule out chemical leukoderma.",
            "groundtruth": "Progressive Macular Hypomelanosis",
            "evidence": [
                "Based on this combination of histological and clinical data, the patient was diagnosed with Progressive Macular Hypomelanosis (PMH)."
            ]
        },
        "multiround_dict": {
            "question1": "I am An otherwise healthy 15-year-old Indian-American female. The affected areas were asymptomatic and without scaling or redness. . Could you consider all possible diseases based on my information?",
            "question2": "I also have done some examination, Physical examination showed ill-defined, irregular patches of hypopigmentation, mainly on the lower back and posterior thighs (Figure 1). Special stains revealed a normal number of epidermal melanocytes, helping to rule out vitiligo. The presence of basal layer pigment also helped to rule out chemical leukoderma.. Could you narrow down to a specific disease based on the examination? Only give me the disease name, and if there are different names for the same disease, list them separated by commas.",
            "groundtruth": "Progressive Macular Hypomelanosis",
            "evidence": [
                "Based on this combination of histological and clinical data, the patient was diagnosed with Progressive Macular Hypomelanosis (PMH)."
            ]
        }
    },
    "2. case presentation": {
        "1": {
            "question": " Describe the patient personal information.  ",
            "answer": " A 20-year-old primigravida was referred to the Gynecology and Obstetrics Service of the University Hospital of the Federal University of Maranh\u00e3o (UFMA).  \n",
            "cleaned_answer": [
                "A 20-year-old primigravida was referred to the Gynecology and Obstetrics Service of the University Hospital of the Federal University of Maranh\u00e3o (UFMA)."
            ],
            "cleaned_answer_idx": [
                0
            ]
        },
        "2": {
            "question": " Describe the patient experience.  ",
            "answer": " A 2DUS examination performed in our institution revealed pregnancy of 23 weeks and 4 days, with a female fetus presenting a bulky solid mass with cystic components and calcifications, measuring 7.7 \u00d7 9.1 \u00d7 12.2\u2009cm, starting from the sacral region, with internal flow seen on color Doppler (Figure 1). 3DUS was performed using the Voluson 730 Pro apparatus (General Electric Medical System, Zipf, Austria), with a volumetric convex transducer (RAB 4\u20138L) in rendering mode. This clearly showed the spatial relationships between the mass and the fetal pelvis and made it possible for the parents to understand the pathological condition better (Figure 2). A new ultrasound examination confirmed that fetal death occurred at 25 weeks and 4 days of pregnancy, due to hydrops. The postnatal macroscopic findings confirmed the diagnosis of sacrococcygeal teratoma (Figure 3).  \n",
            "cleaned_answer": [
                "A 2DUS examination performed in our institution revealed pregnancy of 23 weeks and 4 days, with a female fetus presenting a bulky solid mass with cystic components and calcifications, measuring 7.7 \u00d7 9.1 \u00d7 12.2\u2009cm, starting from the sacral region, with internal flow seen on color Doppler (Figure 1).",
                "3DUS was performed using the Voluson 730 Pro apparatus (General Electric Medical System, Zipf, Austria), with a volumetric convex transducer (RAB 4\u20138L) in rendering mode.",
                "This clearly showed the spatial relationships between the mass and the fetal pelvis and made it possible for the parents to understand the pathological condition better (Figure 2).",
                "A new ultrasound examination confirmed that fetal death occurred at 25 weeks and 4 days of pregnancy, due to hydrops.",
                "The postnatal macroscopic findings confirmed the diagnosis of sacrococcygeal teratoma (Figure 3)."
            ],
            "cleaned_answer_idx": [
                1,
                2,
                3,
                4,
                5
            ]
        },
        "3": {
            "question": " Did you notice any symptoms, such as a fever, cough, or respiratory issues?  ",
            "answer": " $No$  \n",
            "cleaned_answer": [
                "$No$"
            ],
            "cleaned_answer_idx": [
                "$$"
            ]
        },
        "4": {
            "question": " What's the diagnosis?  ",
            "answer": " The postnatal macroscopic findings confirmed the diagnosis of sacrococcygeal teratoma (Figure 3).  \n",
            "cleaned_answer": [
                "The postnatal macroscopic findings confirmed the diagnosis of sacrococcygeal teratoma (Figure 3)."
            ],
            "cleaned_answer_idx": [
                5
            ]
        },
        "5": {
            "question": " What's the direct evidence that points to this diagnosis?  ",
            "answer": " A 2DUS examination performed in our institution revealed pregnancy of 23 weeks and 4 days, with a female fetus presenting a bulky solid mass with cystic components and calcifications, measuring 7.7 \u00d7 9.1 \u00d7 12.2\u2009cm, starting from the sacral region, with internal flow seen on color Doppler (Figure 1). The postnatal macroscopic findings confirmed the diagnosis of sacrococcygeal teratoma (Figure 3).  \n",
            "cleaned_answer": [
                "A 2DUS examination performed in our institution revealed pregnancy of 23 weeks and 4 days, with a female fetus presenting a bulky solid mass with cystic components and calcifications, measuring 7.7 \u00d7 9.1 \u00d7 12.2\u2009cm, starting from the sacral region, with internal flow seen on color Doppler (Figure 1).",
                "The postnatal macroscopic findings confirmed the diagnosis of sacrococcygeal teratoma (Figure 3)."
            ],
            "cleaned_answer_idx": [
                1,
                5
            ]
        },
        "6": {
            "question": " What\u2019s the imaging (only provided the figure explanation here) suggest?  ",
            "answer": " This clearly showed the spatial relationships between the mass and the fetal pelvis and made it possible for the parents to understand the pathological condition better (Figure 2).  \n",
            "cleaned_answer": [
                "This clearly showed the spatial relationships between the mass and the fetal pelvis and made it possible for the parents to understand the pathological condition better (Figure 2)."
            ],
            "cleaned_answer_idx": [
                3
            ]
        },
        "7": {
            "question": " What\u2019s the examination suggest?  ",
            "answer": " A 2DUS examination performed in our institution revealed pregnancy of 23 weeks and 4 days, with a female fetus presenting a bulky solid mass with cystic components and calcifications, measuring 7.7 \u00d7 9.1 \u00d7 12.2\u2009cm, starting from the sacral region, with internal flow seen on color Doppler (Figure 1). \n",
            "cleaned_answer": [
                "A 2DUS examination performed in our institution revealed pregnancy of 23 weeks and 4 days, with a female fetus presenting a bulky solid mass with cystic components and calcifications, measuring 7.7 \u00d7 9.1 \u00d7 12.2\u2009cm, starting from the sacral region, with internal flow seen on color Doppler (Figure 1)."
            ],
            "cleaned_answer_idx": [
                1
            ]
        },
        "8": {
            "question": " Is there any suggestion?  ",
            "answer": " $No$\u201d",
            "cleaned_answer": [
                "$No$\u201d"
            ],
            "cleaned_answer_idx": [
                "$$"
            ]
        },
        "oneround_dict": {
            "input": "A 20-year-old primigravida was referred to the Gynecology and Obstetrics Service of the University Hospital of the Federal University of Maranh\u00e3o (UFMA). A 2DUS examination performed in our institution revealed pregnancy of 23 weeks and 4 days, with a female fetus presenting a bulky solid mass with cystic components and calcifications, measuring 7.7 \u00d7 9.1 \u00d7 12.2\u2009cm, starting from the sacral region, with internal flow seen on color Doppler (Figure 1). 3DUS was performed using the Voluson 730 Pro apparatus (General Electric Medical System, Zipf, Austria), with a volumetric convex transducer (RAB 4\u20138L) in rendering mode. This clearly showed the spatial relationships between the mass and the fetal pelvis and made it possible for the parents to understand the pathological condition better (Figure 2). A new ultrasound examination confirmed that fetal death occurred at 25 weeks and 4 days of pregnancy, due to hydrops. <?>",
            "groundtruth": "Sacrococcygeal teratoma",
            "evidence": [
                "The postnatal macroscopic findings confirmed the diagnosis of sacrococcygeal teratoma (Figure 3)."
            ]
        },
        "multiround_dict": {
            "question1": "I am A 20-year-old primigravida was referred to the Gynecology and Obstetrics Service of the University Hospital of the Federal University of Maranh\u00e3o (UFMA). A 2DUS examination performed in our institution revealed pregnancy of 23 weeks and 4 days, with a female fetus presenting a bulky solid mass with cystic components and calcifications, measuring 7.7 \u00d7 9.1 \u00d7 12.2\u2009cm, starting from the sacral region, with internal flow seen on color Doppler (Figure 1). 3DUS was performed using the Voluson 730 Pro apparatus (General Electric Medical System, Zipf, Austria), with a volumetric convex transducer (RAB 4\u20138L) in rendering mode. This clearly showed the spatial relationships between the mass and the fetal pelvis and made it possible for the parents to understand the pathological condition better (Figure 2). A new ultrasound examination confirmed that fetal death occurred at 25 weeks and 4 days of pregnancy, due to hydrops. <?>. Could you consider all possible diseases based on my information?",
            "question2": "I also have done some examination,A 2DUS examination performed in our institution revealed pregnancy of 23 weeks and 4 days, with a female fetus presenting a bulky solid mass with cystic components and calcifications, measuring 7.7 \u00d7 9.1 \u00d7 12.2\u2009cm, starting from the sacral region, with internal flow seen on color Doppler (Figure 1). This clearly showed the spatial relationships between the mass and the fetal pelvis and made it possible for the parents to understand the pathological condition better (Figure 2). <?>. Could you narrow down to a specific disease based on the examination? Only give me the disease name, and if there are different names for the same disease, list them separated by commas.",
            "groundtruth": "Sacrococcygeal teratoma",
            "evidence": [
                "The postnatal macroscopic findings confirmed the diagnosis of sacrococcygeal teratoma (Figure 3)."
            ]
        }
    },
    "case description": {
        "1": {
            "question": " Describe the patient personal information.  ",
            "answer": " A 75\u2010year\u2010old man \n",
            "cleaned_answer": [
                "A 75\u2010year\u2010old man"
            ],
            "cleaned_answer_idx": [
                0
            ]
        },
        "2": {
            "question": " Describe the patient experience.  ",
            "answer": " A 75\u2010year\u2010old man presented with an immediately threatened grade IIb acute ischemia of the left leg due to thrombosis of a femoro\u2010infrapopliteal prosthetic bypass graft. After an urgent computed tomography angiography, an urgent graft thrombectomy was performed using a 5 Fr Fogarty catheter, which had a troublesome distal passage. The leg recovered normal motor and sensory function. Surprisingly, a handheld Doppler device obtained a continuous machinery bruit in the anterior tibial artery/veins, suggesting an arteriovenous fistula, which was depicted in a subsequent digital subtraction angiography and a color duplex examination (Video\u00a0S1). Most likely, the Fogarty catheter had unintentionally perforated the anterior tibial artery passing into one of the adjacent anterior tibial veins. The patient was managed conservatively, and the arteriovenous fistula was found to be spontaneously thrombosed in a three\u2010month follow\u2010up (Video\u00a0S1).\n",
            "cleaned_answer": [
                "A 75\u2010year\u2010old man presented with an immediately threatened grade IIb acute ischemia of the left leg due to thrombosis of a femoro\u2010infrapopliteal prosthetic bypass graft.",
                "After an urgent computed tomography angiography, an urgent graft thrombectomy was performed using a 5 Fr Fogarty catheter, which had a troublesome distal passage.",
                "The leg recovered normal motor and sensory function.",
                "Surprisingly, a handheld Doppler device obtained a continuous machinery bruit in the anterior tibial artery/veins, suggesting an arteriovenous fistula, which was depicted in a subsequent digital subtraction angiography and a color duplex examination (Video\u00a0S1).",
                "Most likely, the Fogarty catheter had unintentionally perforated the anterior tibial artery passing into one of the adjacent anterior tibial veins.",
                "The patient was managed conservatively, and the arteriovenous fistula was found to be spontaneously thrombosed in a three\u2010month follow\u2010up (Video\u00a0S1)."
            ],
            "cleaned_answer_idx": [
                0,
                1,
                2,
                3,
                4,
                5
            ]
        },
        "3": {
            "question": " Did you notice any symptoms, such as a fever, cough, or respiratory issues?  ",
            "answer": " $No$\n",
            "cleaned_answer": [
                "$No$"
            ],
            "cleaned_answer_idx": [
                "$$"
            ]
        },
        "4": {
            "question": " What's the diagnosis?  ",
            "answer": " An arteriovenous fistula, which was depicted in a subsequent digital subtraction angiography and a color duplex examination\n",
            "cleaned_answer": [
                "Surprisingly, a handheld Doppler device obtained a continuous machinery bruit in the anterior tibial artery/veins, suggesting an arteriovenous fistula, which was depicted in a subsequent digital subtraction angiography and a color duplex examination (Video\u00a0S1)."
            ],
            "cleaned_answer_idx": [
                5
            ]
        },
        "5": {
            "question": " What's the direct evidence that points to this diagnosis?  ",
            "answer": " A handheld Doppler device obtained a continuous machinery bruit in the anterior tibial artery/veins\n",
            "cleaned_answer": [
                "Surprisingly, a handheld Doppler device obtained a continuous machinery bruit in the anterior tibial artery/veins, suggesting an arteriovenous fistula, which was depicted in a subsequent digital subtraction angiography and a color duplex examination (Video\u00a0S1)."
            ],
            "cleaned_answer_idx": [
                5
            ]
        },
        "6": {
            "question": " What\u2019s the imaging (only provided the figure explanation here) suggest?  ",
            "answer": " which was depicted in a subsequent digital subtraction angiography\n",
            "cleaned_answer": [
                "which was depicted in a subsequent digital subtraction angiography"
            ],
            "cleaned_answer_idx": [
                3
            ]
        },
        "7": {
            "question": " What\u2019s the examination suggest?  ",
            "answer": " and a color duplex examination\n",
            "cleaned_answer": [
                "and a color duplex examination"
            ],
            "cleaned_answer_idx": [
                3
            ]
        },
        "8": {
            "question": " Is there any suggestion?  ",
            "answer": " Most likely, the Fogarty catheter had unintentionally perforated the anterior tibial artery passing into one of the adjacent anterior tibial veins.\u201d",
            "cleaned_answer": [
                "Most likely, the Fogarty catheter had unintentionally perforated the anterior tibial artery passing into one of the adjacent anterior tibial veins.\u201d"
            ],
            "cleaned_answer_idx": [
                4
            ]
        },
        "oneround_dict": {
            "input": "A 75\u2010year\u2010old man A 75\u2010year\u2010old man presented with an immediately threatened grade IIb acute ischemia of the left leg due to thrombosis of a femoro\u2010infrapopliteal prosthetic bypass graft. After an urgent computed tomography angiography, an urgent graft thrombectomy was performed using a 5 Fr Fogarty catheter, which had a troublesome distal passage. The leg recovered normal motor and sensory function. <?> which was depicted in a subsequent digital subtraction angiography and a color duplex examination Most likely, the Fogarty catheter had unintentionally perforated the anterior tibial artery passing into one of the adjacent anterior tibial veins. The patient was managed conservatively, and the arteriovenous fistula was found to be spontaneously thrombosed in a three\u2010month follow\u2010up (Video\u00a0S1). <?>",
            "groundtruth": "fistula",
            "evidence": [
                "Surprisingly, a handheld Doppler device obtained a continuous machinery bruit in the anterior tibial artery/veins, suggesting an arteriovenous fistula, which was depicted in a subsequent digital subtraction angiography and a color duplex examination (Video\u00a0S1)."
            ]
        },
        "multiround_dict": {
            "question1": "I am A 75\u2010year\u2010old man A 75\u2010year\u2010old man presented with an immediately threatened grade IIb acute ischemia of the left leg due to thrombosis of a femoro\u2010infrapopliteal prosthetic bypass graft. After an urgent computed tomography angiography, an urgent graft thrombectomy was performed using a 5 Fr Fogarty catheter, which had a troublesome distal passage. The leg recovered normal motor and sensory function. <?> Most likely, the Fogarty catheter had unintentionally perforated the anterior tibial artery passing into one of the adjacent anterior tibial veins. The patient was managed conservatively, and the arteriovenous fistula was found to be spontaneously thrombosed in a three\u2010month follow\u2010up (Video\u00a0S1).. Could you consider all possible diseases based on my information?",
            "question2": "I also have done some examination,which was depicted in a subsequent digital subtraction angiography and a color duplex examination <?>. Could you narrow down to a specific disease based on the examination? Only give me the disease name, and if there are different names for the same disease, list them separated by commas.",
            "groundtruth": "fistula",
            "evidence": [
                "Surprisingly, a handheld Doppler device obtained a continuous machinery bruit in the anterior tibial artery/veins, suggesting an arteriovenous fistula, which was depicted in a subsequent digital subtraction angiography and a color duplex examination (Video\u00a0S1)."
            ]
        }
    },
    "case 2": {
        "1": {
            "question": " Describe the patient personal information.  ",
            "answer": " A 68-year-old never-smoking female was referred to our outpatient clinic due to the stage IV lung adenocarcinoma, with involvement of the right supraclavicular lymph nodes and pelvic bones.\n",
            "cleaned_answer": [
                "A 68-year-old never-smoking female was referred to our outpatient clinic due to the stage IV lung adenocarcinoma, with involvement of the right supraclavicular lymph nodes and pelvic bones."
            ],
            "cleaned_answer_idx": [
                0
            ]
        },
        "2": {
            "question": " Describe the patient experience.  ",
            "answer": " Cisplatin and pemetrexed were used as the 1st line treatment (from December 2010 to March 2011). Due to progression of the lesion in the right lung, the patient received four cycles of docetaxel (from July 2012 to September 2012) and, subsequently, the palliative radiation to the chest in February 2013.\n",
            "cleaned_answer": [
                "Cisplatin and pemetrexed were used as the 1st line treatment (from December 2010 to March 2011).",
                "Due to progression of the lesion in the right lung, the patient received four cycles of docetaxel (from July 2012 to September 2012) and, subsequently, the palliative radiation to the chest in February 2013."
            ],
            "cleaned_answer_idx": [
                3,
                4
            ]
        },
        "3": {
            "question": " Did you notice any symptoms, such as a fever, cough, or respiratory issues?  ",
            "answer": " $No$\n",
            "cleaned_answer": [
                "$No$"
            ],
            "cleaned_answer_idx": [
                "$$"
            ]
        },
        "4": {
            "question": " What's the diagnosis?  ",
            "answer": " Stage IV lung adenocarcinoma\n",
            "cleaned_answer": [
                "A\u00a068-year-old never-smoking female was referred to our outpatient clinic due to the stage IV lung adenocarcinoma, with involvement of the right supraclavicular lymph nodes and pelvic bones."
            ],
            "cleaned_answer_idx": [
                4
            ]
        },
        "5": {
            "question": " What's the direct evidence that points to this diagnosis?  ",
            "answer": " Microscopic diagnosis was obtained via bronchoscopic biopsy and further confirmed by histologic examination of the tissue material form core needle biopsy of the supraclavicular node.\n",
            "cleaned_answer": [
                "Microscopic diagnosis was obtained via bronchoscopic biopsy and further confirmed by histologic examination of the tissue material form core needle biopsy of the supraclavicular node."
            ],
            "cleaned_answer_idx": [
                1
            ]
        },
        "6": {
            "question": " What\u2019s the imaging (only provided the figure explanation here) suggest?  ",
            "answer": " $No$\n",
            "cleaned_answer": [
                "$No$"
            ],
            "cleaned_answer_idx": [
                "$$"
            ]
        },
        "7": {
            "question": " What\u2019s the examination suggest?  ",
            "answer": " $No$\n",
            "cleaned_answer": [
                "$No$"
            ],
            "cleaned_answer_idx": [
                "$$"
            ]
        },
        "8": {
            "question": " Is there any suggestion?  ",
            "answer": " $No$\u201d",
            "cleaned_answer": [
                "$No$\u201d"
            ],
            "cleaned_answer_idx": [
                "$$"
            ]
        },
        "oneround_dict": {
            "input": "A 68-year-old never-smoking female was referred to our outpatient clinic due to the stage IV lung adenocarcinoma, with involvement of the right supraclavicular lymph nodes and pelvic bones. Microscopic diagnosis was obtained via bronchoscopic biopsy and further confirmed by histologic examination of the tissue material form core needle biopsy of the supraclavicular node. Cisplatin and pemetrexed were used as the 1st line treatment (from December 2010 to March 2011). Due to progression of the lesion in the right lung, the patient received four cycles of docetaxel (from July 2012 to September 2012) and, subsequently, the palliative radiation to the chest in February 2013.",
            "groundtruth": "adenocarcinoma",
            "evidence": [
                "A\u00a068-year-old never-smoking female was referred to our outpatient clinic due to the stage IV lung adenocarcinoma, with involvement of the right supraclavicular lymph nodes and pelvic bones."
            ]
        },
        "multiround_dict": {
            "question1": "I am A 68-year-old never-smoking female was referred to our outpatient clinic due to the stage IV lung adenocarcinoma, with involvement of the right supraclavicular lymph nodes and pelvic bones. Cisplatin and pemetrexed were used as the 1st line treatment (from December 2010 to March 2011). Due to progression of the lesion in the right lung, the patient received four cycles of docetaxel (from July 2012 to September 2012) and, subsequently, the palliative radiation to the chest in February 2013.. Could you consider all possible diseases based on my information?",
            "question2": "I also have done some examination,Microscopic diagnosis was obtained via bronchoscopic biopsy and further confirmed by histologic examination of the tissue material form core needle biopsy of the supraclavicular node.. Could you narrow down to a specific disease based on the examination? Only give me the disease name, and if there are different names for the same disease, list them separated by commas.",
            "groundtruth": "adenocarcinoma",
            "evidence": [
                "A\u00a068-year-old never-smoking female was referred to our outpatient clinic due to the stage IV lung adenocarcinoma, with involvement of the right supraclavicular lymph nodes and pelvic bones."
            ]
        }
    },
    "case 2: psp with small stepping gait (modified hoehn and yahr scale: 3)": {
        "1": {
            "question": " Describe the patient personal information.  ",
            "answer": " The participant was selected for the continuous intervention based on these assessments.\n",
            "cleaned_answer": [
                "The participant was selected for the continuous intervention based on these assessments."
            ],
            "cleaned_answer_idx": [
                4
            ]
        },
        "2": {
            "question": " Describe the patient experience.  ",
            "answer": " The results showed that step lengths were increased, as indicated by the decreased number of steps while/after wearing the HAL unit. The results showed that the effects persisted when not wearing the HAL unit.\n",
            "cleaned_answer": [
                "The results showed that step lengths were increased, as indicated by the decreased number of steps while/after wearing the HAL unit.",
                "The results showed that the effects persisted when not wearing the HAL unit."
            ],
            "cleaned_answer_idx": [
                3,
                11
            ]
        },
        "3": {
            "question": " Did you notice any symptoms, such as a fever, cough, or respiratory issues?  ",
            "answer": " $No$\n",
            "cleaned_answer": [
                "$No$"
            ],
            "cleaned_answer_idx": [
                "$$"
            ]
        },
        "4": {
            "question": " What's the diagnosis?  ",
            "answer": " Figure 4Experimental results of continuous intervention for Case 2 (progressive supranuclear palsy\u2013pure akinesia with gait freezing).\n",
            "cleaned_answer": [
                "Figure 4Experimental results of continuous intervention for Case 2 (progressive supranuclear palsy\u2013pure akinesia with gait freezing)."
            ],
            "cleaned_answer_idx": [
                11
            ]
        },
        "5": {
            "question": " What's the direct evidence that points to this diagnosis?  ",
            "answer": " $No$\n",
            "cleaned_answer": [
                "$No$"
            ],
            "cleaned_answer_idx": [
                "$$"
            ]
        },
        "6": {
            "question": " What\u2019s the imaging (only provided the figure explanation here) suggest?  ",
            "answer": " $No$\n",
            "cleaned_answer": [
                "$No$"
            ],
            "cleaned_answer_idx": [
                "$$"
            ]
        },
        "7": {
            "question": " What\u2019s the examination suggest?  ",
            "answer": " The results showed that step lengths were increased, as indicated by the decreased number of steps while/after wearing the HAL unit. The results showed that the effects persisted when not wearing the HAL unit.\n",
            "cleaned_answer": [
                "The results showed that step lengths were increased, as indicated by the decreased number of steps while/after wearing the HAL unit.",
                "The results showed that the effects persisted when not wearing the HAL unit."
            ],
            "cleaned_answer_idx": [
                3,
                11
            ]
        },
        "8": {
            "question": " Is there any suggestion?  ",
            "answer": " $No$\u201d",
            "cleaned_answer": [
                "$No$\u201d"
            ],
            "cleaned_answer_idx": [
                "$$"
            ]
        },
        "oneround_dict": {
            "input": "The results showed that step lengths were increased, as indicated by the decreased number of steps while/after wearing the HAL unit. The participant was selected for the continuous intervention based on these assessments. The results showed that the effects persisted when not wearing the HAL unit.",
            "groundtruth": "progressive supranuclear palsy\u2013pure akinesia with gait freezing",
            "evidence": [
                "Figure 4Experimental results of continuous intervention for Case 2 (progressive supranuclear palsy\u2013pure akinesia with gait freezing)."
            ]
        },
        "multiround_dict": {
            "question1": "I am The results showed that step lengths were increased, as indicated by the decreased number of steps while/after wearing the HAL unit. The participant was selected for the continuous intervention based on these assessments. The results showed that the effects persisted when not wearing the HAL unit.. Could you consider all possible diseases based on my information?",
            "question2": "I also have done some examination,The results showed that step lengths were increased, as indicated by the decreased number of steps while/after wearing the HAL unit. The results showed that the effects persisted when not wearing the HAL unit.. Could you narrow down to a specific disease based on the examination? Only give me the disease name, and if there are different names for the same disease, list them separated by commas.",
            "groundtruth": "progressive supranuclear palsy\u2013pure akinesia with gait freezing",
            "evidence": [
                "Figure 4Experimental results of continuous intervention for Case 2 (progressive supranuclear palsy\u2013pure akinesia with gait freezing)."
            ]
        }
    },
    "2. case report": {
        "1": {
            "question": " Describe the patient personal information.",
            "answer": " An 8-year-old medically fit boy was referred to the dental center at Riyadh Elm University Hospital, Riyadh, Saudi Arabia, for management of immature permanent mandibular first molar.\n",
            "cleaned_answer": [
                "An 8-year-old medically fit boy was referred to the dental center at Riyadh Elm University Hospital, Riyadh, Saudi Arabia, for management of immature permanent mandibular first molar."
            ],
            "cleaned_answer_idx": [
                0
            ]
        },
        "2": {
            "question": " Describe the patient experience.",
            "answer": " A diagnosis of necrotic pulp with asymptomatic apical periodontitis was reached. Among the various treatment options, REP was suggested as the best possible option. Benefits and risks of REP were fully explained to the patient and his mother, and the consent was obtained for the procedure.\n",
            "cleaned_answer": [
                "A diagnosis of necrotic pulp with asymptomatic apical periodontitis was reached.",
                "Among the various treatment options, REP was suggested as the best possible option.",
                "Benefits and risks of REP were fully explained to the patient and his mother, and the consent was obtained for the procedure."
            ],
            "cleaned_answer_idx": [
                5,
                6,
                7
            ]
        },
        "3": {
            "question": " Did you notice any symptoms, such as a fever, cough, or respiratory issues?",
            "answer": " $No$\n",
            "cleaned_answer": [
                "$No$"
            ],
            "cleaned_answer_idx": [
                "$$"
            ]
        },
        "4": {
            "question": " What's the diagnosis?",
            "answer": " A diagnosis of necrotic pulp with asymptomatic apical periodontitis was reached.\n",
            "cleaned_answer": [
                "A diagnosis of necrotic pulp with asymptomatic apical periodontitis was reached."
            ],
            "cleaned_answer_idx": [
                5
            ]
        },
        "5": {
            "question": " What's the direct evidence that points to this diagnosis?",
            "answer": " Clinical examination revealed extensive caries on the occlusal and distal sides without sensitivity to percussion and palpation. Vitality test with Endo-Frost cold spray (Roeko; Coltene Whaledent, Langenau, Germany) resulted in a negative response. Periodontal probings were within the normal limits (<3\u2009mm around the tooth) and no mobility was seen. Radiographic examination revealed that the tooth had immature roots with periapical radiolucency.\n",
            "cleaned_answer": [
                "Clinical examination revealed extensive caries on the occlusal and distal sides without sensitivity to percussion and palpation.",
                "Vitality test with Endo-Frost cold spray (Roeko; Coltene Whaledent, Langenau, Germany) resulted in a negative response.",
                "Periodontal probings were within the normal limits (<3\u2009mm around the tooth) and no mobility was seen.",
                "Radiographic examination revealed that the tooth had immature roots with periapical radiolucency."
            ],
            "cleaned_answer_idx": [
                1,
                2,
                3,
                4
            ]
        },
        "6": {
            "question": " What\u2019s the imaging (only provided the figure explanation here) suggest?",
            "answer": " Radiographic examination revealed that the tooth had immature roots with periapical radiolucency (Figure 1(a)).\n",
            "cleaned_answer": [
                "Radiographic examination revealed that the tooth had immature roots with periapical radiolucency (Figure 1(a))."
            ],
            "cleaned_answer_idx": [
                4
            ]
        },
        "7": {
            "question": " What\u2019s the examination suggest?",
            "answer": " Clinical examination revealed extensive caries on the occlusal and distal sides without sensitivity to percussion and palpation. Vitality test with Endo-Frost cold spray (Roeko; Coltene Whaledent, Langenau, Germany) resulted in a negative response. Periodontal probings were within the normal limits (<3\u2009mm around the tooth) and no mobility was seen.\n",
            "cleaned_answer": [
                "Clinical examination revealed extensive caries on the occlusal and distal sides without sensitivity to percussion and palpation.",
                "Vitality test with Endo-Frost cold spray (Roeko; Coltene Whaledent, Langenau, Germany) resulted in a negative response.",
                "Periodontal probings were within the normal limits (<3\u2009mm around the tooth) and no mobility was seen."
            ],
            "cleaned_answer_idx": [
                1,
                2,
                3
            ]
        },
        "8": {
            "question": " Is there any suggestion?",
            "answer": " Among the various treatment options, REP was suggested as the best possible option.\u201d",
            "cleaned_answer": [
                "Among the various treatment options, REP was suggested as the best possible option.\u201d"
            ],
            "cleaned_answer_idx": [
                6
            ]
        },
        "oneround_dict": {
            "input": "An 8-year-old medically fit boy was referred to the dental center at Riyadh Elm University Hospital, Riyadh, Saudi Arabia, for management of immature permanent mandibular first molar. Clinical examination revealed extensive caries on the occlusal and distal sides without sensitivity to percussion and palpation. Vitality test with Endo-Frost cold spray (Roeko; Coltene Whaledent, Langenau, Germany) resulted in a negative response. Periodontal probings were within the normal limits (<3\u2009mm around the tooth) and no mobility was seen. Radiographic examination revealed that the tooth had immature roots with periapical radiolucency. Radiographic examination revealed that the tooth had immature roots with periapical radiolucency (Figure 1(a)). <?>",
            "groundtruth": "necrotic pulp, apical periodontitis",
            "evidence": [
                "A diagnosis of necrotic pulp with asymptomatic apical periodontitis was reached."
            ]
        },
        "multiround_dict": {
            "question1": "I am An 8-year-old medically fit boy was referred to the dental center at Riyadh Elm University Hospital, Riyadh, Saudi Arabia, for management of immature permanent mandibular first molar. <?>. Could you consider all possible diseases based on my information?",
            "question2": "I also have done some examination,Clinical examination revealed extensive caries on the occlusal and distal sides without sensitivity to percussion and palpation. Vitality test with Endo-Frost cold spray (Roeko; Coltene Whaledent, Langenau, Germany) resulted in a negative response. Periodontal probings were within the normal limits (<3\u2009mm around the tooth) and no mobility was seen. Radiographic examination revealed that the tooth had immature roots with periapical radiolucency. Radiographic examination revealed that the tooth had immature roots with periapical radiolucency (Figure 1(a)).. Could you narrow down to a specific disease based on the examination? Only give me the disease name, and if there are different names for the same disease, list them separated by commas.",
            "groundtruth": "necrotic pulp, apical periodontitis",
            "evidence": [
                "A diagnosis of necrotic pulp with asymptomatic apical periodontitis was reached."
            ]
        }
    },
    "case 1": {
        "1": {
            "question": " Describe the patient personal information.",
            "answer": " A 63-year-old male (an ex-smoker that quit 20 years ago, with smoking history of 15 pack-years) \n",
            "cleaned_answer": [
                "A 63-year-old male (an ex-smoker that quit 20 years ago, with smoking history of 15 pack-years)"
            ],
            "cleaned_answer_idx": [
                0
            ]
        },
        "2": {
            "question": " Describe the patient experience.",
            "answer": " He is a farm worker.\n",
            "cleaned_answer": [
                "He is a farm worker."
            ],
            "cleaned_answer_idx": [
                6
            ]
        },
        "3": {
            "question": " Did you notice any symptoms, such as a fever, cough, or respiratory issues?",
            "answer": " recurring mild exertional dyspnoea, decrease in exercise tolerance and dry paroxysmal cough.\n",
            "cleaned_answer": [
                "recurring mild exertional dyspnoea, decrease in exercise tolerance and dry paroxysmal cough."
            ],
            "cleaned_answer_idx": [
                2
            ]
        },
        "4": {
            "question": " What's the diagnosis?",
            "answer": " NSCLC diagnosis. Metastatic lung adenocarcinoma (TTF1+, Napsin A+).\n",
            "cleaned_answer": [
                "NSCLC diagnosis.",
                "On histopathological examination of mediastinal lymph nodes biopsy obtained at mediastinoscopy and the right supraclavicular lymph nodes from fine-needle biopsy metastatic lung adenocarcinoma (TTF1+, Napsin A+) was diagnosed (June, 2015)."
            ],
            "cleaned_answer_idx": [
                0,
                6
            ]
        },
        "5": {
            "question": " What's the direct evidence that points to this diagnosis?",
            "answer": " On histopathological examination of mediastinal lymph nodes biopsy obtained at mediastinoscopy and the right supraclavicular lymph nodes from fine-needle biopsy metastatic lung adenocarcinoma (TTF1+, Napsin A+) was diagnosed (June, 2015).\n",
            "cleaned_answer": [
                "On histopathological examination of mediastinal lymph nodes biopsy obtained at mediastinoscopy and the right supraclavicular lymph nodes from fine-needle biopsy metastatic lung adenocarcinoma (TTF1+, Napsin A+) was diagnosed (June, 2015)."
            ],
            "cleaned_answer_idx": [
                3
            ]
        },
        "6": {
            "question": " What\u2019s the imaging (only provided the figure explanation here) suggest?",
            "answer": " The lesion was detected in the chest CT (April, 2015).\n",
            "cleaned_answer": [
                "The lesion was detected in the chest CT (April, 2015)."
            ],
            "cleaned_answer_idx": [
                2
            ]
        },
        "7": {
            "question": " What\u2019s the examination suggest?",
            "answer": " On histopathological examination of mediastinal lymph nodes biopsy obtained at mediastinoscopy and the right supraclavicular lymph nodes from fine-needle biopsy metastatic lung adenocarcinoma (TTF1+, Napsin A+) was diagnosed (June, 2015).\n",
            "cleaned_answer": [
                "On histopathological examination of mediastinal lymph nodes biopsy obtained at mediastinoscopy and the right supraclavicular lymph nodes from fine-needle biopsy metastatic lung adenocarcinoma (TTF1+, Napsin A+) was diagnosed (June, 2015)."
            ],
            "cleaned_answer_idx": [
                3
            ]
        },
        "8": {
            "question": " Is there any suggestion?",
            "answer": " $No$\u201d",
            "cleaned_answer": [
                "$No$\u201d"
            ],
            "cleaned_answer_idx": [
                "$$"
            ]
        },
        "oneround_dict": {
            "input": "A 63-year-old male (an ex-smoker that quit 20 years ago, with smoking history of 15 pack-years)",
            "groundtruth": "NSCLC, metastatic lung adenocarcinoma",
            "evidence": [
                "NSCLC diagnosis.",
                "On histopathological examination of mediastinal lymph nodes biopsy obtained at mediastinoscopy and the right supraclavicular lymph nodes from fine-needle biopsy metastatic lung adenocarcinoma (TTF1+, Napsin A+) was diagnosed (June, 2015)."
            ]
        },
        "multiround_dict": {
            "question": "I am A 63-year-old male (an ex-smoker that quit 20 years ago, with smoking history of 15 pack-years). Could you consider all possible diseases based on my information? And then narrow down to a specific disease based on the examination? Only give me the disease name, and if there are different names for the same disease, list them separated by commas.",
            "groundtruth": "NSCLC, metastatic lung adenocarcinoma",
            "evidence": [
                "NSCLC diagnosis.",
                "On histopathological examination of mediastinal lymph nodes biopsy obtained at mediastinoscopy and the right supraclavicular lymph nodes from fine-needle biopsy metastatic lung adenocarcinoma (TTF1+, Napsin A+) was diagnosed (June, 2015)."
            ]
        }
    },
    "case 3": {
        "1": {
            "question": " Describe the patient personal information.  ",
            "answer": " In a\u00a0never-smoking 52-year-old female, the lung cancer was detected during the diagnostic work-up for exertional dyspnea.  \n",
            "cleaned_answer": [
                "In a\u00a0never-smoking 52-year-old female, the lung cancer was detected during the diagnostic work-up for exertional dyspnea."
            ],
            "cleaned_answer_idx": [
                0
            ]
        },
        "2": {
            "question": " Describe the patient experience.  ",
            "answer": " Lung adenocarcinoma was diagnosed on histological examination of sections obtained through core needle biopsy, and EGFR activating mutation (deletion in exon 19) was confirmed. In May 2014 gefitinib 250mg QD was initiated, which led to the partial disease response. In June 2015, after around 13 months of treatment, progression in the left lung ensued. In subsequent video-thoracoscopy the metastatic nodules in parietal pleura were biopsied and T790M resistance mutation was confirmed.  \n",
            "cleaned_answer": [
                "Lung adenocarcinoma was diagnosed on histological examination of sections obtained through core needle biopsy, and EGFR activating mutation (deletion in exon 19) was confirmed.",
                "In May 2014 gefitinib 250mg QD was initiated, which led to the partial disease response.",
                "In June 2015, after around 13 months of treatment, progression in the left lung ensued.",
                "In subsequent video-thoracoscopy the metastatic nodules in parietal pleura were biopsied and T790M resistance mutation was confirmed."
            ],
            "cleaned_answer_idx": [
                2,
                3,
                4,
                5
            ]
        },
        "3": {
            "question": " Did you notice any symptoms, such as a fever, cough, or respiratory issues?  ",
            "answer": " In a\u00a0never-smoking 52-year-old female, the lung cancer was detected during the diagnostic work-up for exertional dyspnea.   \n",
            "cleaned_answer": [
                "In a\u00a0never-smoking 52-year-old female, the lung cancer was detected during the diagnostic work-up for exertional dyspnea."
            ],
            "cleaned_answer_idx": [
                0
            ]
        },
        "4": {
            "question": " What's the diagnosis?  ",
            "answer": " Lung adenocarcinoma was diagnosed on histological examination of sections obtained through core needle biopsy, and EGFR activating mutation (deletion in exon 19) was confirmed.  \n",
            "cleaned_answer": [
                "Lung adenocarcinoma was diagnosed on histological examination of sections obtained through core needle biopsy, and EGFR activating mutation (deletion in exon 19) was confirmed."
            ],
            "cleaned_answer_idx": [
                2
            ]
        },
        "5": {
            "question": " What's the direct evidence that points to this diagnosis?  ",
            "answer": " Lung adenocarcinoma was diagnosed on histological examination of sections obtained through core needle biopsy, and EGFR activating mutation (deletion in exon 19) was confirmed.    \n",
            "cleaned_answer": [
                "Lung adenocarcinoma was diagnosed on histological examination of sections obtained through core needle biopsy, and EGFR activating mutation (deletion in exon 19) was confirmed."
            ],
            "cleaned_answer_idx": [
                2
            ]
        },
        "6": {
            "question": " What\u2019s the imaging (only provided the figure explanation here) suggest?  ",
            "answer": " In chest CT (April 2014) a\u00a0tumour in the lower left lobe with accompanying left-sided hydrothorax were reported.   \n",
            "cleaned_answer": [
                "In chest CT (April 2014) a\u00a0tumour in the lower left lobe with accompanying left-sided hydrothorax were reported."
            ],
            "cleaned_answer_idx": [
                1
            ]
        },
        "7": {
            "question": " What\u2019s the examination suggest?  ",
            "answer": " Lung adenocarcinoma was diagnosed on histological examination of sections obtained through core needle biopsy, and EGFR activating mutation (deletion in exon 19) was confirmed.  \n",
            "cleaned_answer": [
                "Lung adenocarcinoma was diagnosed on histological examination of sections obtained through core needle biopsy, and EGFR activating mutation (deletion in exon 19) was confirmed."
            ],
            "cleaned_answer_idx": [
                2
            ]
        },
        "8": {
            "question": " Is there any suggestion?  ",
            "answer": " $No$\u201d",
            "cleaned_answer": [
                "$No$\u201d"
            ],
            "cleaned_answer_idx": [
                "$$"
            ]
        },
        "oneround_dict": {
            "input": "In a\u00a0never-smoking 52-year-old female, the lung cancer was detected during the diagnostic work-up for exertional dyspnea. In chest CT (April 2014) a\u00a0tumour in the lower left lobe with accompanying left-sided hydrothorax were reported. <?>",
            "groundtruth": "Lung adenocarcinoma",
            "evidence": [
                "Lung adenocarcinoma was diagnosed on histological examination of sections obtained through core needle biopsy, and EGFR activating mutation (deletion in exon 19) was confirmed."
            ]
        },
        "multiround_dict": {
            "question1": "I am In a\u00a0never-smoking 52-year-old female, the lung cancer was detected during the diagnostic work-up for exertional dyspnea. <?>. Could you consider all possible diseases based on my information?",
            "question2": "I also have done some examination,In chest CT (April 2014) a\u00a0tumour in the lower left lobe with accompanying left-sided hydrothorax were reported. <?>. Could you narrow down to a specific disease based on the examination? Only give me the disease name, and if there are different names for the same disease, list them separated by commas.",
            "groundtruth": "Lung adenocarcinoma",
            "evidence": [
                "Lung adenocarcinoma was diagnosed on histological examination of sections obtained through core needle biopsy, and EGFR activating mutation (deletion in exon 19) was confirmed."
            ]
        }
    }
}