{
    "case": {
        "1": {
            "question": " Describe the patient personal information.  ",
            "answer": " A 26-year-old female was admitted for MHL.\n",
            "cleaned_answer": [
                "A 26-year-old female was admitted for MHL."
            ],
            "cleaned_answer_idx": [
                0
            ]
        },
        "2": {
            "question": " Describe the patient experience.  ",
            "answer": " At the age of 16 months, a mass measuring 9 cm \u00d7 8 cm with multiple septations in the right lobe of the liver was noted during the assessment of abdominal distension using ultrasonography (US) and magnetic resonance imaging (MRI) (Fig. 1A, 1B). Based on these findings, the patient was diagnosed with MHL. However, the scheduled hepatic mass resection was cancelled due to an upper respiratory infection. Since this mass did not cause any symptoms, the patient underwent regular sonographic follow-up every 2 years until the age of 10 years. Subsequently, the patient was lost to follow-up. At the age of 26 years, the patient returned to our clinic with abdominal pain lasting for 6 weeks. Computed tomography (CT) revealed an increase in mass size to 12.9 cm \u00d7 8.3 cm and a newly developed peripheral enhancing lesion in its posterior portion measuring 6 cm (Fig. 1C). Follow-up MRI and 18F-fluorodeoxyglucose positron emission tomography (PET) could not exclude malignant transformation (Fig. 1D, 1E). In addition, enlarged lymph nodes (LN) in the hepatoduodenal ligament and portocaval space were also identified. Mass excision with segment 5 and 6 hepatic segmentectomy (non-anatomical) and en bloc hilar LN dissection was performed. The mass was approached via an upper midline incision, and a mass measuring 16 cm was excised with a part of segments 5 and 6 of the liver parenchyma. Intraoperative frozen biopsy of the hilar LN showed no evidence of a tumor. Histopathological examination of the mass measuring 12.0 cm \u00d7 11.0 cm \u00d7 8.0 cm confirmed the diagnosis of iCCA in the background of MHL, with a T2N0M0 pathological stage (stage II). Although lymphatic and venous invasions were noted, the resection margin was free from tumor cells. Immunohistochemical analysis revealed cytokeratin (CK) 19 and p40 positivity and loss of p53 expression; thus, the final diagnosis was iCCA with squamous differentiation (Fig. 2). The patient recovered well postoperatively; however, a biloma was observed at the resection site, which required percutaneous drainage for 29 days. Furthermore, adjuvant chemotherapy (5-fluorouracil, 810 mg, six cycles) was initiated on postoperative day 60. After surgery and adjuvant chemotherapy, the serum levels of CEA and CA 19-9 decreased to 1.6 U/mL and 7 ng/mL, respectively (Fig. 3).\n",
            "cleaned_answer": [
                "At the age of 16 months, a mass measuring 9 cm \u00d7 8 cm with multiple septations in the right lobe of the liver was noted during the assessment of abdominal distension using ultrasonography (US) and magnetic resonance imaging (MRI) (Fig.",
                "1A, 1B).",
                "Based on these findings, the patient was diagnosed with MHL.",
                "However, the scheduled hepatic mass resection was cancelled due to an upper respiratory infection.",
                "Since this mass did not cause any symptoms, the patient underwent regular sonographic follow-up every 2 years until the age of 10 years.",
                "Subsequently, the patient was lost to follow-up.",
                "At the age of 26 years, the patient returned to our clinic with abdominal pain lasting for 6 weeks.",
                "Computed tomography (CT) revealed an increase in mass size to 12.9 cm \u00d7 8.3 cm and a newly developed peripheral enhancing lesion in its posterior portion measuring 6 cm (Fig.",
                "1C).",
                "Follow-up MRI and 18F-fluorodeoxyglucose positron emission tomography (PET) could not exclude malignant transformation (Fig.",
                "1D, 1E).",
                "In addition, enlarged lymph nodes (LN) in the hepatoduodenal ligament and portocaval space were also identified.",
                "Mass excision with segment 5 and 6 hepatic segmentectomy (non-anatomical) and en bloc hilar LN dissection was performed.",
                "The mass was approached via an upper midline incision, and a mass measuring 16 cm was excised with a part of segments 5 and 6 of the liver parenchyma.",
                "Intraoperative frozen biopsy of the hilar LN showed no evidence of a tumor.",
                "Histopathological examination of the mass measuring 12.0 cm \u00d7 11.0 cm \u00d7 8.0 cm confirmed the diagnosis of iCCA in the background of MHL, with a T2N0M0 pathological stage (stage II).",
                "Although lymphatic and venous invasions were noted, the resection margin was free from tumor cells.",
                "Immunohistochemical analysis revealed cytokeratin (CK) 19 and p40 positivity and loss of p53 expression; thus, the final diagnosis was iCCA with squamous differentiation (Fig.",
                "2).",
                "The patient recovered well postoperatively; however, a biloma was observed at the resection site, which required percutaneous drainage for 29 days.",
                "Furthermore, adjuvant chemotherapy (5-fluorouracil, 810 mg, six cycles) was initiated on postoperative day 60.",
                "After surgery and adjuvant chemotherapy, the serum levels of CEA and CA 19-9 decreased to 1.6 U/mL and 7 ng/mL, respectively (Fig.",
                "3)."
            ],
            "cleaned_answer_idx": [
                1,
                2,
                3,
                6,
                7,
                8,
                9,
                10,
                11,
                12,
                13,
                14,
                18,
                19,
                20,
                21,
                22,
                23,
                0,
                25,
                26,
                27,
                5
            ]
        },
        "3": {
            "question": " Did you notice any symptoms, such as a fever, cough, or respiratory issues?  ",
            "answer": " However, the scheduled hepatic mass resection was cancelled due to an upper respiratory infection.\n",
            "cleaned_answer": [
                "However, the scheduled hepatic mass resection was cancelled due to an upper respiratory infection."
            ],
            "cleaned_answer_idx": [
                6
            ]
        },
        "4": {
            "question": " What's the diagnosis?  ",
            "answer": " Based on these findings, the patient was diagnosed with MHL. Histopathological examination of the mass measuring 12.0 cm \u00d7 11.0 cm \u00d7 8.0 cm confirmed the diagnosis of iCCA in the background of MHL, with a T2N0M0 pathological stage (stage II). Thus, the final diagnosis was iCCA with squamous differentiation (Fig. 2).\n",
            "cleaned_answer": [
                "Based on these findings, the patient was diagnosed with MHL.",
                "Histopathological examination of the mass measuring 12.0 cm \u00d7 11.0 cm \u00d7 8.0 cm confirmed the diagnosis of iCCA in the background of MHL, with a T2N0M0 pathological stage (stage II).",
                "Immunohistochemical analysis revealed cytokeratin (CK) 19 and p40 positivity and loss of p53 expression; thus, the final diagnosis was iCCA with squamous differentiation (Fig.",
                "2)."
            ],
            "cleaned_answer_idx": [
                3,
                21,
                28,
                0
            ]
        },
        "5": {
            "question": " What's the direct evidence that points to this diagnosis?  ",
            "answer": " Histopathological examination of the mass measuring 12.0 cm \u00d7 11.0 cm \u00d7 8.0 cm confirmed the diagnosis of iCCA in the background of MHL, with a T2N0M0 pathological stage (stage II). Immunohistochemical analysis revealed cytokeratin (CK) 19 and p40 positivity and loss of p53 expression; thus, the final diagnosis was iCCA with squamous differentiation (Fig. 2).\n",
            "cleaned_answer": [
                "Histopathological examination of the mass measuring 12.0 cm \u00d7 11.0 cm \u00d7 8.0 cm confirmed the diagnosis of iCCA in the background of MHL, with a T2N0M0 pathological stage (stage II).",
                "Immunohistochemical analysis revealed cytokeratin (CK) 19 and p40 positivity and loss of p53 expression; thus, the final diagnosis was iCCA with squamous differentiation (Fig.",
                "2)."
            ],
            "cleaned_answer_idx": [
                21,
                23,
                0
            ]
        },
        "6": {
            "question": " What\u2019s the imaging (only provided the figure explanation here) suggest?  ",
            "answer": " $No$\n",
            "cleaned_answer": [
                "$No$"
            ],
            "cleaned_answer_idx": [
                "$$"
            ]
        },
        "7": {
            "question": " What\u2019s the examination suggest?  ",
            "answer": " Intraoperative frozen biopsy of the hilar LN showed no evidence of a tumor.\n",
            "cleaned_answer": [
                "Intraoperative frozen biopsy of the hilar LN showed no evidence of a tumor."
            ],
            "cleaned_answer_idx": [
                20
            ]
        },
        "8": {
            "question": " Is there any suggestion?  ",
            "answer": " $No$\"",
            "cleaned_answer": [
                "$No$\""
            ],
            "cleaned_answer_idx": [
                "$$"
            ]
        },
        "oneround_dict": {
            "input": "A 26-year-old female was admitted for MHL. 2). At the age of 16 months, a mass measuring 9 cm \u00d7 8 cm with multiple septations in the right lobe of the liver was noted during the assessment of abdominal distension using ultrasonography (US) and magnetic resonance imaging (MRI) (Fig. 1A, 1B). <?>",
            "groundtruth": "MHL, iCCA, squamous differentiation",
            "evidence": [
                "Based on these findings, the patient was diagnosed with MHL.",
                "Histopathological examination of the mass measuring 12.0 cm \u00d7 11.0 cm \u00d7 8.0 cm confirmed the diagnosis of iCCA in the background of MHL, with a T2N0M0 pathological stage (stage II).",
                "Immunohistochemical analysis revealed cytokeratin (CK) 19 and p40 positivity and loss of p53 expression; thus, the final diagnosis was iCCA with squamous differentiation (Fig.",
                "2)."
            ]
        },
        "multiround_dict": {
            "question1": "I am A 26-year-old female was admitted for MHL. 2). At the age of 16 months, a mass measuring 9 cm \u00d7 8 cm with multiple septations in the right lobe of the liver was noted during the assessment of abdominal distension using ultrasonography (US) and magnetic resonance imaging (MRI) (Fig. 1A, 1B). <?>. Could you consider all possible diseases based on my information?",
            "question2": "I also have done some examination,2).. Could you narrow down to a specific disease based on the examination? Only give me the disease name, and if there are different names for the same disease, list them separated by commas.",
            "groundtruth": "MHL, iCCA, squamous differentiation",
            "evidence": [
                "Based on these findings, the patient was diagnosed with MHL.",
                "Histopathological examination of the mass measuring 12.0 cm \u00d7 11.0 cm \u00d7 8.0 cm confirmed the diagnosis of iCCA in the background of MHL, with a T2N0M0 pathological stage (stage II).",
                "Immunohistochemical analysis revealed cytokeratin (CK) 19 and p40 positivity and loss of p53 expression; thus, the final diagnosis was iCCA with squamous differentiation (Fig.",
                "2)."
            ]
        }
    },
    "case report": {
        "1": {
            "question": " Describe the patient personal information.  ",
            "answer": " A female patient, 54 years old, came to our attention on April 2015.\n",
            "cleaned_answer": [
                "A female patient, 54 years old, came to our attention on April 2015."
            ],
            "cleaned_answer_idx": [
                0
            ]
        },
        "2": {
            "question": " Describe the patient experience.  ",
            "answer": " Complaining for chronic dizziness, hearing loss, tension headaches without aura, postural instability and gait dysfunction. The patient referred having these symptoms from 1992, but the last few months she experienced a noticeable aggravation of the symptoms.\n",
            "cleaned_answer": [
                "A female patient, 54 years old, came to our attention on April 2015 complaining for chronic dizziness, hearing loss, tension headaches without aura, postural instability and gait dysfunction.",
                "The patient referred having these symptoms from 1992, but the last few months she experienced a noticeable aggravation of the symptoms."
            ],
            "cleaned_answer_idx": [
                6,
                1
            ]
        },
        "3": {
            "question": " Did you notice any symptoms, such as a fever, cough, or respiratory issues?  ",
            "answer": " $No$\n",
            "cleaned_answer": [
                "$No$"
            ],
            "cleaned_answer_idx": [
                "$$"
            ]
        },
        "4": {
            "question": " What's the diagnosis?  ",
            "answer": " An aspecific chronic dizziness and assymetric hearing loss more prominent for the right ear, possibly of hydropic type.\n",
            "cleaned_answer": [
                "The patient never experienced typical vertigo crisis with tinnitus and fluctuating hearing loss, which would indicate M\u00e9ni\u00e8re\u2019s disease, but an aspecific chronic dizziness and assymetric hearing loss more prominent for the right ear, possibly of hydropic type."
            ],
            "cleaned_answer_idx": [
                6
            ]
        },
        "5": {
            "question": " What's the direct evidence that points to this diagnosis?  ",
            "answer": " $No$\n",
            "cleaned_answer": [
                "$No$"
            ],
            "cleaned_answer_idx": [
                "$$"
            ]
        },
        "6": {
            "question": " What\u2019s the imaging (only provided the figure explanation here) suggest?  ",
            "answer": " The CT scan, which was performed to study the middle ear structures, did not show morphological or structural anomalies, and normal central nervous system findings.\n",
            "cleaned_answer": [
                "The CT scan, which was performed to study the middle ear structures, did not show morphological or structural anomalies, and normal central nervous system findings."
            ],
            "cleaned_answer_idx": [
                4
            ]
        },
        "7": {
            "question": " What\u2019s the examination suggest?  ",
            "answer": " The clinical tests, performed 23 years ago, revealed a mild bilateral sensorineural hearing loss, more noticeable on the right ear. Tympanometry and stapedial reflexes were normal, also auditory brainstem response (ABR) audiometry showed no abnormal findings.\n",
            "cleaned_answer": [
                "The clinical tests, performed 23 years ago, revealed a mild bilateral sensorineural hearing loss, more noticeable on the right ear.",
                "Tympanometry and stapedial reflexes were normal, also auditory brainstem response (ABR) audiometry showed no abnormal findings."
            ],
            "cleaned_answer_idx": [
                2,
                3
            ]
        },
        "8": {
            "question": " Is there any suggestion?  ",
            "answer": " The patient never experienced typical vertigo crisis with tinnitus and fluctuating hearing loss, which would indicate M\u00e9ni\u00e8re\u2019s disease.\"",
            "cleaned_answer": [
                "The patient never experienced typical vertigo crisis with tinnitus and fluctuating hearing loss, which would indicate M\u00e9ni\u00e8re\u2019s disease.\""
            ],
            "cleaned_answer_idx": [
                6
            ]
        },
        "oneround_dict": {
            "input": "A female patient, 54 years old, came to our attention on April 2015. The patient referred having these symptoms from 1992, but the last few months she experienced a noticeable aggravation of the symptoms. The clinical tests, performed 23 years ago, revealed a mild bilateral sensorineural hearing loss, more noticeable on the right ear. Tympanometry and stapedial reflexes were normal, also auditory brainstem response (ABR) audiometry showed no abnormal findings. The CT scan, which was performed to study the middle ear structures, did not show morphological or structural anomalies, and normal central nervous system findings. A female patient, 54 years old, came to our attention on April 2015 complaining for chronic dizziness, hearing loss, tension headaches without aura, postural instability and gait dysfunction.",
            "groundtruth": "- M\u00e9ni\u00e8re\u2019s disease\n- chronic dizziness\n- asymmetric hearing loss",
            "evidence": [
                "The patient never experienced typical vertigo crisis with tinnitus and fluctuating hearing loss, which would indicate M\u00e9ni\u00e8re\u2019s disease, but an aspecific chronic dizziness and assymetric hearing loss more prominent for the right ear, possibly of hydropic type."
            ]
        },
        "multiround_dict": {
            "question1": "I am A female patient, 54 years old, came to our attention on April 2015. The patient referred having these symptoms from 1992, but the last few months she experienced a noticeable aggravation of the symptoms. A female patient, 54 years old, came to our attention on April 2015 complaining for chronic dizziness, hearing loss, tension headaches without aura, postural instability and gait dysfunction.. Could you consider all possible diseases based on my information?",
            "question2": "I also have done some examination,The clinical tests, performed 23 years ago, revealed a mild bilateral sensorineural hearing loss, more noticeable on the right ear. Tympanometry and stapedial reflexes were normal, also auditory brainstem response (ABR) audiometry showed no abnormal findings. The CT scan, which was performed to study the middle ear structures, did not show morphological or structural anomalies, and normal central nervous system findings.. Could you narrow down to a specific disease based on the examination? Only give me the disease name, and if there are different names for the same disease, list them separated by commas.",
            "groundtruth": "- M\u00e9ni\u00e8re\u2019s disease\n- chronic dizziness\n- asymmetric hearing loss",
            "evidence": [
                "The patient never experienced typical vertigo crisis with tinnitus and fluctuating hearing loss, which would indicate M\u00e9ni\u00e8re\u2019s disease, but an aspecific chronic dizziness and assymetric hearing loss more prominent for the right ear, possibly of hydropic type."
            ]
        }
    },
    "2. case presentation": {
        "1": {
            "question": " Describe the patient personal information.  ",
            "answer": " A 20-year-old primigravida was referred to the Gynecology and Obstetrics Service of the University Hospital of the Federal University of Maranh\u00e3o (UFMA).  \n",
            "cleaned_answer": [
                "A 20-year-old primigravida was referred to the Gynecology and Obstetrics Service of the University Hospital of the Federal University of Maranh\u00e3o (UFMA)."
            ],
            "cleaned_answer_idx": [
                0
            ]
        },
        "2": {
            "question": " Describe the patient experience.  ",
            "answer": " A 2DUS examination performed in our institution revealed pregnancy of 23 weeks and 4 days, with a female fetus presenting a bulky solid mass with cystic components and calcifications, measuring 7.7 \u00d7 9.1 \u00d7 12.2\u2009cm, starting from the sacral region, with internal flow seen on color Doppler (Figure 1). 3DUS was performed using the Voluson 730 Pro apparatus (General Electric Medical System, Zipf, Austria), with a volumetric convex transducer (RAB 4\u20138L) in rendering mode. This clearly showed the spatial relationships between the mass and the fetal pelvis and made it possible for the parents to understand the pathological condition better (Figure 2). A new ultrasound examination confirmed that fetal death occurred at 25 weeks and 4 days of pregnancy, due to hydrops. The postnatal macroscopic findings confirmed the diagnosis of sacrococcygeal teratoma (Figure 3).  \n",
            "cleaned_answer": [
                "A 2DUS examination performed in our institution revealed pregnancy of 23 weeks and 4 days, with a female fetus presenting a bulky solid mass with cystic components and calcifications, measuring 7.7 \u00d7 9.1 \u00d7 12.2\u2009cm, starting from the sacral region, with internal flow seen on color Doppler (Figure 1).",
                "3DUS was performed using the Voluson 730 Pro apparatus (General Electric Medical System, Zipf, Austria), with a volumetric convex transducer (RAB 4\u20138L) in rendering mode.",
                "This clearly showed the spatial relationships between the mass and the fetal pelvis and made it possible for the parents to understand the pathological condition better (Figure 2).",
                "A new ultrasound examination confirmed that fetal death occurred at 25 weeks and 4 days of pregnancy, due to hydrops.",
                "The postnatal macroscopic findings confirmed the diagnosis of sacrococcygeal teratoma (Figure 3)."
            ],
            "cleaned_answer_idx": [
                1,
                2,
                3,
                4,
                5
            ]
        },
        "3": {
            "question": " Did you notice any symptoms, such as a fever, cough, or respiratory issues?  ",
            "answer": " $No$  \n",
            "cleaned_answer": [
                "$No$"
            ],
            "cleaned_answer_idx": [
                "$$"
            ]
        },
        "4": {
            "question": " What's the diagnosis?  ",
            "answer": " The postnatal macroscopic findings confirmed the diagnosis of sacrococcygeal teratoma (Figure 3).  \n",
            "cleaned_answer": [
                "The postnatal macroscopic findings confirmed the diagnosis of sacrococcygeal teratoma (Figure 3)."
            ],
            "cleaned_answer_idx": [
                5
            ]
        },
        "5": {
            "question": " What's the direct evidence that points to this diagnosis?  ",
            "answer": " A 2DUS examination performed in our institution revealed pregnancy of 23 weeks and 4 days, with a female fetus presenting a bulky solid mass with cystic components and calcifications, measuring 7.7 \u00d7 9.1 \u00d7 12.2\u2009cm, starting from the sacral region, with internal flow seen on color Doppler (Figure 1). The postnatal macroscopic findings confirmed the diagnosis of sacrococcygeal teratoma (Figure 3).  \n",
            "cleaned_answer": [
                "A 2DUS examination performed in our institution revealed pregnancy of 23 weeks and 4 days, with a female fetus presenting a bulky solid mass with cystic components and calcifications, measuring 7.7 \u00d7 9.1 \u00d7 12.2\u2009cm, starting from the sacral region, with internal flow seen on color Doppler (Figure 1).",
                "The postnatal macroscopic findings confirmed the diagnosis of sacrococcygeal teratoma (Figure 3)."
            ],
            "cleaned_answer_idx": [
                1,
                5
            ]
        },
        "6": {
            "question": " What\u2019s the imaging (only provided the figure explanation here) suggest?  ",
            "answer": " This clearly showed the spatial relationships between the mass and the fetal pelvis and made it possible for the parents to understand the pathological condition better (Figure 2).  \n",
            "cleaned_answer": [
                "This clearly showed the spatial relationships between the mass and the fetal pelvis and made it possible for the parents to understand the pathological condition better (Figure 2)."
            ],
            "cleaned_answer_idx": [
                3
            ]
        },
        "7": {
            "question": " What\u2019s the examination suggest?  ",
            "answer": " A 2DUS examination performed in our institution revealed pregnancy of 23 weeks and 4 days, with a female fetus presenting a bulky solid mass with cystic components and calcifications, measuring 7.7 \u00d7 9.1 \u00d7 12.2\u2009cm, starting from the sacral region, with internal flow seen on color Doppler (Figure 1). \n",
            "cleaned_answer": [
                "A 2DUS examination performed in our institution revealed pregnancy of 23 weeks and 4 days, with a female fetus presenting a bulky solid mass with cystic components and calcifications, measuring 7.7 \u00d7 9.1 \u00d7 12.2\u2009cm, starting from the sacral region, with internal flow seen on color Doppler (Figure 1)."
            ],
            "cleaned_answer_idx": [
                1
            ]
        },
        "8": {
            "question": " Is there any suggestion?  ",
            "answer": " $No$\u201d",
            "cleaned_answer": [
                "$No$\u201d"
            ],
            "cleaned_answer_idx": [
                "$$"
            ]
        },
        "oneround_dict": {
            "input": "A 20-year-old primigravida was referred to the Gynecology and Obstetrics Service of the University Hospital of the Federal University of Maranh\u00e3o (UFMA). A 2DUS examination performed in our institution revealed pregnancy of 23 weeks and 4 days, with a female fetus presenting a bulky solid mass with cystic components and calcifications, measuring 7.7 \u00d7 9.1 \u00d7 12.2\u2009cm, starting from the sacral region, with internal flow seen on color Doppler (Figure 1). 3DUS was performed using the Voluson 730 Pro apparatus (General Electric Medical System, Zipf, Austria), with a volumetric convex transducer (RAB 4\u20138L) in rendering mode. This clearly showed the spatial relationships between the mass and the fetal pelvis and made it possible for the parents to understand the pathological condition better (Figure 2). A new ultrasound examination confirmed that fetal death occurred at 25 weeks and 4 days of pregnancy, due to hydrops. <?>",
            "groundtruth": "Sacrococcygeal teratoma",
            "evidence": [
                "The postnatal macroscopic findings confirmed the diagnosis of sacrococcygeal teratoma (Figure 3)."
            ]
        },
        "multiround_dict": {
            "question1": "I am A 20-year-old primigravida was referred to the Gynecology and Obstetrics Service of the University Hospital of the Federal University of Maranh\u00e3o (UFMA). A 2DUS examination performed in our institution revealed pregnancy of 23 weeks and 4 days, with a female fetus presenting a bulky solid mass with cystic components and calcifications, measuring 7.7 \u00d7 9.1 \u00d7 12.2\u2009cm, starting from the sacral region, with internal flow seen on color Doppler (Figure 1). 3DUS was performed using the Voluson 730 Pro apparatus (General Electric Medical System, Zipf, Austria), with a volumetric convex transducer (RAB 4\u20138L) in rendering mode. This clearly showed the spatial relationships between the mass and the fetal pelvis and made it possible for the parents to understand the pathological condition better (Figure 2). A new ultrasound examination confirmed that fetal death occurred at 25 weeks and 4 days of pregnancy, due to hydrops. <?>. Could you consider all possible diseases based on my information?",
            "question2": "I also have done some examination,A 2DUS examination performed in our institution revealed pregnancy of 23 weeks and 4 days, with a female fetus presenting a bulky solid mass with cystic components and calcifications, measuring 7.7 \u00d7 9.1 \u00d7 12.2\u2009cm, starting from the sacral region, with internal flow seen on color Doppler (Figure 1). This clearly showed the spatial relationships between the mass and the fetal pelvis and made it possible for the parents to understand the pathological condition better (Figure 2). <?>. Could you narrow down to a specific disease based on the examination? Only give me the disease name, and if there are different names for the same disease, list them separated by commas.",
            "groundtruth": "Sacrococcygeal teratoma",
            "evidence": [
                "The postnatal macroscopic findings confirmed the diagnosis of sacrococcygeal teratoma (Figure 3)."
            ]
        }
    },
    "case description": {
        "1": {
            "question": " Describe the patient personal information.  ",
            "answer": " A 75\u2010year\u2010old man \n",
            "cleaned_answer": [
                "A 75\u2010year\u2010old man"
            ],
            "cleaned_answer_idx": [
                0
            ]
        },
        "2": {
            "question": " Describe the patient experience.  ",
            "answer": " A 75\u2010year\u2010old man presented with an immediately threatened grade IIb acute ischemia of the left leg due to thrombosis of a femoro\u2010infrapopliteal prosthetic bypass graft. After an urgent computed tomography angiography, an urgent graft thrombectomy was performed using a 5 Fr Fogarty catheter, which had a troublesome distal passage. The leg recovered normal motor and sensory function. Surprisingly, a handheld Doppler device obtained a continuous machinery bruit in the anterior tibial artery/veins, suggesting an arteriovenous fistula, which was depicted in a subsequent digital subtraction angiography and a color duplex examination (Video\u00a0S1). Most likely, the Fogarty catheter had unintentionally perforated the anterior tibial artery passing into one of the adjacent anterior tibial veins. The patient was managed conservatively, and the arteriovenous fistula was found to be spontaneously thrombosed in a three\u2010month follow\u2010up (Video\u00a0S1).\n",
            "cleaned_answer": [
                "A 75\u2010year\u2010old man presented with an immediately threatened grade IIb acute ischemia of the left leg due to thrombosis of a femoro\u2010infrapopliteal prosthetic bypass graft.",
                "After an urgent computed tomography angiography, an urgent graft thrombectomy was performed using a 5 Fr Fogarty catheter, which had a troublesome distal passage.",
                "The leg recovered normal motor and sensory function.",
                "Surprisingly, a handheld Doppler device obtained a continuous machinery bruit in the anterior tibial artery/veins, suggesting an arteriovenous fistula, which was depicted in a subsequent digital subtraction angiography and a color duplex examination (Video\u00a0S1).",
                "Most likely, the Fogarty catheter had unintentionally perforated the anterior tibial artery passing into one of the adjacent anterior tibial veins.",
                "The patient was managed conservatively, and the arteriovenous fistula was found to be spontaneously thrombosed in a three\u2010month follow\u2010up (Video\u00a0S1)."
            ],
            "cleaned_answer_idx": [
                0,
                1,
                2,
                3,
                4,
                5
            ]
        },
        "3": {
            "question": " Did you notice any symptoms, such as a fever, cough, or respiratory issues?  ",
            "answer": " $No$\n",
            "cleaned_answer": [
                "$No$"
            ],
            "cleaned_answer_idx": [
                "$$"
            ]
        },
        "4": {
            "question": " What's the diagnosis?  ",
            "answer": " An arteriovenous fistula, which was depicted in a subsequent digital subtraction angiography and a color duplex examination\n",
            "cleaned_answer": [
                "Surprisingly, a handheld Doppler device obtained a continuous machinery bruit in the anterior tibial artery/veins, suggesting an arteriovenous fistula, which was depicted in a subsequent digital subtraction angiography and a color duplex examination (Video\u00a0S1)."
            ],
            "cleaned_answer_idx": [
                5
            ]
        },
        "5": {
            "question": " What's the direct evidence that points to this diagnosis?  ",
            "answer": " A handheld Doppler device obtained a continuous machinery bruit in the anterior tibial artery/veins\n",
            "cleaned_answer": [
                "Surprisingly, a handheld Doppler device obtained a continuous machinery bruit in the anterior tibial artery/veins, suggesting an arteriovenous fistula, which was depicted in a subsequent digital subtraction angiography and a color duplex examination (Video\u00a0S1)."
            ],
            "cleaned_answer_idx": [
                5
            ]
        },
        "6": {
            "question": " What\u2019s the imaging (only provided the figure explanation here) suggest?  ",
            "answer": " which was depicted in a subsequent digital subtraction angiography\n",
            "cleaned_answer": [
                "which was depicted in a subsequent digital subtraction angiography"
            ],
            "cleaned_answer_idx": [
                3
            ]
        },
        "7": {
            "question": " What\u2019s the examination suggest?  ",
            "answer": " and a color duplex examination\n",
            "cleaned_answer": [
                "and a color duplex examination"
            ],
            "cleaned_answer_idx": [
                3
            ]
        },
        "8": {
            "question": " Is there any suggestion?  ",
            "answer": " Most likely, the Fogarty catheter had unintentionally perforated the anterior tibial artery passing into one of the adjacent anterior tibial veins.\u201d",
            "cleaned_answer": [
                "Most likely, the Fogarty catheter had unintentionally perforated the anterior tibial artery passing into one of the adjacent anterior tibial veins.\u201d"
            ],
            "cleaned_answer_idx": [
                4
            ]
        },
        "oneround_dict": {
            "input": "A 75\u2010year\u2010old man A 75\u2010year\u2010old man presented with an immediately threatened grade IIb acute ischemia of the left leg due to thrombosis of a femoro\u2010infrapopliteal prosthetic bypass graft. After an urgent computed tomography angiography, an urgent graft thrombectomy was performed using a 5 Fr Fogarty catheter, which had a troublesome distal passage. The leg recovered normal motor and sensory function. <?> which was depicted in a subsequent digital subtraction angiography and a color duplex examination Most likely, the Fogarty catheter had unintentionally perforated the anterior tibial artery passing into one of the adjacent anterior tibial veins. The patient was managed conservatively, and the arteriovenous fistula was found to be spontaneously thrombosed in a three\u2010month follow\u2010up (Video\u00a0S1). <?>",
            "groundtruth": "fistula",
            "evidence": [
                "Surprisingly, a handheld Doppler device obtained a continuous machinery bruit in the anterior tibial artery/veins, suggesting an arteriovenous fistula, which was depicted in a subsequent digital subtraction angiography and a color duplex examination (Video\u00a0S1)."
            ]
        },
        "multiround_dict": {
            "question1": "I am A 75\u2010year\u2010old man A 75\u2010year\u2010old man presented with an immediately threatened grade IIb acute ischemia of the left leg due to thrombosis of a femoro\u2010infrapopliteal prosthetic bypass graft. After an urgent computed tomography angiography, an urgent graft thrombectomy was performed using a 5 Fr Fogarty catheter, which had a troublesome distal passage. The leg recovered normal motor and sensory function. <?> Most likely, the Fogarty catheter had unintentionally perforated the anterior tibial artery passing into one of the adjacent anterior tibial veins. The patient was managed conservatively, and the arteriovenous fistula was found to be spontaneously thrombosed in a three\u2010month follow\u2010up (Video\u00a0S1).. Could you consider all possible diseases based on my information?",
            "question2": "I also have done some examination,which was depicted in a subsequent digital subtraction angiography and a color duplex examination <?>. Could you narrow down to a specific disease based on the examination? Only give me the disease name, and if there are different names for the same disease, list them separated by commas.",
            "groundtruth": "fistula",
            "evidence": [
                "Surprisingly, a handheld Doppler device obtained a continuous machinery bruit in the anterior tibial artery/veins, suggesting an arteriovenous fistula, which was depicted in a subsequent digital subtraction angiography and a color duplex examination (Video\u00a0S1)."
            ]
        }
    }
}