{
    "case": {
        "1": {
            "question": " Describe the patient personal information.  ",
            "answer": " A 62\u2009year-old male had displayed bradykinesia and tremor of his right limbs for one year, during which he was able to perform limited fine movements such as dressing himself, lacing up his shoes and brushing his teeth. He had had a history of hypertension and took a daily dose of 5\u2009mg amlodipine. The patient had no history of any other chronic illnesses and was not on any other type of medication. \n",
            "cleaned_answer": [
                "A 62\u2009year-old male had displayed bradykinesia and tremor of his right limbs for one year, during which he was able to perform limited fine movements such as dressing himself, lacing up his shoes and brushing his teeth.",
                "He had had a history of hypertension and took a daily dose of 5\u2009mg amlodipine.",
                "The patient had no history of any other chronic illnesses and was not on any other type of medication."
            ],
            "cleaned_answer_idx": [
                0,
                2,
                3
            ]
        },
        "2": {
            "question": " Describe the patient experience.  ",
            "answer": " A 62\u2009year-old male had displayed bradykinesia and tremor of his right limbs for one year, during which he was able to perform limited fine movements such as dressing himself, lacing up his shoes and brushing his teeth. His tremors were aggravated by nervousness and relieved when asleep. Initially, he received dopamine replacement therapy of 50\u2009mg piribedil per day. Although there was no significant improvement in symptoms neither did he feel any discomfort. Therefore, starting the first dose change of piribedil, he added extra 50\u2009mg to his dose. About two hours later after the first change in dose, the patient experienced symptoms of dizziness and sweating; he collapsed half an hour later. Whilst in a sitting position, the patient\u2019s BP and HR were measured immediately. The BP reading was 85/48\u2009mmHg and HR was 45 beats/min. His symptoms continued for the duration of the day with sitting BP fluctuating between 80\u201395\u2009mmHg to 45\u201368\u2009mmHg. Because his head computerized tomography examination found no abnormalities, the patient received 500\u2009mL of 0.9% sodium chloride solution, after which his symptoms improved. Due to adverse drug reactions (ADRs), the patient was started on a second dose change of piribedil, i.e. an extra dose of 25\u2009mg piribedil was to be taken in the afternoon in addition to the existing 50\u2009mg taken in the morning. After two and a half hours, the patient experienced dizziness, sweating, nausea and vomiting, with a BP reading of 70/45\u2009mmHg and a HR of 47 beats/min when sitting. His BP recovered to 105/65\u2009mmHg and HR to 60 beats/min after elevating his lower limbs and resting for 20 mins. As a result of these incidences, the patient was switched to pramipexole to replace piribedil. After taking pramipexole 0.125\u2009mg or 0.25\u2009mg three times a day (tid), the symptoms of hypotension and bradycardia disappeared but a reduced amplitude of his right arm swing was still observed. Finally, after the pramipexole dose was increased to 0.375\u2009mg tid, the patient showed marked improvements in motor symptoms. \n",
            "cleaned_answer": [
                "A 62\u2009year-old male had displayed bradykinesia and tremor of his right limbs for one year, during which he was able to perform limited fine movements such as dressing himself, lacing up his shoes and brushing his teeth.",
                "His tremors were aggravated by nervousness and relieved when asleep.",
                "Initially, he received dopamine replacement therapy of 50\u2009mg piribedil per day.",
                "Although there was no significant improvement in symptoms neither did he feel any discomfort.",
                "Therefore, starting the first dose change of piribedil, he added extra 50\u2009mg to his dose.",
                "About two hours later after the first change in dose, the patient experienced symptoms of dizziness and sweating; he collapsed half an hour later.",
                "Whilst in a sitting position, the patient\u2019s BP and HR were measured immediately.",
                "The BP reading was 85/48\u2009mmHg and HR was 45 beats/min.",
                "His symptoms continued for the duration of the day with sitting BP fluctuating between 80\u201395\u2009mmHg to 45\u201368\u2009mmHg.",
                "Because his head computerized tomography examination found no abnormalities, the patient received 500\u2009mL of 0.9% sodium chloride solution, after which his symptoms improved.",
                "Due to adverse drug reactions (ADRs), the patient was started on a second dose change of piribedil, i.e.",
                "an extra dose of 25\u2009mg piribedil was to be taken in the afternoon in addition to the existing 50\u2009mg taken in the morning.",
                "After two and a half hours, the patient experienced dizziness, sweating, nausea and vomiting, with a BP reading of 70/45\u2009mmHg and a HR of 47 beats/min when sitting.",
                "His BP recovered to 105/65\u2009mmHg and HR to 60 beats/min after elevating his lower limbs and resting for 20 mins.",
                "As a result of these incidences, the patient was switched to pramipexole to replace piribedil.",
                "After taking pramipexole 0.125\u2009mg or 0.25\u2009mg three times a day (tid), the symptoms of hypotension and bradycardia disappeared but a reduced amplitude of his right arm swing was still observed.",
                "Finally, after the pramipexole dose was increased to 0.375\u2009mg tid, the patient showed marked improvements in motor symptoms."
            ],
            "cleaned_answer_idx": [
                0,
                1,
                7,
                8,
                9,
                10,
                11,
                12,
                13,
                14,
                15,
                16,
                17,
                18,
                19,
                20,
                21
            ]
        },
        "3": {
            "question": " Did you notice any symptoms, such as a fever, cough, or respiratory issues?  ",
            "answer": " $No$ \n",
            "cleaned_answer": [
                "$No$"
            ],
            "cleaned_answer_idx": [
                "$$"
            ]
        },
        "4": {
            "question": " What's the diagnosis?  ",
            "answer": " He was diagnosed with PD based on the Movement Disorder Society clinical diagnostic criteria [4]. \n",
            "cleaned_answer": [
                "He was diagnosed with PD based on the Movement Disorder Society clinical diagnostic criteria [4]."
            ],
            "cleaned_answer_idx": [
                6
            ]
        },
        "5": {
            "question": " What's the direct evidence that points to this diagnosis?  ",
            "answer": " $No$ \n",
            "cleaned_answer": [
                "$No$"
            ],
            "cleaned_answer_idx": [
                "$$"
            ]
        },
        "6": {
            "question": " What\u2019s the imaging (only provided the figure explanation here) suggest?  ",
            "answer": " Fig. 1Blood pressure and heart rate fluctuation. Abbreviations: SBP\u2009=\u2009systolic blood pressure, DBP\u2009=\u2009diastolic blood pressure, HR\u2009=\u2009heart rate \n",
            "cleaned_answer": [
                "Fig.",
                "1Blood pressure and heart rate fluctuation.",
                "Abbreviations: SBP\u2009=\u2009systolic blood pressure, DBP\u2009=\u2009diastolic blood pressure, HR\u2009=\u2009heart rate"
            ],
            "cleaned_answer_idx": [
                22,
                24,
                25
            ]
        },
        "7": {
            "question": " What\u2019s the examination suggest?  ",
            "answer": " Because his head computerized tomography examination found no abnormalities, the patient received 500\u2009mL of 0.9% sodium chloride solution, after which his symptoms improved. \n",
            "cleaned_answer": [
                "Because his head computerized tomography examination found no abnormalities, the patient received 500\u2009mL of 0.9% sodium chloride solution, after which his symptoms improved."
            ],
            "cleaned_answer_idx": [
                14
            ]
        },
        "8": {
            "question": " Is there any suggestion?  ",
            "answer": " $No$\u201d",
            "cleaned_answer": [
                "$No$\u201d"
            ],
            "cleaned_answer_idx": [
                "$$"
            ]
        },
        "oneround_dict": {
            "input": "A 62\u2009year-old male had displayed bradykinesia and tremor of his right limbs for one year, during which he was able to perform limited fine movements such as dressing himself, lacing up his shoes and brushing his teeth. His tremors were aggravated by nervousness and relieved when asleep. He had had a history of hypertension and took a daily dose of 5\u2009mg amlodipine. The patient had no history of any other chronic illnesses and was not on any other type of medication.",
            "groundtruth": "PD",
            "evidence": [
                "He was diagnosed with PD based on the Movement Disorder Society clinical diagnostic criteria [4]."
            ]
        },
        "multiround_dict": {
            "question": "I am A 62\u2009year-old male had displayed bradykinesia and tremor of his right limbs for one year, during which he was able to perform limited fine movements such as dressing himself, lacing up his shoes and brushing his teeth. His tremors were aggravated by nervousness and relieved when asleep. He had had a history of hypertension and took a daily dose of 5\u2009mg amlodipine. The patient had no history of any other chronic illnesses and was not on any other type of medication.. Could you consider all possible diseases based on my information? And then narrow down to a specific disease based on the examination? Only give me the disease name, and if there are different names for the same disease, list them separated by commas.",
            "groundtruth": "PD",
            "evidence": [
                "He was diagnosed with PD based on the Movement Disorder Society clinical diagnostic criteria [4]."
            ]
        }
    },
    "case report": {
        "1": {
            "question": " Describe the patient personal information.  ",
            "answer": " A 10-year-old female child was referred to us from the pediatric department.\n",
            "cleaned_answer": [
                "A 10-year-old female child was referred to us from the pediatric department."
            ],
            "cleaned_answer_idx": [
                0
            ]
        },
        "2": {
            "question": " Describe the patient experience.  ",
            "answer": " She also had complaints of headache, vomiting, and one episode of seizure on arrival.\n",
            "cleaned_answer": [
                "Along with these cutaneous features, she also had complaints of headache, vomiting, and one episode of seizure on arrival."
            ],
            "cleaned_answer_idx": [
                18
            ]
        },
        "3": {
            "question": " Did you notice any symptoms, such as a fever, cough, or respiratory issues?  ",
            "answer": " $No$\n",
            "cleaned_answer": [
                "$No$"
            ],
            "cleaned_answer_idx": [
                "$$"
            ]
        },
        "4": {
            "question": " What's the diagnosis?  ",
            "answer": " Thus, reactive serological tests with significant raised titer of RPR in patient with classic clinical examination findings were pointing toward the diagnosis of late congenital syphilis.\n",
            "cleaned_answer": [
                "Thus, reactive serological tests with significant raised titer of RPR in patient with classic clinical examination findings were pointing toward the diagnosis of late congenital syphilis."
            ],
            "cleaned_answer_idx": [
                17
            ]
        },
        "5": {
            "question": " What's the direct evidence that points to this diagnosis?  ",
            "answer": " Treponema Pallidum Haemagglutination Assay test was positive, and rapid plasma reagin (RPR) titer of the patient was >1:256, thus confirming late congenital syphilis.\n",
            "cleaned_answer": [
                "Treponema Pallidum Haemagglutination Assay test was positive, and rapid plasma reagin (RPR) titer of the patient was >1:256, thus confirming late congenital syphilis."
            ],
            "cleaned_answer_idx": [
                13
            ]
        },
        "6": {
            "question": " What\u2019s the imaging (only provided the figure explanation here) suggest?  ",
            "answer": " Abnormal anterior bowing with cortical thickening and mild periosteal reaction were noted along the right tibial shaft on radiological examination of the tibia, and X-ray of the left wrist showed mixed osteolytic sclerotic lesion at the left distal metaphyseal radius, suggesting chronic osteoperiostitis in affected bones.\n",
            "cleaned_answer": [
                "Abnormal anterior bowing with cortical thickening and mild periosteal reaction were noted along the right tibial shaft [Figure 2d] on radiological examination of the tibia, and X-ray of the left wrist showed mixed osteolytic sclerotic lesion at the left distal metaphyseal radius, suggesting chronic osteoperiostitis in affected bones [Figure 2b]."
            ],
            "cleaned_answer_idx": [
                18
            ]
        },
        "7": {
            "question": " What\u2019s the examination suggest?  ",
            "answer": " On clinical examination of the child, frontal bossing and depressed scar over the left side of the forehead and left forearm suggestive of \u201chealed gummata\u201d were noted. A single ruptured subcutaneous nodule with pus discharge was noted below chin suggesting active gumma. Examination of the oral cavity showed peg-shaped upper central incisor teeth (Hutchinson teeth) and high arched palate. Oral mucosa was normal. Clinical examination of the extremities revealed limb deformity of the left forearm and \u201cSabre shin deformity\u201d in the right leg. There were absence of any ocular findings and no neural deafness detected on audiometry. Magnetic resonance imaging of the brain was done which showed evidence of granulomatous lesion or meningioma. Cerebrospinal fluid (CSF) examination revealed raised protein, and venereal disease research laboratory test for CSF came out to be reactive.\n",
            "cleaned_answer": [
                "On clinical examination of the child, frontal bossing [Figure 1a] and depressed scar over the left side of the forehead and left forearm suggestive of \u201chealed gummata\u201d [Figure 2a] were noted.",
                "A single ruptured subcutaneous nodule with pus discharge was noted below chin suggesting active gumma.",
                "Examination of the oral cavity showed peg-shaped upper central incisor teeth (Hutchinson teeth) and high arched palate.",
                "Oral mucosa was normal.",
                "Clinical examination of the extremities revealed limb deformity of the left forearm and \u201cSabre shin deformity\u201d in the right leg.",
                "There were absence of any ocular findings and no neural deafness detected on audiometry.",
                "Magnetic resonance imaging of the brain was done which showed evidence of granulomatous lesion or meningioma.",
                "Cerebrospinal fluid (CSF) examination revealed raised protein, and venereal disease research laboratory test for CSF came out to be reactive."
            ],
            "cleaned_answer_idx": [
                18,
                3,
                4,
                5,
                6,
                9,
                10,
                11
            ]
        },
        "8": {
            "question": " Is there any suggestion?  ",
            "answer": " The patient was started injection aqueous crystalline penicillin G 900,000 IU IV every 12 hourly for 7 days and every 8 hourly thereafter for a total of 10 days.\u201d",
            "cleaned_answer": [
                "The patient was started injection aqueous crystalline penicillin G 900,000 IU IV every 12 hourly for 7 days and every 8 hourly thereafter for a total of 10 days.\u201d"
            ],
            "cleaned_answer_idx": [
                18
            ]
        },
        "oneround_dict": {
            "input": "A 10-year-old female child was referred to us from the pediatric department. A single ruptured subcutaneous nodule with pus discharge was noted below chin suggesting active gumma. Examination of the oral cavity showed peg-shaped upper central incisor teeth (Hutchinson teeth) and high arched palate. Oral mucosa was normal. Clinical examination of the extremities revealed limb deformity of the left forearm and \u201cSabre shin deformity\u201d in the right leg. There were absence of any ocular findings and no neural deafness detected on audiometry. Magnetic resonance imaging of the brain was done which showed evidence of granulomatous lesion or meningioma. Cerebrospinal fluid (CSF) examination revealed raised protein, and venereal disease research laboratory test for CSF came out to be reactive. Treponema Pallidum Haemagglutination Assay test was positive, and rapid plasma reagin (RPR) titer of the patient was >1:256, thus confirming late congenital syphilis.",
            "groundtruth": "syphilis",
            "evidence": [
                "Thus, reactive serological tests with significant raised titer of RPR in patient with classic clinical examination findings were pointing toward the diagnosis of late congenital syphilis."
            ]
        },
        "multiround_dict": {
            "question1": "I am A 10-year-old female child was referred to us from the pediatric department.. Could you consider all possible diseases based on my information?",
            "question2": "I also have done some examination,A single ruptured subcutaneous nodule with pus discharge was noted below chin suggesting active gumma. Examination of the oral cavity showed peg-shaped upper central incisor teeth (Hutchinson teeth) and high arched palate. Oral mucosa was normal. Clinical examination of the extremities revealed limb deformity of the left forearm and \u201cSabre shin deformity\u201d in the right leg. There were absence of any ocular findings and no neural deafness detected on audiometry. Magnetic resonance imaging of the brain was done which showed evidence of granulomatous lesion or meningioma. Cerebrospinal fluid (CSF) examination revealed raised protein, and venereal disease research laboratory test for CSF came out to be reactive. Treponema Pallidum Haemagglutination Assay test was positive, and rapid plasma reagin (RPR) titer of the patient was >1:256, thus confirming late congenital syphilis.. Could you narrow down to a specific disease based on the examination? Only give me the disease name, and if there are different names for the same disease, list them separated by commas.",
            "groundtruth": "syphilis",
            "evidence": [
                "Thus, reactive serological tests with significant raised titer of RPR in patient with classic clinical examination findings were pointing toward the diagnosis of late congenital syphilis."
            ]
        }
    }
}